customer_key,segment,signup_year
1,Consumer,2025
2,Consumer,2021
3,Consumer,2023
4,Consumer,2022
5,Consumer,2021
6,Consumer,2021
7,Consumer,2025
8,Consumer,2025
9,Consumer,2020
10,Consumer,2022
11,Consumer,2019
12,Consumer,2021
13,Consumer,2025
14,Consumer,2023
15,Small Business,2022
16,Consumer,2024
17,Consumer,2022
18,Consumer,2022
19,Consumer,2019
20,Consumer,2019
21,Small Business,2022
22,Small Business,2019
23,Small Business,2019
24,Consumer,2021
25,Consumer,2022
26,Small Business,2024
27,Consumer,2025
28,Small Business,2023
29,Consumer,2025
30,Consumer,2021
31,Consumer,2023
32,Small Business,2019
33,Consumer,2019
34,Consumer,2023
35,Consumer,2021
36,Consumer,2022
37,Consumer,2025
38,Small Business,2024
39,Consumer,2021
40,Small Business,2023
41,Small Business,2025
42,Consumer,2020
43,Consumer,2022
44,Consumer,2024
45,Consumer,2023
46,Consumer,2022
47,Enterprise,2022
48,Enterprise,2023
49,Small Business,2022
50,Consumer,2021
51,Consumer,2025
52,Consumer,2024
53,Consumer,2023
54,Consumer,2020
55,Consumer,2022
56,Consumer,2020
57,Consumer,2020
58,Consumer,2020
59,Consumer,2020
60,Small Business,2024
61,Enterprise,2022
62,Consumer,2024
63,Small Business,2025
64,Enterprise,2020
65,Consumer,2020
66,Consumer,2020
67,Consumer,2019
68,Consumer,2019
69,Small Business,2023
70,Consumer,2023
71,Consumer,2021
72,Consumer,2022
73,Consumer,2020
74,Small Business,2023
75,Consumer,2023
76,Consumer,2023
77,Consumer,2022
78,Consumer,2024
79,Consumer,2019
80,Consumer,2021
81,Consumer,2019
82,Consumer,2024
83,Small Business,2019
84,Consumer,2022
85,Consumer,2020
86,Consumer,2023
87,Small Business,2021
88,Consumer,2022
89,Consumer,2025
90,Consumer,2025
91,Consumer,2021
92,Small Business,2021
93,Consumer,2021
94,Small Business,2023
95,Small Business,2025
96,Consumer,2023
97,Small Business,2022
98,Consumer,2025
99,Small Business,2020
100,Consumer,2019
101,Consumer,2019
102,Consumer,2023
103,Consumer,2025
104,Consumer,2020
105,Small Business,2024
106,Consumer,2025
107,Consumer,2025
108,Consumer,2024
109,Consumer,2021
110,Consumer,2023
111,Small Business,2022
112,Consumer,2022
113,Consumer,2023
114,Consumer,2023
115,Consumer,2024
116,Consumer,2022
117,Consumer,2023
118,Consumer,2021
119,Enterprise,2022
120,Consumer,2024
121,Consumer,2024
122,Small Business,2022
123,Small Business,2022
124,Small Business,2020
125,Enterprise,2021
126,Small Business,2023
127,Small Business,2019
128,Consumer,2019
129,Small Business,2023
130,Consumer,2024
131,Consumer,2025
132,Consumer,2022
133,Enterprise,2019
134,Enterprise,2023
135,Consumer,2021
136,Small Business,2020
137,Small Business,2023
138,Consumer,2024
139,Consumer,2019
140,Consumer,2024
141,Small Business,2023
142,Consumer,2024
143,Enterprise,2023
144,Consumer,2022
145,Enterprise,2021
146,Consumer,2023
147,Small Business,2020
148,Consumer,2022
149,Consumer,2024
150,Small Business,2020
151,Small Business,2019
152,Small Business,2019
153,Consumer,2022
154,Consumer,2021
155,Consumer,2023
156,Consumer,2024
157,Consumer,2025
158,Consumer,2021
159,Small Business,2019
160,Small Business,2024
161,Small Business,2019
162,Small Business,2023
163,Consumer,2020
164,Consumer,2021
165,Consumer,2019
166,Small Business,2019
167,Consumer,2020
168,Consumer,2022
169,Consumer,2021
170,Consumer,2021
171,Consumer,2019
172,Small Business,2019
173,Consumer,2024
174,Consumer,2024
175,Small Business,2024
176,Consumer,2025
177,Small Business,2024
178,Consumer,2019
179,Consumer,2024
180,Consumer,2020
181,Consumer,2024
182,Small Business,2023
183,Consumer,2024
184,Consumer,2025
185,Consumer,2023
186,Consumer,2025
187,Small Business,2022
188,Enterprise,2025
189,Consumer,2019
190,Consumer,2022
191,Consumer,2024
192,Consumer,2025
193,Enterprise,2025
194,Consumer,2021
195,Consumer,2023
196,Consumer,2019
197,Small Business,2019
198,Consumer,2023
199,Consumer,2021
200,Consumer,2022
201,Consumer,2020
202,Consumer,2024
203,Consumer,2019
204,Consumer,2023
205,Consumer,2023
206,Consumer,2024
207,Consumer,2020
208,Enterprise,2021
209,Small Business,2022
210,Consumer,2021
211,Consumer,2024
212,Small Business,2024
213,Consumer,2024
214,Consumer,2022
215,Small Business,2023
216,Consumer,2020
217,Small Business,2020
218,Consumer,2021
219,Consumer,2020
220,Consumer,2024
221,Consumer,2020
222,Consumer,2025
223,Consumer,2021
224,Small Business,2024
225,Consumer,2019
226,Consumer,2024
227,Small Business,2022
228,Small Business,2024
229,Consumer,2020
230,Consumer,2020
231,Enterprise,2025
232,Consumer,2023
233,Small Business,2022
234,Small Business,2023
235,Small Business,2021
236,Consumer,2025
237,Consumer,2022
238,Consumer,2019
239,Consumer,2021
240,Enterprise,2025
241,Consumer,2022
242,Consumer,2024
243,Consumer,2019
244,Enterprise,2019
245,Consumer,2020
246,Consumer,2022
247,Consumer,2023
248,Consumer,2019
249,Consumer,2025
250,Consumer,2023
251,Consumer,2021
252,Consumer,2022
253,Consumer,2022
254,Consumer,2024
255,Consumer,2019
256,Consumer,2023
257,Consumer,2022
258,Consumer,2024
259,Consumer,2021
260,Consumer,2021
261,Consumer,2024
262,Consumer,2024
263,Small Business,2024
264,Consumer,2025
265,Consumer,2019
266,Consumer,2023
267,Consumer,2023
268,Consumer,2020
269,Small Business,2022
270,Small Business,2025
271,Consumer,2019
272,Consumer,2024
273,Consumer,2021
274,Consumer,2024
275,Consumer,2022
276,Consumer,2019
277,Consumer,2019
278,Small Business,2024
279,Consumer,2024
280,Consumer,2020
281,Consumer,2023
282,Consumer,2022
283,Consumer,2019
284,Consumer,2023
285,Small Business,2020
286,Consumer,2021
287,Consumer,2019
288,Consumer,2020
289,Consumer,2025
290,Consumer,2022
291,Consumer,2024
292,Consumer,2021
293,Consumer,2019
294,Small Business,2023
295,Consumer,2020
296,Small Business,2019
297,Consumer,2022
298,Consumer,2021
299,Small Business,2019
300,Small Business,2023
301,Consumer,2022
302,Small Business,2025
303,Consumer,2019
304,Consumer,2022
305,Enterprise,2024
306,Consumer,2021
307,Small Business,2020
308,Consumer,2025
309,Small Business,2021
310,Consumer,2025
311,Consumer,2024
312,Consumer,2023
313,Consumer,2024
314,Consumer,2022
315,Consumer,2023
316,Consumer,2020
317,Consumer,2019
318,Consumer,2023
319,Small Business,2024
320,Consumer,2024
321,Small Business,2024
322,Consumer,2025
323,Small Business,2023
324,Consumer,2020
325,Consumer,2020
326,Consumer,2020
327,Consumer,2025
328,Consumer,2025
329,Consumer,2024
330,Enterprise,2025
331,Consumer,2021
332,Consumer,2024
333,Enterprise,2020
334,Consumer,2019
335,Consumer,2023
336,Small Business,2023
337,Small Business,2023
338,Consumer,2022
339,Consumer,2023
340,Consumer,2021
341,Consumer,2021
342,Consumer,2020
343,Consumer,2021
344,Consumer,2021
345,Small Business,2020
346,Consumer,2022
347,Consumer,2021
348,Consumer,2020
349,Small Business,2025
350,Consumer,2022
351,Consumer,2019
352,Consumer,2019
353,Consumer,2019
354,Consumer,2021
355,Small Business,2020
356,Consumer,2025
357,Small Business,2022
358,Enterprise,2024
359,Consumer,2020
360,Consumer,2019
361,Consumer,2021
362,Small Business,2023
363,Consumer,2024
364,Consumer,2020
365,Consumer,2021
366,Small Business,2022
367,Consumer,2021
368,Consumer,2021
369,Consumer,2025
370,Enterprise,2025
371,Consumer,2021
372,Consumer,2019
373,Small Business,2021
374,Small Business,2025
375,Consumer,2025
376,Consumer,2023
377,Small Business,2023
378,Small Business,2021
379,Consumer,2022
380,Consumer,2025
381,Small Business,2020
382,Small Business,2021
383,Small Business,2025
384,Consumer,2023
385,Consumer,2019
386,Small Business,2024
387,Small Business,2019
388,Small Business,2021
389,Consumer,2025
390,Consumer,2019
391,Small Business,2020
392,Consumer,2025
393,Enterprise,2023
394,Consumer,2020
395,Consumer,2021
396,Small Business,2025
397,Consumer,2023
398,Consumer,2021
399,Consumer,2020
400,Consumer,2021
401,Consumer,2021
402,Consumer,2022
403,Small Business,2019
404,Consumer,2022
405,Consumer,2020
406,Consumer,2025
407,Consumer,2020
408,Consumer,2020
409,Consumer,2021
410,Consumer,2023
411,Consumer,2024
412,Enterprise,2021
413,Consumer,2023
414,Consumer,2019
415,Small Business,2020
416,Small Business,2021
417,Consumer,2023
418,Consumer,2022
419,Consumer,2022
420,Consumer,2023
421,Consumer,2020
422,Consumer,2020
423,Consumer,2023
424,Consumer,2025
425,Enterprise,2019
426,Consumer,2021
427,Consumer,2025
428,Consumer,2024
429,Consumer,2020
430,Consumer,2019
431,Small Business,2022
432,Small Business,2023
433,Small Business,2020
434,Enterprise,2021
435,Enterprise,2023
436,Enterprise,2022
437,Consumer,2020
438,Consumer,2024
439,Consumer,2025
440,Consumer,2024
441,Consumer,2025
442,Small Business,2021
443,Consumer,2019
444,Consumer,2024
445,Consumer,2022
446,Consumer,2021
447,Consumer,2020
448,Small Business,2019
449,Consumer,2020
450,Small Business,2023
451,Consumer,2020
452,Consumer,2025
453,Consumer,2022
454,Small Business,2019
455,Small Business,2023
456,Consumer,2023
457,Enterprise,2020
458,Consumer,2024
459,Small Business,2024
460,Consumer,2023
461,Consumer,2019
462,Small Business,2022
463,Consumer,2025
464,Consumer,2020
465,Consumer,2025
466,Consumer,2020
467,Consumer,2023
468,Small Business,2021
469,Small Business,2019
470,Consumer,2023
471,Consumer,2022
472,Consumer,2021
473,Consumer,2020
474,Consumer,2022
475,Enterprise,2019
476,Small Business,2023
477,Small Business,2019
478,Consumer,2020
479,Consumer,2022
480,Consumer,2024
481,Consumer,2021
482,Consumer,2023
483,Consumer,2025
484,Consumer,2023
485,Enterprise,2024
486,Consumer,2022
487,Enterprise,2020
488,Consumer,2021
489,Consumer,2021
490,Consumer,2022
491,Consumer,2020
492,Consumer,2024
493,Consumer,2020
494,Small Business,2023
495,Consumer,2022
496,Consumer,2024
497,Consumer,2020
498,Consumer,2020
499,Consumer,2020
500,Consumer,2024
501,Enterprise,2020
502,Small Business,2021
503,Small Business,2019
504,Consumer,2020
505,Consumer,2024
506,Small Business,2019
507,Consumer,2025
508,Consumer,2024
509,Consumer,2025
510,Small Business,2023
511,Consumer,2023
512,Small Business,2024
513,Small Business,2023
514,Consumer,2022
515,Small Business,2021
516,Consumer,2025
517,Consumer,2021
518,Consumer,2022
519,Enterprise,2019
520,Consumer,2023
521,Consumer,2019
522,Consumer,2019
523,Consumer,2021
524,Consumer,2023
525,Consumer,2024
526,Consumer,2023
527,Small Business,2023
528,Consumer,2020
529,Small Business,2019
530,Consumer,2019
531,Consumer,2019
532,Consumer,2021
533,Consumer,2024
534,Enterprise,2019
535,Consumer,2021
536,Consumer,2023
537,Consumer,2019
538,Small Business,2022
539,Consumer,2021
540,Consumer,2025
541,Small Business,2022
542,Small Business,2022
543,Enterprise,2024
544,Consumer,2024
545,Consumer,2022
546,Consumer,2023
547,Enterprise,2021
548,Consumer,2023
549,Small Business,2021
550,Consumer,2021
551,Consumer,2024
552,Consumer,2021
553,Consumer,2022
554,Small Business,2019
555,Consumer,2021
556,Consumer,2023
557,Consumer,2022
558,Consumer,2021
559,Consumer,2019
560,Consumer,2022
561,Consumer,2021
562,Consumer,2025
563,Consumer,2019
564,Consumer,2023
565,Consumer,2021
566,Consumer,2020
567,Consumer,2023
568,Small Business,2022
569,Small Business,2019
570,Consumer,2023
571,Consumer,2020
572,Consumer,2024
573,Consumer,2020
574,Consumer,2024
575,Consumer,2021
576,Consumer,2021
577,Small Business,2019
578,Consumer,2025
579,Consumer,2022
580,Consumer,2020
581,Enterprise,2019
582,Consumer,2020
583,Consumer,2022
584,Consumer,2019
585,Consumer,2021
586,Enterprise,2021
587,Consumer,2025
588,Consumer,2021
589,Consumer,2019
590,Consumer,2020
591,Small Business,2024
592,Consumer,2019
593,Consumer,2019
594,Small Business,2019
595,Small Business,2019
596,Consumer,2025
597,Consumer,2025
598,Consumer,2024
599,Consumer,2019
600,Consumer,2023
601,Consumer,2024
602,Small Business,2024
603,Small Business,2024
604,Small Business,2023
605,Enterprise,2022
606,Small Business,2019
607,Small Business,2024
608,Small Business,2025
609,Consumer,2022
610,Consumer,2022
611,Consumer,2025
612,Consumer,2022
613,Consumer,2021
614,Consumer,2025
615,Consumer,2025
616,Consumer,2020
617,Consumer,2020
618,Small Business,2021
619,Small Business,2020
620,Consumer,2024
621,Consumer,2025
622,Consumer,2022
623,Small Business,2023
624,Small Business,2021
625,Consumer,2025
626,Small Business,2025
627,Consumer,2024
628,Consumer,2025
629,Enterprise,2019
630,Consumer,2025
631,Consumer,2021
632,Consumer,2020
633,Consumer,2025
634,Small Business,2024
635,Enterprise,2019
636,Consumer,2023
637,Consumer,2025
638,Small Business,2023
639,Consumer,2022
640,Small Business,2019
641,Consumer,2022
642,Consumer,2022
643,Small Business,2024
644,Consumer,2020
645,Consumer,2020
646,Consumer,2025
647,Consumer,2024
648,Consumer,2022
649,Consumer,2022
650,Enterprise,2023
651,Enterprise,2020
652,Consumer,2020
653,Consumer,2022
654,Small Business,2021
655,Enterprise,2020
656,Consumer,2022
657,Consumer,2023
658,Consumer,2024
659,Consumer,2023
660,Consumer,2023
661,Consumer,2022
662,Small Business,2019
663,Small Business,2021
664,Small Business,2022
665,Consumer,2022
666,Consumer,2021
667,Small Business,2024
668,Small Business,2022
669,Consumer,2021
670,Small Business,2022
671,Consumer,2023
672,Small Business,2019
673,Consumer,2021
674,Consumer,2020
675,Consumer,2021
676,Consumer,2023
677,Consumer,2020
678,Consumer,2022
679,Consumer,2021
680,Small Business,2019
681,Consumer,2025
682,Consumer,2023
683,Small Business,2021
684,Consumer,2022
685,Consumer,2025
686,Small Business,2020
687,Small Business,2024
688,Consumer,2019
689,Small Business,2025
690,Consumer,2021
691,Consumer,2021
692,Small Business,2024
693,Consumer,2020
694,Small Business,2019
695,Consumer,2022
696,Small Business,2025
697,Consumer,2021
698,Consumer,2022
699,Consumer,2021
700,Consumer,2024
701,Small Business,2025
702,Consumer,2025
703,Consumer,2020
704,Consumer,2020
705,Consumer,2025
706,Small Business,2023
707,Consumer,2021
708,Enterprise,2021
709,Consumer,2020
710,Consumer,2019
711,Consumer,2021
712,Consumer,2024
713,Small Business,2023
714,Enterprise,2019
715,Small Business,2019
716,Consumer,2025
717,Consumer,2024
718,Consumer,2024
719,Consumer,2025
720,Small Business,2023
721,Consumer,2021
722,Consumer,2023
723,Small Business,2023
724,Consumer,2024
725,Consumer,2022
726,Consumer,2019
727,Consumer,2023
728,Consumer,2024
729,Consumer,2025
730,Consumer,2020
731,Small Business,2025
732,Small Business,2019
733,Consumer,2024
734,Consumer,2021
735,Consumer,2019
736,Consumer,2021
737,Consumer,2022
738,Consumer,2020
739,Consumer,2022
740,Consumer,2023
741,Consumer,2025
742,Consumer,2022
743,Small Business,2023
744,Consumer,2025
745,Consumer,2019
746,Small Business,2024
747,Consumer,2025
748,Consumer,2024
749,Small Business,2025
750,Consumer,2025
751,Consumer,2023
752,Consumer,2024
753,Consumer,2021
754,Consumer,2019
755,Consumer,2019
756,Consumer,2020
757,Consumer,2024
758,Consumer,2021
759,Consumer,2024
760,Consumer,2021
761,Small Business,2024
762,Consumer,2025
763,Consumer,2021
764,Consumer,2022
765,Consumer,2022
766,Consumer,2025
767,Consumer,2021
768,Consumer,2021
769,Small Business,2024
770,Small Business,2025
771,Consumer,2019
772,Consumer,2019
773,Consumer,2025
774,Consumer,2022
775,Consumer,2022
776,Small Business,2025
777,Small Business,2021
778,Small Business,2022
779,Consumer,2024
780,Enterprise,2024
781,Consumer,2023
782,Consumer,2021
783,Consumer,2023
784,Enterprise,2024
785,Consumer,2025
786,Small Business,2023
787,Consumer,2025
788,Enterprise,2024
789,Consumer,2024
790,Consumer,2022
791,Enterprise,2022
792,Consumer,2023
793,Consumer,2025
794,Consumer,2022
795,Consumer,2023
796,Consumer,2022
797,Consumer,2023
798,Consumer,2023
799,Small Business,2019
800,Consumer,2019
801,Consumer,2019
802,Consumer,2024
803,Consumer,2025
804,Consumer,2021
805,Small Business,2019
806,Small Business,2019
807,Consumer,2022
808,Consumer,2023
809,Consumer,2021
810,Consumer,2023
811,Consumer,2020
812,Consumer,2024
813,Consumer,2021
814,Consumer,2025
815,Consumer,2024
816,Consumer,2022
817,Consumer,2025
818,Consumer,2025
819,Small Business,2020
820,Consumer,2023
821,Consumer,2023
822,Consumer,2021
823,Small Business,2025
824,Consumer,2023
825,Small Business,2024
826,Small Business,2020
827,Consumer,2025
828,Consumer,2025
829,Consumer,2025
830,Enterprise,2022
831,Consumer,2025
832,Small Business,2019
833,Consumer,2020
834,Consumer,2023
835,Consumer,2024
836,Consumer,2019
837,Consumer,2021
838,Consumer,2019
839,Small Business,2019
840,Small Business,2019
841,Consumer,2025
842,Consumer,2025
843,Consumer,2023
844,Small Business,2019
845,Consumer,2024
846,Small Business,2022
847,Consumer,2024
848,Consumer,2022
849,Consumer,2019
850,Consumer,2025
851,Small Business,2025
852,Consumer,2025
853,Consumer,2023
854,Enterprise,2025
855,Enterprise,2019
856,Small Business,2021
857,Consumer,2021
858,Consumer,2022
859,Small Business,2019
860,Consumer,2024
861,Consumer,2021
862,Small Business,2019
863,Consumer,2020
864,Consumer,2019
865,Enterprise,2023
866,Consumer,2025
867,Consumer,2019
868,Consumer,2019
869,Consumer,2025
870,Consumer,2021
871,Small Business,2019
872,Small Business,2020
873,Consumer,2023
874,Consumer,2019
875,Small Business,2021
876,Consumer,2025
877,Consumer,2022
878,Consumer,2020
879,Consumer,2024
880,Consumer,2022
881,Consumer,2021
882,Consumer,2020
883,Consumer,2024
884,Consumer,2022
885,Consumer,2022
886,Consumer,2024
887,Consumer,2021
888,Consumer,2023
889,Consumer,2020
890,Consumer,2023
891,Consumer,2022
892,Enterprise,2022
893,Consumer,2021
894,Small Business,2019
895,Enterprise,2025
896,Consumer,2021
897,Consumer,2024
898,Small Business,2025
899,Consumer,2022
900,Consumer,2024
901,Consumer,2022
902,Consumer,2019
903,Consumer,2025
904,Enterprise,2024
905,Enterprise,2022
906,Consumer,2024
907,Consumer,2023
908,Consumer,2024
909,Small Business,2019
910,Consumer,2024
911,Small Business,2020
912,Small Business,2025
913,Consumer,2025
914,Consumer,2019
915,Small Business,2023
916,Consumer,2021
917,Consumer,2020
918,Small Business,2025
919,Consumer,2021
920,Consumer,2022
921,Consumer,2021
922,Consumer,2023
923,Enterprise,2020
924,Consumer,2021
925,Consumer,2023
926,Consumer,2020
927,Enterprise,2024
928,Consumer,2025
929,Small Business,2023
930,Consumer,2021
931,Small Business,2020
932,Enterprise,2022
933,Small Business,2022
934,Enterprise,2020
935,Consumer,2021
936,Small Business,2025
937,Consumer,2020
938,Consumer,2020
939,Small Business,2021
940,Enterprise,2025
941,Consumer,2021
942,Consumer,2021
943,Consumer,2021
944,Consumer,2025
945,Consumer,2021
946,Consumer,2021
947,Consumer,2021
948,Consumer,2025
949,Small Business,2023
950,Consumer,2023
951,Small Business,2020
952,Consumer,2019
953,Consumer,2019
954,Consumer,2021
955,Consumer,2024
956,Enterprise,2024
957,Consumer,2024
958,Consumer,2023
959,Small Business,2022
960,Enterprise,2021
961,Consumer,2024
962,Consumer,2020
963,Consumer,2019
964,Consumer,2024
965,Consumer,2022
966,Consumer,2023
967,Small Business,2025
968,Consumer,2023
969,Consumer,2024
970,Consumer,2022
971,Small Business,2021
972,Consumer,2021
973,Small Business,2025
974,Enterprise,2021
975,Consumer,2025
976,Consumer,2019
977,Consumer,2021
978,Consumer,2025
979,Enterprise,2023
980,Consumer,2021
981,Small Business,2020
982,Consumer,2022
983,Consumer,2025
984,Consumer,2021
985,Consumer,2022
986,Consumer,2021
987,Consumer,2025
988,Consumer,2023
989,Small Business,2023
990,Consumer,2023
991,Small Business,2021
992,Consumer,2024
993,Consumer,2023
994,Consumer,2019
995,Consumer,2021
996,Consumer,2025
997,Consumer,2020
998,Enterprise,2025
999,Consumer,2024
1000,Consumer,2025
1001,Consumer,2024
1002,Consumer,2019
1003,Consumer,2020
1004,Consumer,2022
1005,Consumer,2021
1006,Consumer,2025
1007,Enterprise,2024
1008,Consumer,2024
1009,Small Business,2025
1010,Consumer,2019
1011,Consumer,2023
1012,Small Business,2025
1013,Consumer,2025
1014,Small Business,2024
1015,Consumer,2024
1016,Consumer,2024
1017,Small Business,2019
1018,Consumer,2021
1019,Consumer,2025
1020,Consumer,2023
1021,Consumer,2020
1022,Enterprise,2024
1023,Consumer,2019
1024,Consumer,2021
1025,Small Business,2024
1026,Consumer,2024
1027,Small Business,2022
1028,Consumer,2020
1029,Consumer,2022
1030,Small Business,2020
1031,Consumer,2025
1032,Consumer,2025
1033,Consumer,2024
1034,Small Business,2021
1035,Small Business,2020
1036,Consumer,2019
1037,Consumer,2021
1038,Enterprise,2024
1039,Consumer,2021
1040,Consumer,2024
1041,Consumer,2020
1042,Consumer,2024
1043,Small Business,2019
1044,Small Business,2021
1045,Consumer,2020
1046,Consumer,2023
1047,Consumer,2020
1048,Consumer,2019
1049,Consumer,2021
1050,Consumer,2019
1051,Consumer,2021
1052,Consumer,2020
1053,Consumer,2025
1054,Consumer,2022
1055,Consumer,2022
1056,Consumer,2023
1057,Small Business,2019
1058,Small Business,2019
1059,Small Business,2020
1060,Consumer,2025
1061,Small Business,2024
1062,Consumer,2025
1063,Consumer,2024
1064,Consumer,2019
1065,Consumer,2020
1066,Consumer,2024
1067,Consumer,2022
1068,Small Business,2023
1069,Consumer,2020
1070,Consumer,2022
1071,Consumer,2025
1072,Consumer,2022
1073,Consumer,2023
1074,Consumer,2024
1075,Consumer,2025
1076,Small Business,2020
1077,Small Business,2025
1078,Consumer,2023
1079,Consumer,2024
1080,Small Business,2020
1081,Enterprise,2019
1082,Consumer,2019
1083,Small Business,2021
1084,Small Business,2022
1085,Small Business,2021
1086,Consumer,2020
1087,Consumer,2024
1088,Consumer,2024
1089,Consumer,2023
1090,Consumer,2023
1091,Consumer,2024
1092,Consumer,2020
1093,Consumer,2025
1094,Small Business,2025
1095,Consumer,2021
1096,Consumer,2021
1097,Small Business,2020
1098,Small Business,2023
1099,Enterprise,2021
1100,Small Business,2020
1101,Small Business,2023
1102,Consumer,2020
1103,Consumer,2019
1104,Consumer,2025
1105,Consumer,2019
1106,Small Business,2025
1107,Consumer,2023
1108,Consumer,2021
1109,Consumer,2022
1110,Consumer,2021
1111,Consumer,2021
1112,Consumer,2023
1113,Enterprise,2025
1114,Consumer,2020
1115,Small Business,2022
1116,Consumer,2025
1117,Consumer,2019
1118,Consumer,2019
1119,Small Business,2023
1120,Consumer,2019
1121,Small Business,2025
1122,Consumer,2019
1123,Consumer,2024
1124,Small Business,2021
1125,Consumer,2025
1126,Consumer,2025
1127,Enterprise,2024
1128,Consumer,2023
1129,Consumer,2020
1130,Consumer,2019
1131,Consumer,2020
1132,Small Business,2019
1133,Small Business,2024
1134,Consumer,2021
1135,Small Business,2022
1136,Consumer,2023
1137,Consumer,2023
1138,Consumer,2023
1139,Enterprise,2024
1140,Consumer,2019
1141,Consumer,2020
1142,Consumer,2024
1143,Small Business,2024
1144,Consumer,2023
1145,Consumer,2025
1146,Small Business,2025
1147,Consumer,2019
1148,Consumer,2022
1149,Consumer,2025
1150,Consumer,2021
1151,Consumer,2019
1152,Small Business,2019
1153,Consumer,2024
1154,Consumer,2025
1155,Enterprise,2023
1156,Consumer,2019
1157,Consumer,2021
1158,Small Business,2021
1159,Consumer,2025
1160,Small Business,2022
1161,Small Business,2020
1162,Consumer,2022
1163,Consumer,2024
1164,Consumer,2023
1165,Consumer,2021
1166,Consumer,2024
1167,Consumer,2021
1168,Small Business,2019
1169,Small Business,2025
1170,Small Business,2024
1171,Consumer,2024
1172,Consumer,2025
1173,Consumer,2023
1174,Consumer,2019
1175,Enterprise,2024
1176,Consumer,2019
1177,Consumer,2023
1178,Small Business,2025
1179,Consumer,2021
1180,Consumer,2021
1181,Consumer,2025
1182,Consumer,2022
1183,Small Business,2025
1184,Consumer,2021
1185,Small Business,2020
1186,Small Business,2022
1187,Small Business,2021
1188,Consumer,2023
1189,Consumer,2021
1190,Small Business,2024
1191,Consumer,2021
1192,Consumer,2021
1193,Small Business,2023
1194,Consumer,2020
1195,Small Business,2020
1196,Small Business,2022
1197,Small Business,2021
1198,Consumer,2021
1199,Small Business,2021
1200,Consumer,2023
1201,Small Business,2021
1202,Small Business,2023
1203,Small Business,2020
1204,Consumer,2025
1205,Consumer,2025
1206,Consumer,2019
1207,Consumer,2019
1208,Consumer,2019
1209,Consumer,2020
1210,Consumer,2024
1211,Small Business,2020
1212,Small Business,2023
1213,Consumer,2020
1214,Small Business,2019
1215,Consumer,2019
1216,Consumer,2025
1217,Consumer,2022
1218,Small Business,2023
1219,Enterprise,2020
1220,Small Business,2022
1221,Small Business,2023
1222,Enterprise,2024
1223,Consumer,2023
1224,Consumer,2023
1225,Consumer,2023
1226,Enterprise,2021
1227,Consumer,2023
1228,Consumer,2021
1229,Small Business,2024
1230,Consumer,2022
1231,Small Business,2023
1232,Consumer,2022
1233,Enterprise,2022
1234,Small Business,2023
1235,Consumer,2020
1236,Small Business,2022
1237,Consumer,2021
1238,Consumer,2019
1239,Consumer,2024
1240,Small Business,2023
1241,Consumer,2019
1242,Consumer,2019
1243,Consumer,2025
1244,Consumer,2024
1245,Consumer,2024
1246,Consumer,2023
1247,Consumer,2024
1248,Small Business,2023
1249,Consumer,2019
1250,Consumer,2022
1251,Enterprise,2021
1252,Consumer,2020
1253,Small Business,2025
1254,Consumer,2023
1255,Small Business,2025
1256,Small Business,2019
1257,Small Business,2025
1258,Consumer,2023
1259,Consumer,2022
1260,Small Business,2020
1261,Consumer,2023
1262,Consumer,2023
1263,Consumer,2023
1264,Enterprise,2020
1265,Consumer,2023
1266,Consumer,2019
1267,Small Business,2019
1268,Consumer,2022
1269,Consumer,2019
1270,Consumer,2023
1271,Consumer,2022
1272,Consumer,2020
1273,Small Business,2020
1274,Small Business,2022
1275,Consumer,2023
1276,Consumer,2024
1277,Consumer,2023
1278,Enterprise,2022
1279,Small Business,2023
1280,Small Business,2023
1281,Consumer,2021
1282,Consumer,2020
1283,Consumer,2022
1284,Consumer,2019
1285,Consumer,2020
1286,Consumer,2020
1287,Enterprise,2022
1288,Consumer,2025
1289,Consumer,2025
1290,Small Business,2019
1291,Consumer,2024
1292,Small Business,2020
1293,Consumer,2025
1294,Small Business,2020
1295,Consumer,2019
1296,Consumer,2024
1297,Consumer,2024
1298,Consumer,2021
1299,Consumer,2022
1300,Consumer,2024
1301,Consumer,2024
1302,Small Business,2021
1303,Consumer,2024
1304,Consumer,2024
1305,Consumer,2024
1306,Small Business,2025
1307,Consumer,2024
1308,Consumer,2022
1309,Small Business,2021
1310,Consumer,2025
1311,Small Business,2022
1312,Consumer,2025
1313,Consumer,2025
1314,Consumer,2019
1315,Small Business,2019
1316,Consumer,2022
1317,Consumer,2019
1318,Consumer,2023
1319,Consumer,2019
1320,Consumer,2024
1321,Consumer,2021
1322,Consumer,2023
1323,Consumer,2022
1324,Consumer,2023
1325,Consumer,2023
1326,Consumer,2021
1327,Consumer,2024
1328,Consumer,2024
1329,Consumer,2021
1330,Consumer,2019
1331,Consumer,2022
1332,Consumer,2023
1333,Small Business,2024
1334,Consumer,2020
1335,Small Business,2022
1336,Consumer,2024
1337,Small Business,2022
1338,Consumer,2024
1339,Consumer,2023
1340,Consumer,2020
1341,Small Business,2020
1342,Consumer,2024
1343,Consumer,2023
1344,Consumer,2024
1345,Small Business,2021
1346,Consumer,2019
1347,Consumer,2020
1348,Consumer,2022
1349,Small Business,2019
1350,Consumer,2020
1351,Consumer,2020
1352,Enterprise,2019
1353,Consumer,2021
1354,Consumer,2024
1355,Consumer,2021
1356,Consumer,2021
1357,Consumer,2022
1358,Consumer,2023
1359,Small Business,2021
1360,Small Business,2019
1361,Consumer,2021
1362,Consumer,2019
1363,Consumer,2020
1364,Enterprise,2023
1365,Consumer,2020
1366,Consumer,2021
1367,Consumer,2021
1368,Consumer,2025
1369,Consumer,2020
1370,Small Business,2019
1371,Consumer,2022
1372,Small Business,2023
1373,Consumer,2022
1374,Small Business,2023
1375,Small Business,2025
1376,Enterprise,2023
1377,Consumer,2022
1378,Consumer,2023
1379,Consumer,2020
1380,Consumer,2020
1381,Consumer,2021
1382,Enterprise,2024
1383,Enterprise,2024
1384,Consumer,2022
1385,Consumer,2023
1386,Small Business,2024
1387,Small Business,2020
1388,Consumer,2019
1389,Consumer,2024
1390,Small Business,2019
1391,Consumer,2020
1392,Consumer,2021
1393,Enterprise,2024
1394,Enterprise,2021
1395,Small Business,2019
1396,Small Business,2019
1397,Consumer,2020
1398,Consumer,2019
1399,Consumer,2021
1400,Consumer,2019
1401,Consumer,2024
1402,Consumer,2019
1403,Consumer,2020
1404,Small Business,2019
1405,Consumer,2021
1406,Consumer,2024
1407,Consumer,2023
1408,Consumer,2025
1409,Small Business,2023
1410,Consumer,2021
1411,Consumer,2025
1412,Small Business,2020
1413,Consumer,2019
1414,Consumer,2021
1415,Consumer,2025
1416,Consumer,2024
1417,Consumer,2022
1418,Consumer,2025
1419,Consumer,2023
1420,Consumer,2020
1421,Consumer,2019
1422,Consumer,2019
1423,Small Business,2024
1424,Consumer,2021
1425,Consumer,2021
1426,Consumer,2021
1427,Consumer,2019
1428,Consumer,2019
1429,Small Business,2024
1430,Small Business,2023
1431,Consumer,2020
1432,Consumer,2019
1433,Small Business,2022
1434,Consumer,2019
1435,Consumer,2021
1436,Consumer,2024
1437,Consumer,2020
1438,Small Business,2024
1439,Consumer,2025
1440,Enterprise,2020
1441,Consumer,2023
1442,Consumer,2024
1443,Consumer,2022
1444,Consumer,2021
1445,Consumer,2025
1446,Consumer,2021
1447,Consumer,2020
1448,Consumer,2019
1449,Consumer,2025
1450,Consumer,2020
1451,Consumer,2019
1452,Consumer,2019
1453,Small Business,2021
1454,Small Business,2023
1455,Consumer,2023
1456,Consumer,2024
1457,Consumer,2023
1458,Consumer,2019
1459,Consumer,2024
1460,Consumer,2020
1461,Consumer,2025
1462,Consumer,2021
1463,Consumer,2019
1464,Consumer,2021
1465,Small Business,2022
1466,Small Business,2024
1467,Consumer,2022
1468,Small Business,2019
1469,Consumer,2019
1470,Small Business,2023
1471,Enterprise,2019
1472,Consumer,2022
1473,Small Business,2025
1474,Enterprise,2024
1475,Small Business,2023
1476,Enterprise,2021
1477,Consumer,2022
1478,Consumer,2019
1479,Small Business,2024
1480,Consumer,2019
1481,Consumer,2019
1482,Consumer,2023
1483,Consumer,2023
1484,Consumer,2022
1485,Small Business,2022
1486,Consumer,2023
1487,Small Business,2022
1488,Small Business,2019
1489,Consumer,2022
1490,Consumer,2019
1491,Consumer,2019
1492,Enterprise,2022
1493,Small Business,2023
1494,Consumer,2019
1495,Consumer,2021
1496,Consumer,2025
1497,Consumer,2024
1498,Enterprise,2024
1499,Small Business,2023
1500,Consumer,2020
1501,Small Business,2021
1502,Consumer,2023
1503,Small Business,2023
1504,Consumer,2019
1505,Consumer,2025
1506,Small Business,2025
1507,Consumer,2019
1508,Consumer,2023
1509,Enterprise,2020
1510,Consumer,2021
1511,Consumer,2025
1512,Consumer,2023
1513,Consumer,2021
1514,Consumer,2019
1515,Consumer,2024
1516,Small Business,2021
1517,Consumer,2023
1518,Consumer,2020
1519,Small Business,2024
1520,Consumer,2021
1521,Small Business,2024
1522,Consumer,2019
1523,Enterprise,2023
1524,Consumer,2025
1525,Consumer,2022
1526,Small Business,2022
1527,Consumer,2023
1528,Consumer,2024
1529,Consumer,2024
1530,Consumer,2019
1531,Consumer,2021
1532,Consumer,2024
1533,Consumer,2025
1534,Consumer,2023
1535,Consumer,2019
1536,Consumer,2023
1537,Consumer,2025
1538,Consumer,2024
1539,Consumer,2024
1540,Consumer,2022
1541,Consumer,2025
1542,Consumer,2023
1543,Consumer,2022
1544,Consumer,2025
1545,Consumer,2019
1546,Consumer,2019
1547,Small Business,2024
1548,Consumer,2019
1549,Consumer,2025
1550,Consumer,2025
1551,Consumer,2020
1552,Consumer,2025
1553,Consumer,2022
1554,Consumer,2022
1555,Consumer,2025
1556,Small Business,2024
1557,Enterprise,2025
1558,Consumer,2025
1559,Consumer,2024
1560,Small Business,2022
1561,Consumer,2020
1562,Small Business,2019
1563,Consumer,2020
1564,Small Business,2022
1565,Enterprise,2019
1566,Consumer,2021
1567,Consumer,2024
1568,Consumer,2019
1569,Consumer,2021
1570,Consumer,2025
1571,Enterprise,2021
1572,Consumer,2024
1573,Consumer,2023
1574,Small Business,2024
1575,Consumer,2024
1576,Consumer,2023
1577,Enterprise,2025
1578,Consumer,2020
1579,Consumer,2020
1580,Consumer,2023
1581,Enterprise,2024
1582,Consumer,2023
1583,Consumer,2025
1584,Consumer,2023
1585,Consumer,2024
1586,Small Business,2019
1587,Consumer,2019
1588,Enterprise,2024
1589,Consumer,2022
1590,Consumer,2021
1591,Small Business,2024
1592,Consumer,2021
1593,Consumer,2019
1594,Small Business,2022
1595,Consumer,2019
1596,Consumer,2025
1597,Enterprise,2021
1598,Consumer,2021
1599,Consumer,2024
1600,Consumer,2019
1601,Consumer,2023
1602,Consumer,2025
1603,Consumer,2019
1604,Consumer,2025
1605,Consumer,2023
1606,Consumer,2020
1607,Consumer,2024
1608,Consumer,2024
1609,Consumer,2025
1610,Consumer,2025
1611,Consumer,2023
1612,Small Business,2019
1613,Consumer,2024
1614,Consumer,2024
1615,Small Business,2024
1616,Consumer,2020
1617,Consumer,2024
1618,Consumer,2024
1619,Consumer,2019
1620,Consumer,2019
1621,Small Business,2019
1622,Consumer,2023
1623,Small Business,2021
1624,Small Business,2024
1625,Consumer,2025
1626,Consumer,2019
1627,Consumer,2024
1628,Enterprise,2024
1629,Consumer,2019
1630,Consumer,2019
1631,Consumer,2024
1632,Consumer,2019
1633,Consumer,2020
1634,Consumer,2025
1635,Consumer,2024
1636,Small Business,2025
1637,Consumer,2020
1638,Consumer,2024
1639,Consumer,2023
1640,Consumer,2025
1641,Consumer,2020
1642,Consumer,2019
1643,Consumer,2021
1644,Consumer,2022
1645,Consumer,2023
1646,Consumer,2025
1647,Consumer,2023
1648,Consumer,2025
1649,Consumer,2024
1650,Consumer,2021
1651,Consumer,2024
1652,Small Business,2021
1653,Enterprise,2024
1654,Small Business,2023
1655,Consumer,2020
1656,Consumer,2019
1657,Consumer,2025
1658,Small Business,2024
1659,Small Business,2019
1660,Small Business,2020
1661,Small Business,2022
1662,Consumer,2022
1663,Small Business,2021
1664,Small Business,2020
1665,Consumer,2023
1666,Small Business,2024
1667,Consumer,2023
1668,Enterprise,2025
1669,Small Business,2021
1670,Consumer,2022
1671,Consumer,2021
1672,Consumer,2025
1673,Small Business,2021
1674,Small Business,2021
1675,Consumer,2024
1676,Small Business,2021
1677,Consumer,2021
1678,Consumer,2024
1679,Consumer,2019
1680,Consumer,2019
1681,Consumer,2025
1682,Consumer,2020
1683,Consumer,2024
1684,Consumer,2023
1685,Small Business,2020
1686,Consumer,2020
1687,Small Business,2025
1688,Consumer,2025
1689,Consumer,2020
1690,Consumer,2022
1691,Consumer,2025
1692,Consumer,2020
1693,Consumer,2023
1694,Consumer,2021
1695,Consumer,2025
1696,Consumer,2020
1697,Consumer,2022
1698,Small Business,2023
1699,Consumer,2023
1700,Enterprise,2019
1701,Small Business,2019
1702,Enterprise,2024
1703,Small Business,2024
1704,Consumer,2020
1705,Consumer,2023
1706,Consumer,2020
1707,Small Business,2021
1708,Consumer,2023
1709,Consumer,2023
1710,Small Business,2021
1711,Consumer,2024
1712,Consumer,2022
1713,Small Business,2024
1714,Consumer,2022
1715,Consumer,2021
1716,Small Business,2020
1717,Consumer,2019
1718,Consumer,2022
1719,Consumer,2022
1720,Consumer,2025
1721,Consumer,2020
1722,Small Business,2019
1723,Small Business,2025
1724,Consumer,2023
1725,Consumer,2019
1726,Consumer,2021
1727,Consumer,2025
1728,Consumer,2025
1729,Consumer,2022
1730,Consumer,2019
1731,Enterprise,2023
1732,Consumer,2019
1733,Small Business,2021
1734,Consumer,2021
1735,Small Business,2024
1736,Consumer,2023
1737,Consumer,2022
1738,Small Business,2019
1739,Enterprise,2019
1740,Consumer,2024
1741,Consumer,2023
1742,Consumer,2021
1743,Consumer,2024
1744,Consumer,2025
1745,Small Business,2019
1746,Consumer,2025
1747,Consumer,2020
1748,Consumer,2024
1749,Consumer,2023
1750,Consumer,2024
1751,Consumer,2019
1752,Consumer,2023
1753,Consumer,2025
1754,Enterprise,2024
1755,Small Business,2024
1756,Small Business,2020
1757,Consumer,2020
1758,Consumer,2024
1759,Consumer,2021
1760,Consumer,2022
1761,Consumer,2020
1762,Consumer,2024
1763,Consumer,2022
1764,Consumer,2022
1765,Consumer,2025
1766,Consumer,2023
1767,Consumer,2022
1768,Consumer,2021
1769,Consumer,2023
1770,Consumer,2021
1771,Consumer,2020
1772,Small Business,2021
1773,Consumer,2021
1774,Consumer,2024
1775,Enterprise,2022
1776,Consumer,2020
1777,Small Business,2020
1778,Small Business,2025
1779,Consumer,2025
1780,Consumer,2024
1781,Consumer,2024
1782,Enterprise,2025
1783,Consumer,2023
1784,Consumer,2025
1785,Consumer,2025
1786,Consumer,2022
1787,Small Business,2020
1788,Consumer,2025
1789,Small Business,2024
1790,Small Business,2022
1791,Consumer,2025
1792,Consumer,2019
1793,Small Business,2024
1794,Small Business,2019
1795,Small Business,2019
1796,Consumer,2019
1797,Consumer,2019
1798,Consumer,2020
1799,Small Business,2021
1800,Consumer,2021
1801,Consumer,2021
1802,Consumer,2025
1803,Consumer,2022
1804,Consumer,2020
1805,Consumer,2019
1806,Consumer,2025
1807,Small Business,2020
1808,Small Business,2024
1809,Consumer,2024
1810,Consumer,2025
1811,Enterprise,2020
1812,Consumer,2024
1813,Consumer,2024
1814,Consumer,2025
1815,Consumer,2023
1816,Consumer,2019
1817,Small Business,2022
1818,Consumer,2022
1819,Consumer,2022
1820,Small Business,2021
1821,Enterprise,2024
1822,Small Business,2020
1823,Consumer,2022
1824,Consumer,2022
1825,Consumer,2023
1826,Consumer,2022
1827,Consumer,2025
1828,Consumer,2025
1829,Consumer,2022
1830,Small Business,2020
1831,Enterprise,2024
1832,Consumer,2025
1833,Consumer,2025
1834,Consumer,2020
1835,Consumer,2019
1836,Consumer,2023
1837,Consumer,2021
1838,Small Business,2021
1839,Consumer,2019
1840,Small Business,2025
1841,Consumer,2019
1842,Consumer,2023
1843,Consumer,2025
1844,Consumer,2019
1845,Consumer,2023
1846,Enterprise,2025
1847,Consumer,2021
1848,Consumer,2021
1849,Consumer,2023
1850,Consumer,2025
1851,Consumer,2022
1852,Consumer,2019
1853,Small Business,2023
1854,Consumer,2020
1855,Consumer,2025
1856,Consumer,2020
1857,Small Business,2023
1858,Consumer,2023
1859,Consumer,2022
1860,Consumer,2024
1861,Consumer,2025
1862,Consumer,2023
1863,Small Business,2024
1864,Consumer,2019
1865,Small Business,2020
1866,Consumer,2022
1867,Small Business,2019
1868,Small Business,2022
1869,Consumer,2019
1870,Consumer,2021
1871,Consumer,2019
1872,Small Business,2021
1873,Consumer,2021
1874,Consumer,2022
1875,Consumer,2025
1876,Small Business,2022
1877,Consumer,2020
1878,Consumer,2023
1879,Enterprise,2025
1880,Consumer,2020
1881,Small Business,2019
1882,Consumer,2025
1883,Consumer,2020
1884,Small Business,2024
1885,Consumer,2021
1886,Consumer,2024
1887,Consumer,2023
1888,Consumer,2024
1889,Consumer,2024
1890,Consumer,2022
1891,Consumer,2020
1892,Consumer,2025
1893,Consumer,2020
1894,Consumer,2021
1895,Consumer,2020
1896,Consumer,2021
1897,Small Business,2020
1898,Consumer,2024
1899,Consumer,2022
1900,Consumer,2025
1901,Small Business,2019
1902,Consumer,2022
1903,Consumer,2023
1904,Consumer,2024
1905,Consumer,2024
1906,Small Business,2023
1907,Enterprise,2024
1908,Consumer,2021
1909,Small Business,2025
1910,Consumer,2025
1911,Consumer,2025
1912,Small Business,2022
1913,Consumer,2019
1914,Consumer,2024
1915,Consumer,2021
1916,Enterprise,2024
1917,Consumer,2019
1918,Consumer,2019
1919,Consumer,2021
1920,Consumer,2025
1921,Consumer,2019
1922,Small Business,2020
1923,Small Business,2022
1924,Small Business,2024
1925,Small Business,2020
1926,Consumer,2024
1927,Consumer,2022
1928,Consumer,2024
1929,Consumer,2024
1930,Small Business,2025
1931,Consumer,2019
1932,Enterprise,2023
1933,Consumer,2022
1934,Consumer,2021
1935,Consumer,2024
1936,Consumer,2023
1937,Consumer,2022
1938,Consumer,2023
1939,Consumer,2023
1940,Small Business,2021
1941,Consumer,2021
1942,Consumer,2020
1943,Small Business,2021
1944,Consumer,2022
1945,Small Business,2020
1946,Small Business,2025
1947,Consumer,2023
1948,Consumer,2023
1949,Consumer,2023
1950,Small Business,2025
1951,Small Business,2024
1952,Consumer,2022
1953,Consumer,2021
1954,Consumer,2025
1955,Consumer,2023
1956,Enterprise,2024
1957,Consumer,2019
1958,Consumer,2021
1959,Consumer,2020
1960,Small Business,2022
1961,Enterprise,2022
1962,Consumer,2025
1963,Consumer,2019
1964,Consumer,2025
1965,Consumer,2024
1966,Consumer,2021
1967,Consumer,2020
1968,Consumer,2024
1969,Consumer,2019
1970,Consumer,2025
1971,Consumer,2025
1972,Small Business,2020
1973,Consumer,2022
1974,Small Business,2022
1975,Consumer,2024
1976,Consumer,2024
1977,Consumer,2025
1978,Consumer,2019
1979,Consumer,2024
1980,Consumer,2024
1981,Small Business,2024
1982,Consumer,2020
1983,Consumer,2024
1984,Consumer,2022
1985,Consumer,2020
1986,Small Business,2021
1987,Small Business,2021
1988,Consumer,2024
1989,Consumer,2020
1990,Consumer,2020
1991,Consumer,2021
1992,Small Business,2022
1993,Small Business,2025
1994,Consumer,2020
1995,Consumer,2025
1996,Consumer,2019
1997,Consumer,2022
1998,Consumer,2024
1999,Consumer,2021
2000,Enterprise,2020
2001,Consumer,2023
2002,Consumer,2020
2003,Consumer,2019
2004,Consumer,2019
2005,Small Business,2022
2006,Consumer,2022
2007,Small Business,2019
2008,Small Business,2020
2009,Consumer,2024
2010,Consumer,2022
2011,Enterprise,2023
2012,Consumer,2024
2013,Consumer,2025
2014,Small Business,2019
2015,Small Business,2022
2016,Consumer,2020
2017,Consumer,2023
2018,Consumer,2021
2019,Small Business,2020
2020,Consumer,2025
2021,Consumer,2022
2022,Consumer,2019
2023,Enterprise,2020
2024,Small Business,2024
2025,Consumer,2022
2026,Consumer,2025
2027,Enterprise,2019
2028,Small Business,2019
2029,Consumer,2023
2030,Consumer,2021
2031,Consumer,2025
2032,Consumer,2024
2033,Consumer,2019
2034,Consumer,2025
2035,Consumer,2025
2036,Small Business,2020
2037,Consumer,2023
2038,Consumer,2023
2039,Consumer,2019
2040,Consumer,2024
2041,Consumer,2025
2042,Consumer,2021
2043,Consumer,2025
2044,Consumer,2023
2045,Small Business,2024
2046,Consumer,2022
2047,Small Business,2023
2048,Small Business,2025
2049,Small Business,2023
2050,Consumer,2022
2051,Consumer,2020
2052,Consumer,2022
2053,Consumer,2025
2054,Consumer,2023
2055,Enterprise,2024
2056,Consumer,2020
2057,Small Business,2024
2058,Consumer,2022
2059,Consumer,2022
2060,Consumer,2019
2061,Consumer,2025
2062,Consumer,2023
2063,Consumer,2021
2064,Consumer,2022
2065,Consumer,2025
2066,Consumer,2024
2067,Enterprise,2021
2068,Consumer,2024
2069,Consumer,2019
2070,Consumer,2022
2071,Consumer,2022
2072,Consumer,2023
2073,Consumer,2019
2074,Enterprise,2021
2075,Consumer,2020
2076,Consumer,2021
2077,Consumer,2023
2078,Consumer,2019
2079,Consumer,2024
2080,Consumer,2019
2081,Consumer,2022
2082,Consumer,2024
2083,Small Business,2025
2084,Consumer,2025
2085,Consumer,2022
2086,Consumer,2022
2087,Consumer,2025
2088,Consumer,2019
2089,Consumer,2025
2090,Enterprise,2019
2091,Consumer,2019
2092,Consumer,2019
2093,Small Business,2020
2094,Small Business,2025
2095,Consumer,2020
2096,Consumer,2022
2097,Consumer,2024
2098,Small Business,2025
2099,Consumer,2022
2100,Small Business,2021
2101,Consumer,2022
2102,Small Business,2023
2103,Consumer,2021
2104,Consumer,2023
2105,Consumer,2024
2106,Consumer,2019
2107,Consumer,2024
2108,Consumer,2023
2109,Consumer,2019
2110,Consumer,2024
2111,Small Business,2022
2112,Small Business,2019
2113,Consumer,2019
2114,Consumer,2019
2115,Consumer,2021
2116,Small Business,2022
2117,Consumer,2020
2118,Consumer,2025
2119,Enterprise,2019
2120,Enterprise,2025
2121,Consumer,2020
2122,Consumer,2019
2123,Consumer,2022
2124,Small Business,2024
2125,Consumer,2023
2126,Consumer,2024
2127,Consumer,2022
2128,Consumer,2025
2129,Consumer,2024
2130,Consumer,2019
2131,Small Business,2022
2132,Small Business,2025
2133,Consumer,2024
2134,Small Business,2024
2135,Consumer,2024
2136,Consumer,2023
2137,Consumer,2021
2138,Small Business,2019
2139,Small Business,2021
2140,Small Business,2020
2141,Small Business,2024
2142,Enterprise,2021
2143,Consumer,2021
2144,Small Business,2025
2145,Consumer,2020
2146,Consumer,2024
2147,Consumer,2021
2148,Consumer,2025
2149,Consumer,2025
2150,Consumer,2021
2151,Consumer,2024
2152,Consumer,2025
2153,Small Business,2023
2154,Consumer,2025
2155,Consumer,2023
2156,Consumer,2019
2157,Consumer,2023
2158,Consumer,2020
2159,Small Business,2023
2160,Consumer,2024
2161,Consumer,2020
2162,Small Business,2023
2163,Consumer,2022
2164,Small Business,2020
2165,Consumer,2024
2166,Small Business,2024
2167,Small Business,2019
2168,Small Business,2021
2169,Consumer,2019
2170,Small Business,2023
2171,Enterprise,2025
2172,Consumer,2025
2173,Small Business,2021
2174,Small Business,2020
2175,Consumer,2021
2176,Small Business,2019
2177,Consumer,2021
2178,Consumer,2023
2179,Consumer,2019
2180,Consumer,2024
2181,Small Business,2024
2182,Consumer,2021
2183,Consumer,2024
2184,Consumer,2022
2185,Consumer,2025
2186,Small Business,2022
2187,Small Business,2023
2188,Consumer,2024
2189,Consumer,2020
2190,Consumer,2023
2191,Consumer,2024
2192,Consumer,2020
2193,Consumer,2024
2194,Consumer,2020
2195,Consumer,2023
2196,Consumer,2021
2197,Consumer,2023
2198,Small Business,2020
2199,Small Business,2024
2200,Consumer,2019
2201,Small Business,2021
2202,Small Business,2024
2203,Consumer,2019
2204,Consumer,2024
2205,Consumer,2021
2206,Small Business,2020
2207,Consumer,2024
2208,Consumer,2024
2209,Consumer,2025
2210,Consumer,2022
2211,Enterprise,2020
2212,Consumer,2023
2213,Small Business,2023
2214,Enterprise,2025
2215,Small Business,2024
2216,Consumer,2021
2217,Small Business,2022
2218,Consumer,2023
2219,Consumer,2024
2220,Small Business,2021
2221,Consumer,2020
2222,Consumer,2025
2223,Consumer,2025
2224,Small Business,2021
2225,Consumer,2019
2226,Consumer,2023
2227,Small Business,2019
2228,Consumer,2020
2229,Consumer,2022
2230,Consumer,2021
2231,Enterprise,2019
2232,Consumer,2021
2233,Consumer,2023
2234,Consumer,2024
2235,Small Business,2024
2236,Consumer,2021
2237,Consumer,2023
2238,Enterprise,2021
2239,Consumer,2023
2240,Consumer,2019
2241,Consumer,2021
2242,Small Business,2021
2243,Consumer,2023
2244,Consumer,2020
2245,Consumer,2021
2246,Small Business,2022
2247,Small Business,2023
2248,Consumer,2021
2249,Consumer,2025
2250,Small Business,2025
2251,Consumer,2023
2252,Consumer,2022
2253,Consumer,2022
2254,Consumer,2019
2255,Consumer,2021
2256,Consumer,2024
2257,Consumer,2023
2258,Consumer,2019
2259,Consumer,2019
2260,Consumer,2024
2261,Consumer,2024
2262,Small Business,2021
2263,Consumer,2025
2264,Small Business,2019
2265,Consumer,2024
2266,Small Business,2025
2267,Consumer,2022
2268,Consumer,2022
2269,Consumer,2020
2270,Consumer,2024
2271,Consumer,2024
2272,Small Business,2021
2273,Small Business,2020
2274,Consumer,2022
2275,Small Business,2022
2276,Small Business,2021
2277,Small Business,2024
2278,Consumer,2021
2279,Consumer,2019
2280,Consumer,2024
2281,Consumer,2024
2282,Small Business,2019
2283,Consumer,2023
2284,Consumer,2022
2285,Consumer,2023
2286,Enterprise,2020
2287,Consumer,2020
2288,Consumer,2022
2289,Small Business,2019
2290,Enterprise,2020
2291,Consumer,2019
2292,Small Business,2021
2293,Small Business,2025
2294,Consumer,2022
2295,Small Business,2024
2296,Consumer,2024
2297,Consumer,2019
2298,Consumer,2025
2299,Consumer,2020
2300,Consumer,2020
2301,Consumer,2023
2302,Consumer,2022
2303,Consumer,2020
2304,Consumer,2021
2305,Consumer,2021
2306,Consumer,2023
2307,Consumer,2024
2308,Consumer,2021
2309,Small Business,2021
2310,Consumer,2019
2311,Small Business,2025
2312,Consumer,2023
2313,Small Business,2020
2314,Enterprise,2019
2315,Small Business,2025
2316,Consumer,2019
2317,Consumer,2020
2318,Consumer,2025
2319,Consumer,2021
2320,Small Business,2025
2321,Enterprise,2022
2322,Consumer,2022
2323,Consumer,2025
2324,Consumer,2019
2325,Consumer,2021
2326,Consumer,2021
2327,Consumer,2024
2328,Small Business,2021
2329,Consumer,2025
2330,Consumer,2024
2331,Consumer,2025
2332,Small Business,2024
2333,Consumer,2024
2334,Consumer,2021
2335,Consumer,2024
2336,Consumer,2021
2337,Consumer,2021
2338,Consumer,2020
2339,Consumer,2025
2340,Small Business,2024
2341,Consumer,2019
2342,Consumer,2021
2343,Consumer,2023
2344,Enterprise,2023
2345,Enterprise,2021
2346,Small Business,2023
2347,Consumer,2020
2348,Consumer,2020
2349,Small Business,2019
2350,Small Business,2025
2351,Consumer,2023
2352,Consumer,2024
2353,Consumer,2022
2354,Small Business,2023
2355,Consumer,2021
2356,Consumer,2019
2357,Consumer,2024
2358,Consumer,2020
2359,Consumer,2025
2360,Consumer,2019
2361,Small Business,2025
2362,Consumer,2022
2363,Consumer,2020
2364,Consumer,2020
2365,Consumer,2023
2366,Consumer,2024
2367,Consumer,2022
2368,Consumer,2022
2369,Small Business,2025
2370,Consumer,2022
2371,Consumer,2021
2372,Consumer,2025
2373,Small Business,2024
2374,Consumer,2023
2375,Small Business,2019
2376,Small Business,2021
2377,Consumer,2025
2378,Consumer,2025
2379,Small Business,2023
2380,Consumer,2022
2381,Consumer,2025
2382,Consumer,2023
2383,Consumer,2019
2384,Consumer,2021
2385,Consumer,2021
2386,Consumer,2023
2387,Consumer,2020
2388,Consumer,2024
2389,Small Business,2020
2390,Consumer,2023
2391,Consumer,2021
2392,Consumer,2020
2393,Consumer,2023
2394,Consumer,2025
2395,Consumer,2024
2396,Consumer,2022
2397,Consumer,2025
2398,Consumer,2024
2399,Consumer,2025
2400,Consumer,2019
2401,Consumer,2024
2402,Consumer,2022
2403,Consumer,2023
2404,Consumer,2025
2405,Consumer,2022
2406,Consumer,2023
2407,Consumer,2025
2408,Enterprise,2019
2409,Consumer,2024
2410,Consumer,2023
2411,Consumer,2020
2412,Enterprise,2019
2413,Consumer,2023
2414,Consumer,2021
2415,Enterprise,2021
2416,Consumer,2020
2417,Enterprise,2022
2418,Consumer,2020
2419,Consumer,2019
2420,Consumer,2019
2421,Consumer,2020
2422,Small Business,2023
2423,Consumer,2022
2424,Enterprise,2024
2425,Consumer,2023
2426,Consumer,2021
2427,Enterprise,2025
2428,Consumer,2023
2429,Small Business,2023
2430,Consumer,2022
2431,Consumer,2021
2432,Consumer,2025
2433,Consumer,2021
2434,Consumer,2024
2435,Consumer,2019
2436,Consumer,2025
2437,Consumer,2024
2438,Small Business,2024
2439,Consumer,2021
2440,Consumer,2023
2441,Enterprise,2024
2442,Consumer,2019
2443,Consumer,2023
2444,Consumer,2025
2445,Consumer,2024
2446,Consumer,2024
2447,Consumer,2025
2448,Consumer,2020
2449,Consumer,2023
2450,Consumer,2020
2451,Consumer,2025
2452,Consumer,2022
2453,Consumer,2024
2454,Small Business,2020
2455,Consumer,2021
2456,Consumer,2025
2457,Consumer,2025
2458,Consumer,2020
2459,Consumer,2021
2460,Consumer,2020
2461,Enterprise,2023
2462,Consumer,2019
2463,Small Business,2019
2464,Consumer,2022
2465,Consumer,2025
2466,Consumer,2024
2467,Consumer,2023
2468,Small Business,2023
2469,Enterprise,2020
2470,Small Business,2020
2471,Consumer,2023
2472,Small Business,2025
2473,Consumer,2019
2474,Small Business,2021
2475,Consumer,2020
2476,Consumer,2019
2477,Consumer,2021
2478,Consumer,2020
2479,Consumer,2020
2480,Small Business,2022
2481,Small Business,2024
2482,Enterprise,2022
2483,Consumer,2022
2484,Consumer,2023
2485,Consumer,2020
2486,Consumer,2019
2487,Consumer,2019
2488,Consumer,2025
2489,Consumer,2025
2490,Consumer,2021
2491,Consumer,2024
2492,Consumer,2020
2493,Consumer,2021
2494,Small Business,2023
2495,Consumer,2025
2496,Small Business,2023
2497,Consumer,2025
2498,Consumer,2025
2499,Consumer,2019
2500,Small Business,2021
2501,Consumer,2022
2502,Consumer,2020
2503,Consumer,2020
2504,Consumer,2025
2505,Consumer,2020
2506,Consumer,2022
2507,Consumer,2022
2508,Consumer,2023
2509,Consumer,2022
2510,Consumer,2019
2511,Small Business,2022
2512,Small Business,2021
2513,Consumer,2019
2514,Consumer,2025
2515,Consumer,2022
2516,Consumer,2025
2517,Consumer,2025
2518,Consumer,2025
2519,Enterprise,2020
2520,Consumer,2024
2521,Small Business,2019
2522,Consumer,2022
2523,Consumer,2025
2524,Small Business,2023
2525,Consumer,2020
2526,Small Business,2019
2527,Consumer,2022
2528,Consumer,2024
2529,Consumer,2025
2530,Small Business,2024
2531,Consumer,2022
2532,Small Business,2023
2533,Small Business,2024
2534,Consumer,2021
2535,Consumer,2020
2536,Consumer,2020
2537,Enterprise,2024
2538,Consumer,2024
2539,Consumer,2020
2540,Consumer,2025
2541,Consumer,2019
2542,Small Business,2021
2543,Consumer,2022
2544,Consumer,2019
2545,Consumer,2024
2546,Consumer,2025
2547,Consumer,2020
2548,Small Business,2023
2549,Consumer,2025
2550,Consumer,2023
2551,Small Business,2022
2552,Consumer,2025
2553,Consumer,2021
2554,Consumer,2023
2555,Enterprise,2024
2556,Consumer,2023
2557,Consumer,2021
2558,Consumer,2023
2559,Consumer,2021
2560,Consumer,2022
2561,Consumer,2022
2562,Small Business,2021
2563,Small Business,2024
2564,Consumer,2020
2565,Small Business,2020
2566,Enterprise,2024
2567,Consumer,2025
2568,Consumer,2020
2569,Small Business,2022
2570,Consumer,2025
2571,Small Business,2021
2572,Consumer,2021
2573,Consumer,2023
2574,Small Business,2023
2575,Consumer,2019
2576,Consumer,2019
2577,Consumer,2021
2578,Consumer,2022
2579,Consumer,2023
2580,Consumer,2021
2581,Consumer,2019
2582,Consumer,2024
2583,Consumer,2022
2584,Small Business,2019
2585,Consumer,2023
2586,Consumer,2021
2587,Consumer,2022
2588,Consumer,2025
2589,Small Business,2020
2590,Consumer,2023
2591,Consumer,2019
2592,Enterprise,2024
2593,Small Business,2021
2594,Small Business,2024
2595,Small Business,2019
2596,Small Business,2023
2597,Consumer,2020
2598,Consumer,2021
2599,Consumer,2020
2600,Consumer,2021
2601,Consumer,2024
2602,Consumer,2019
2603,Consumer,2023
2604,Small Business,2020
2605,Small Business,2021
2606,Consumer,2022
2607,Consumer,2019
2608,Consumer,2025
2609,Consumer,2023
2610,Small Business,2023
2611,Small Business,2025
2612,Small Business,2021
2613,Small Business,2019
2614,Enterprise,2024
2615,Consumer,2023
2616,Consumer,2022
2617,Consumer,2019
2618,Consumer,2020
2619,Consumer,2023
2620,Consumer,2019
2621,Enterprise,2022
2622,Consumer,2024
2623,Enterprise,2022
2624,Small Business,2023
2625,Consumer,2020
2626,Consumer,2023
2627,Consumer,2020
2628,Consumer,2024
2629,Consumer,2022
2630,Small Business,2023
2631,Consumer,2021
2632,Consumer,2021
2633,Consumer,2023
2634,Consumer,2023
2635,Consumer,2023
2636,Consumer,2019
2637,Consumer,2020
2638,Consumer,2021
2639,Consumer,2021
2640,Consumer,2022
2641,Consumer,2022
2642,Consumer,2019
2643,Consumer,2019
2644,Consumer,2024
2645,Consumer,2023
2646,Consumer,2019
2647,Consumer,2024
2648,Consumer,2021
2649,Consumer,2023
2650,Enterprise,2022
2651,Consumer,2020
2652,Small Business,2023
2653,Consumer,2021
2654,Consumer,2020
2655,Small Business,2020
2656,Small Business,2024
2657,Small Business,2022
2658,Consumer,2021
2659,Small Business,2024
2660,Consumer,2020
2661,Consumer,2020
2662,Consumer,2019
2663,Enterprise,2019
2664,Consumer,2025
2665,Small Business,2025
2666,Consumer,2021
2667,Small Business,2022
2668,Consumer,2021
2669,Small Business,2022
2670,Consumer,2020
2671,Consumer,2023
2672,Consumer,2022
2673,Consumer,2025
2674,Consumer,2021
2675,Consumer,2024
2676,Consumer,2020
2677,Consumer,2019
2678,Consumer,2024
2679,Small Business,2025
2680,Consumer,2025
2681,Enterprise,2019
2682,Enterprise,2021
2683,Consumer,2022
2684,Consumer,2021
2685,Consumer,2021
2686,Consumer,2021
2687,Consumer,2019
2688,Consumer,2025
2689,Consumer,2021
2690,Consumer,2023
2691,Enterprise,2024
2692,Consumer,2020
2693,Consumer,2020
2694,Enterprise,2023
2695,Consumer,2025
2696,Consumer,2021
2697,Small Business,2025
2698,Consumer,2019
2699,Consumer,2024
2700,Consumer,2025
2701,Small Business,2024
2702,Consumer,2019
2703,Consumer,2019
2704,Consumer,2021
2705,Consumer,2022
2706,Consumer,2023
2707,Small Business,2025
2708,Small Business,2023
2709,Consumer,2020
2710,Consumer,2019
2711,Consumer,2025
2712,Consumer,2023
2713,Consumer,2023
2714,Consumer,2024
2715,Consumer,2024
2716,Consumer,2024
2717,Consumer,2025
2718,Consumer,2020
2719,Consumer,2021
2720,Small Business,2019
2721,Small Business,2019
2722,Small Business,2025
2723,Small Business,2021
2724,Consumer,2023
2725,Small Business,2022
2726,Consumer,2022
2727,Consumer,2020
2728,Consumer,2024
2729,Consumer,2024
2730,Consumer,2020
2731,Consumer,2021
2732,Consumer,2025
2733,Small Business,2024
2734,Consumer,2023
2735,Consumer,2025
2736,Small Business,2025
2737,Consumer,2023
2738,Consumer,2022
2739,Consumer,2023
2740,Consumer,2024
2741,Consumer,2025
2742,Small Business,2021
2743,Small Business,2021
2744,Consumer,2019
2745,Consumer,2019
2746,Small Business,2021
2747,Consumer,2020
2748,Consumer,2025
2749,Consumer,2022
2750,Consumer,2023
2751,Consumer,2020
2752,Consumer,2022
2753,Consumer,2024
2754,Consumer,2020
2755,Consumer,2021
2756,Consumer,2023
2757,Enterprise,2020
2758,Consumer,2023
2759,Consumer,2023
2760,Consumer,2022
2761,Small Business,2020
2762,Consumer,2024
2763,Small Business,2024
2764,Consumer,2020
2765,Consumer,2019
2766,Consumer,2022
2767,Consumer,2020
2768,Small Business,2021
2769,Small Business,2023
2770,Consumer,2020
2771,Enterprise,2021
2772,Consumer,2021
2773,Consumer,2024
2774,Consumer,2024
2775,Consumer,2025
2776,Small Business,2019
2777,Consumer,2024
2778,Consumer,2020
2779,Consumer,2025
2780,Consumer,2022
2781,Consumer,2025
2782,Consumer,2021
2783,Consumer,2021
2784,Consumer,2024
2785,Consumer,2021
2786,Consumer,2024
2787,Consumer,2019
2788,Small Business,2023
2789,Enterprise,2025
2790,Consumer,2020
2791,Enterprise,2025
2792,Consumer,2019
2793,Consumer,2019
2794,Consumer,2021
2795,Consumer,2021
2796,Small Business,2023
2797,Consumer,2025
2798,Consumer,2019
2799,Consumer,2024
2800,Consumer,2024
2801,Consumer,2023
2802,Consumer,2025
2803,Consumer,2019
2804,Consumer,2024
2805,Consumer,2021
2806,Consumer,2021
2807,Consumer,2023
2808,Consumer,2024
2809,Consumer,2022
2810,Consumer,2020
2811,Consumer,2020
2812,Small Business,2025
2813,Consumer,2021
2814,Consumer,2021
2815,Consumer,2022
2816,Enterprise,2023
2817,Small Business,2019
2818,Consumer,2019
2819,Consumer,2023
2820,Consumer,2023
2821,Enterprise,2022
2822,Consumer,2021
2823,Consumer,2024
2824,Enterprise,2019
2825,Consumer,2023
2826,Consumer,2022
2827,Consumer,2021
2828,Consumer,2019
2829,Consumer,2023
2830,Consumer,2020
2831,Small Business,2022
2832,Small Business,2025
2833,Consumer,2024
2834,Consumer,2019
2835,Consumer,2025
2836,Consumer,2023
2837,Small Business,2024
2838,Consumer,2019
2839,Consumer,2025
2840,Consumer,2024
2841,Consumer,2025
2842,Consumer,2025
2843,Consumer,2024
2844,Small Business,2022
2845,Consumer,2024
2846,Small Business,2025
2847,Consumer,2025
2848,Small Business,2023
2849,Consumer,2025
2850,Consumer,2023
2851,Enterprise,2022
2852,Consumer,2020
2853,Consumer,2022
2854,Consumer,2025
2855,Consumer,2019
2856,Consumer,2025
2857,Consumer,2023
2858,Small Business,2019
2859,Consumer,2020
2860,Consumer,2019
2861,Consumer,2024
2862,Small Business,2021
2863,Consumer,2020
2864,Consumer,2020
2865,Consumer,2022
2866,Consumer,2021
2867,Small Business,2025
2868,Consumer,2025
2869,Small Business,2020
2870,Consumer,2025
2871,Consumer,2019
2872,Consumer,2022
2873,Consumer,2023
2874,Consumer,2020
2875,Consumer,2023
2876,Consumer,2023
2877,Consumer,2025
2878,Consumer,2025
2879,Consumer,2024
2880,Consumer,2024
2881,Consumer,2021
2882,Consumer,2025
2883,Consumer,2021
2884,Consumer,2024
2885,Consumer,2022
2886,Consumer,2022
2887,Consumer,2024
2888,Consumer,2019
2889,Consumer,2024
2890,Consumer,2024
2891,Small Business,2022
2892,Consumer,2023
2893,Small Business,2020
2894,Consumer,2024
2895,Consumer,2019
2896,Consumer,2024
2897,Consumer,2023
2898,Small Business,2020
2899,Consumer,2024
2900,Enterprise,2020
2901,Consumer,2022
2902,Small Business,2024
2903,Small Business,2019
2904,Consumer,2021
2905,Consumer,2023
2906,Consumer,2020
2907,Consumer,2022
2908,Enterprise,2023
2909,Consumer,2025
2910,Consumer,2021
2911,Consumer,2024
2912,Consumer,2023
2913,Enterprise,2022
2914,Consumer,2023
2915,Small Business,2025
2916,Small Business,2023
2917,Consumer,2022
2918,Consumer,2025
2919,Consumer,2023
2920,Consumer,2020
2921,Consumer,2023
2922,Small Business,2025
2923,Consumer,2023
2924,Small Business,2024
2925,Small Business,2023
2926,Small Business,2024
2927,Consumer,2019
2928,Consumer,2024
2929,Consumer,2025
2930,Consumer,2019
2931,Consumer,2024
2932,Consumer,2022
2933,Consumer,2021
2934,Consumer,2019
2935,Consumer,2021
2936,Consumer,2023
2937,Consumer,2022
2938,Small Business,2019
2939,Consumer,2021
2940,Small Business,2019
2941,Small Business,2021
2942,Consumer,2025
2943,Consumer,2024
2944,Consumer,2025
2945,Consumer,2020
2946,Consumer,2023
2947,Consumer,2021
2948,Small Business,2022
2949,Small Business,2025
2950,Small Business,2024
2951,Consumer,2023
2952,Consumer,2025
2953,Enterprise,2022
2954,Consumer,2019
2955,Consumer,2025
2956,Consumer,2019
2957,Consumer,2020
2958,Consumer,2025
2959,Consumer,2025
2960,Consumer,2019
2961,Consumer,2024
2962,Consumer,2023
2963,Consumer,2019
2964,Consumer,2022
2965,Small Business,2020
2966,Consumer,2022
2967,Consumer,2020
2968,Small Business,2019
2969,Consumer,2023
2970,Small Business,2024
2971,Consumer,2020
2972,Consumer,2023
2973,Consumer,2022
2974,Consumer,2025
2975,Enterprise,2022
2976,Small Business,2022
2977,Small Business,2019
2978,Small Business,2025
2979,Consumer,2023
2980,Small Business,2020
2981,Consumer,2019
2982,Small Business,2020
2983,Consumer,2022
2984,Consumer,2025
2985,Small Business,2023
2986,Small Business,2019
2987,Consumer,2020
2988,Consumer,2020
2989,Consumer,2019
2990,Enterprise,2019
2991,Consumer,2019
2992,Consumer,2023
2993,Consumer,2023
2994,Consumer,2024
2995,Consumer,2020
2996,Consumer,2025
2997,Small Business,2021
2998,Small Business,2020
2999,Small Business,2020
3000,Consumer,2021
3001,Consumer,2019
3002,Consumer,2021
3003,Small Business,2023
3004,Consumer,2025
3005,Consumer,2019
3006,Small Business,2023
3007,Consumer,2020
3008,Small Business,2021
3009,Consumer,2023
3010,Consumer,2021
3011,Consumer,2022
3012,Consumer,2021
3013,Small Business,2021
3014,Consumer,2023
3015,Consumer,2021
3016,Small Business,2022
3017,Consumer,2024
3018,Small Business,2023
3019,Consumer,2024
3020,Small Business,2022
3021,Consumer,2022
3022,Consumer,2019
3023,Consumer,2023
3024,Consumer,2023
3025,Consumer,2022
3026,Consumer,2024
3027,Consumer,2023
3028,Small Business,2020
3029,Consumer,2020
3030,Consumer,2023
3031,Enterprise,2019
3032,Consumer,2025
3033,Enterprise,2021
3034,Enterprise,2023
3035,Small Business,2022
3036,Small Business,2023
3037,Consumer,2021
3038,Consumer,2023
3039,Consumer,2020
3040,Small Business,2021
3041,Consumer,2019
3042,Small Business,2020
3043,Consumer,2019
3044,Consumer,2022
3045,Consumer,2019
3046,Consumer,2020
3047,Consumer,2022
3048,Consumer,2023
3049,Small Business,2019
3050,Consumer,2024
3051,Consumer,2022
3052,Consumer,2019
3053,Consumer,2019
3054,Consumer,2025
3055,Consumer,2022
3056,Small Business,2025
3057,Consumer,2022
3058,Consumer,2019
3059,Consumer,2024
3060,Consumer,2022
3061,Small Business,2021
3062,Consumer,2020
3063,Small Business,2022
3064,Consumer,2025
3065,Consumer,2020
3066,Consumer,2022
3067,Consumer,2019
3068,Enterprise,2023
3069,Consumer,2025
3070,Small Business,2025
3071,Small Business,2024
3072,Consumer,2023
3073,Consumer,2023
3074,Consumer,2025
3075,Consumer,2019
3076,Small Business,2020
3077,Consumer,2019
3078,Small Business,2020
3079,Consumer,2020
3080,Consumer,2022
3081,Consumer,2023
3082,Consumer,2025
3083,Small Business,2023
3084,Consumer,2019
3085,Enterprise,2019
3086,Small Business,2022
3087,Small Business,2023
3088,Consumer,2024
3089,Small Business,2021
3090,Consumer,2020
3091,Small Business,2019
3092,Consumer,2023
3093,Consumer,2025
3094,Consumer,2019
3095,Consumer,2019
3096,Consumer,2019
3097,Small Business,2022
3098,Consumer,2021
3099,Small Business,2024
3100,Consumer,2024
3101,Small Business,2022
3102,Small Business,2019
3103,Consumer,2022
3104,Small Business,2021
3105,Small Business,2024
3106,Small Business,2024
3107,Consumer,2025
3108,Consumer,2021
3109,Small Business,2021
3110,Consumer,2022
3111,Small Business,2024
3112,Consumer,2022
3113,Small Business,2021
3114,Consumer,2025
3115,Consumer,2021
3116,Enterprise,2025
3117,Small Business,2023
3118,Small Business,2019
3119,Enterprise,2022
3120,Consumer,2023
3121,Consumer,2025
3122,Consumer,2022
3123,Consumer,2019
3124,Consumer,2021
3125,Small Business,2025
3126,Consumer,2022
3127,Consumer,2021
3128,Consumer,2025
3129,Consumer,2021
3130,Consumer,2024
3131,Consumer,2019
3132,Consumer,2022
3133,Consumer,2019
3134,Small Business,2020
3135,Consumer,2022
3136,Consumer,2023
3137,Consumer,2019
3138,Consumer,2022
3139,Consumer,2021
3140,Enterprise,2022
3141,Consumer,2024
3142,Consumer,2025
3143,Consumer,2019
3144,Small Business,2025
3145,Consumer,2019
3146,Consumer,2025
3147,Small Business,2023
3148,Consumer,2024
3149,Consumer,2020
3150,Consumer,2023
3151,Consumer,2023
3152,Enterprise,2021
3153,Consumer,2022
3154,Consumer,2025
3155,Consumer,2019
3156,Consumer,2022
3157,Small Business,2021
3158,Consumer,2020
3159,Small Business,2022
3160,Consumer,2019
3161,Consumer,2019
3162,Consumer,2024
3163,Small Business,2021
3164,Consumer,2021
3165,Consumer,2023
3166,Small Business,2024
3167,Consumer,2025
3168,Consumer,2023
3169,Consumer,2020
3170,Small Business,2020
3171,Consumer,2023
3172,Consumer,2024
3173,Consumer,2025
3174,Consumer,2024
3175,Consumer,2023
3176,Consumer,2020
3177,Consumer,2021
3178,Consumer,2019
3179,Small Business,2022
3180,Consumer,2023
3181,Consumer,2023
3182,Small Business,2020
3183,Small Business,2023
3184,Consumer,2021
3185,Consumer,2023
3186,Consumer,2025
3187,Consumer,2021
3188,Consumer,2020
3189,Consumer,2025
3190,Consumer,2022
3191,Consumer,2020
3192,Consumer,2021
3193,Consumer,2022
3194,Consumer,2021
3195,Small Business,2025
3196,Small Business,2021
3197,Consumer,2022
3198,Consumer,2020
3199,Consumer,2023
3200,Consumer,2024
3201,Small Business,2022
3202,Consumer,2024
3203,Consumer,2020
3204,Consumer,2022
3205,Consumer,2024
3206,Consumer,2025
3207,Consumer,2021
3208,Enterprise,2019
3209,Consumer,2024
3210,Consumer,2022
3211,Consumer,2019
3212,Consumer,2024
3213,Consumer,2022
3214,Consumer,2023
3215,Small Business,2021
3216,Consumer,2025
3217,Consumer,2022
3218,Consumer,2023
3219,Consumer,2022
3220,Consumer,2025
3221,Small Business,2023
3222,Consumer,2019
3223,Consumer,2024
3224,Consumer,2019
3225,Consumer,2022
3226,Consumer,2021
3227,Consumer,2022
3228,Consumer,2024
3229,Consumer,2019
3230,Small Business,2019
3231,Small Business,2025
3232,Small Business,2020
3233,Enterprise,2022
3234,Small Business,2025
3235,Small Business,2024
3236,Small Business,2023
3237,Small Business,2019
3238,Small Business,2021
3239,Small Business,2022
3240,Consumer,2019
3241,Consumer,2023
3242,Consumer,2024
3243,Small Business,2021
3244,Consumer,2025
3245,Small Business,2025
3246,Small Business,2024
3247,Enterprise,2021
3248,Consumer,2019
3249,Consumer,2023
3250,Small Business,2022
3251,Small Business,2024
3252,Small Business,2021
3253,Consumer,2020
3254,Consumer,2025
3255,Consumer,2025
3256,Enterprise,2024
3257,Consumer,2019
3258,Small Business,2024
3259,Small Business,2025
3260,Consumer,2021
3261,Consumer,2022
3262,Consumer,2019
3263,Small Business,2023
3264,Consumer,2024
3265,Consumer,2020
3266,Consumer,2023
3267,Consumer,2020
3268,Small Business,2019
3269,Consumer,2019
3270,Consumer,2024
3271,Consumer,2020
3272,Consumer,2020
3273,Consumer,2025
3274,Small Business,2024
3275,Consumer,2020
3276,Consumer,2023
3277,Consumer,2022
3278,Consumer,2019
3279,Small Business,2020
3280,Consumer,2024
3281,Enterprise,2024
3282,Consumer,2021
3283,Consumer,2025
3284,Consumer,2022
3285,Consumer,2019
3286,Small Business,2025
3287,Consumer,2019
3288,Consumer,2025
3289,Consumer,2019
3290,Consumer,2021
3291,Small Business,2019
3292,Enterprise,2023
3293,Consumer,2021
3294,Small Business,2022
3295,Small Business,2020
3296,Consumer,2024
3297,Consumer,2022
3298,Consumer,2021
3299,Small Business,2019
3300,Enterprise,2022
3301,Consumer,2024
3302,Small Business,2019
3303,Small Business,2022
3304,Consumer,2025
3305,Consumer,2025
3306,Small Business,2025
3307,Enterprise,2025
3308,Consumer,2020
3309,Consumer,2020
3310,Consumer,2023
3311,Consumer,2024
3312,Consumer,2021
3313,Consumer,2020
3314,Consumer,2020
3315,Consumer,2022
3316,Consumer,2019
3317,Consumer,2023
3318,Small Business,2024
3319,Consumer,2024
3320,Consumer,2021
3321,Consumer,2019
3322,Consumer,2022
3323,Consumer,2024
3324,Consumer,2025
3325,Consumer,2019
3326,Consumer,2019
3327,Consumer,2019
3328,Consumer,2022
3329,Small Business,2020
3330,Small Business,2025
3331,Consumer,2021
3332,Consumer,2024
3333,Consumer,2021
3334,Consumer,2020
3335,Consumer,2019
3336,Consumer,2020
3337,Consumer,2024
3338,Consumer,2024
3339,Consumer,2023
3340,Small Business,2019
3341,Small Business,2021
3342,Consumer,2023
3343,Consumer,2025
3344,Consumer,2020
3345,Small Business,2020
3346,Consumer,2024
3347,Consumer,2022
3348,Consumer,2021
3349,Small Business,2021
3350,Consumer,2021
3351,Consumer,2022
3352,Consumer,2024
3353,Consumer,2023
3354,Consumer,2019
3355,Consumer,2019
3356,Consumer,2023
3357,Consumer,2024
3358,Consumer,2025
3359,Small Business,2025
3360,Consumer,2023
3361,Consumer,2020
3362,Consumer,2019
3363,Consumer,2024
3364,Consumer,2025
3365,Enterprise,2021
3366,Consumer,2019
3367,Small Business,2024
3368,Consumer,2021
3369,Consumer,2023
3370,Consumer,2020
3371,Consumer,2021
3372,Consumer,2024
3373,Consumer,2024
3374,Consumer,2020
3375,Consumer,2024
3376,Consumer,2020
3377,Small Business,2024
3378,Consumer,2021
3379,Consumer,2023
3380,Consumer,2021
3381,Consumer,2019
3382,Consumer,2024
3383,Consumer,2019
3384,Consumer,2022
3385,Enterprise,2019
3386,Consumer,2022
3387,Consumer,2019
3388,Consumer,2020
3389,Consumer,2025
3390,Consumer,2025
3391,Consumer,2022
3392,Consumer,2021
3393,Consumer,2023
3394,Consumer,2021
3395,Enterprise,2020
3396,Consumer,2020
3397,Consumer,2023
3398,Enterprise,2025
3399,Consumer,2023
3400,Consumer,2023
3401,Consumer,2024
3402,Small Business,2019
3403,Consumer,2023
3404,Consumer,2020
3405,Enterprise,2021
3406,Consumer,2022
3407,Enterprise,2024
3408,Small Business,2020
3409,Small Business,2025
3410,Consumer,2023
3411,Consumer,2021
3412,Consumer,2021
3413,Consumer,2019
3414,Consumer,2021
3415,Small Business,2019
3416,Consumer,2024
3417,Consumer,2024
3418,Consumer,2022
3419,Consumer,2025
3420,Consumer,2019
3421,Consumer,2025
3422,Small Business,2021
3423,Consumer,2024
3424,Consumer,2025
3425,Consumer,2019
3426,Consumer,2024
3427,Small Business,2025
3428,Small Business,2024
3429,Consumer,2020
3430,Small Business,2024
3431,Consumer,2020
3432,Consumer,2019
3433,Small Business,2023
3434,Consumer,2019
3435,Consumer,2022
3436,Consumer,2019
3437,Consumer,2024
3438,Consumer,2019
3439,Consumer,2023
3440,Consumer,2024
3441,Consumer,2019
3442,Small Business,2019
3443,Consumer,2025
3444,Small Business,2022
3445,Consumer,2022
3446,Consumer,2020
3447,Consumer,2022
3448,Small Business,2024
3449,Consumer,2024
3450,Small Business,2024
3451,Consumer,2021
3452,Consumer,2024
3453,Consumer,2022
3454,Consumer,2021
3455,Consumer,2021
3456,Consumer,2025
3457,Consumer,2020
3458,Consumer,2025
3459,Consumer,2025
3460,Consumer,2023
3461,Consumer,2019
3462,Consumer,2023
3463,Consumer,2019
3464,Consumer,2021
3465,Consumer,2019
3466,Small Business,2024
3467,Consumer,2022
3468,Consumer,2025
3469,Small Business,2023
3470,Consumer,2021
3471,Consumer,2024
3472,Enterprise,2021
3473,Enterprise,2020
3474,Consumer,2020
3475,Consumer,2023
3476,Consumer,2025
3477,Enterprise,2024
3478,Enterprise,2022
3479,Consumer,2019
3480,Consumer,2025
3481,Consumer,2021
3482,Consumer,2023
3483,Consumer,2021
3484,Consumer,2021
3485,Consumer,2021
3486,Consumer,2023
3487,Consumer,2022
3488,Consumer,2020
3489,Consumer,2021
3490,Consumer,2022
3491,Enterprise,2023
3492,Consumer,2022
3493,Consumer,2020
3494,Consumer,2023
3495,Consumer,2024
3496,Consumer,2021
3497,Consumer,2023
3498,Consumer,2022
3499,Consumer,2021
3500,Consumer,2025
3501,Consumer,2025
3502,Consumer,2020
3503,Consumer,2023
3504,Consumer,2025
3505,Consumer,2022
3506,Consumer,2022
3507,Consumer,2025
3508,Consumer,2023
3509,Enterprise,2024
3510,Enterprise,2019
3511,Enterprise,2023
3512,Consumer,2020
3513,Consumer,2020
3514,Consumer,2024
3515,Consumer,2025
3516,Consumer,2025
3517,Consumer,2024
3518,Consumer,2022
3519,Consumer,2022
3520,Consumer,2020
3521,Consumer,2024
3522,Consumer,2024
3523,Small Business,2019
3524,Consumer,2025
3525,Consumer,2021
3526,Consumer,2023
3527,Consumer,2019
3528,Consumer,2020
3529,Consumer,2023
3530,Consumer,2021
3531,Consumer,2019
3532,Consumer,2025
3533,Small Business,2025
3534,Consumer,2020
3535,Consumer,2023
3536,Consumer,2020
3537,Consumer,2024
3538,Consumer,2023
3539,Consumer,2024
3540,Small Business,2022
3541,Consumer,2019
3542,Consumer,2020
3543,Consumer,2025
3544,Small Business,2023
3545,Small Business,2021
3546,Enterprise,2025
3547,Consumer,2022
3548,Consumer,2024
3549,Consumer,2024
3550,Small Business,2019
3551,Consumer,2025
3552,Consumer,2025
3553,Consumer,2025
3554,Consumer,2023
3555,Consumer,2023
3556,Consumer,2020
3557,Consumer,2020
3558,Small Business,2019
3559,Consumer,2020
3560,Small Business,2025
3561,Consumer,2020
3562,Small Business,2019
3563,Consumer,2023
3564,Small Business,2020
3565,Consumer,2022
3566,Consumer,2023
3567,Consumer,2023
3568,Consumer,2024
3569,Consumer,2019
3570,Consumer,2020
3571,Enterprise,2021
3572,Consumer,2024
3573,Consumer,2022
3574,Consumer,2024
3575,Small Business,2024
3576,Small Business,2024
3577,Consumer,2023
3578,Enterprise,2024
3579,Consumer,2023
3580,Small Business,2019
3581,Enterprise,2020
3582,Consumer,2025
3583,Consumer,2019
3584,Consumer,2022
3585,Consumer,2024
3586,Small Business,2022
3587,Consumer,2020
3588,Consumer,2019
3589,Small Business,2023
3590,Consumer,2023
3591,Consumer,2023
3592,Consumer,2020
3593,Consumer,2022
3594,Consumer,2022
3595,Consumer,2024
3596,Consumer,2020
3597,Consumer,2023
3598,Consumer,2023
3599,Consumer,2023
3600,Consumer,2019
3601,Consumer,2019
3602,Consumer,2023
3603,Small Business,2023
3604,Consumer,2023
3605,Consumer,2024
3606,Small Business,2021
3607,Consumer,2021
3608,Consumer,2025
3609,Consumer,2023
3610,Consumer,2022
3611,Consumer,2022
3612,Small Business,2024
3613,Small Business,2021
3614,Consumer,2022
3615,Consumer,2019
3616,Consumer,2024
3617,Consumer,2022
3618,Consumer,2025
3619,Consumer,2021
3620,Small Business,2021
3621,Consumer,2019
3622,Consumer,2025
3623,Consumer,2021
3624,Consumer,2020
3625,Small Business,2023
3626,Consumer,2024
3627,Consumer,2019
3628,Small Business,2022
3629,Small Business,2022
3630,Consumer,2019
3631,Consumer,2020
3632,Small Business,2023
3633,Small Business,2025
3634,Consumer,2019
3635,Small Business,2023
3636,Consumer,2025
3637,Consumer,2024
3638,Small Business,2024
3639,Consumer,2025
3640,Consumer,2023
3641,Enterprise,2019
3642,Small Business,2020
3643,Small Business,2021
3644,Consumer,2025
3645,Enterprise,2020
3646,Consumer,2024
3647,Consumer,2023
3648,Consumer,2024
3649,Small Business,2019
3650,Small Business,2021
3651,Small Business,2022
3652,Consumer,2022
3653,Consumer,2025
3654,Consumer,2021
3655,Consumer,2025
3656,Consumer,2024
3657,Consumer,2023
3658,Small Business,2021
3659,Consumer,2019
3660,Small Business,2020
3661,Consumer,2023
3662,Consumer,2020
3663,Consumer,2025
3664,Consumer,2021
3665,Consumer,2020
3666,Consumer,2023
3667,Consumer,2020
3668,Consumer,2024
3669,Consumer,2022
3670,Consumer,2025
3671,Consumer,2024
3672,Consumer,2019
3673,Consumer,2025
3674,Consumer,2019
3675,Consumer,2024
3676,Consumer,2021
3677,Small Business,2021
3678,Consumer,2024
3679,Consumer,2020
3680,Consumer,2025
3681,Consumer,2019
3682,Consumer,2020
3683,Small Business,2021
3684,Consumer,2021
3685,Consumer,2025
3686,Consumer,2025
3687,Consumer,2021
3688,Consumer,2023
3689,Consumer,2021
3690,Consumer,2021
3691,Enterprise,2021
3692,Consumer,2020
3693,Enterprise,2023
3694,Consumer,2019
3695,Small Business,2021
3696,Consumer,2019
3697,Consumer,2022
3698,Enterprise,2023
3699,Consumer,2022
3700,Small Business,2024
3701,Small Business,2023
3702,Consumer,2021
3703,Consumer,2025
3704,Consumer,2023
3705,Small Business,2019
3706,Small Business,2020
3707,Consumer,2023
3708,Consumer,2019
3709,Consumer,2020
3710,Consumer,2019
3711,Consumer,2024
3712,Small Business,2019
3713,Consumer,2020
3714,Small Business,2025
3715,Consumer,2019
3716,Consumer,2020
3717,Consumer,2024
3718,Small Business,2019
3719,Consumer,2020
3720,Consumer,2024
3721,Consumer,2019
3722,Small Business,2021
3723,Consumer,2020
3724,Consumer,2020
3725,Small Business,2021
3726,Small Business,2020
3727,Consumer,2024
3728,Consumer,2019
3729,Consumer,2021
3730,Consumer,2019
3731,Consumer,2019
3732,Consumer,2023
3733,Consumer,2022
3734,Consumer,2022
3735,Consumer,2020
3736,Consumer,2020
3737,Consumer,2025
3738,Consumer,2024
3739,Enterprise,2022
3740,Consumer,2019
3741,Consumer,2025
3742,Consumer,2022
3743,Consumer,2020
3744,Consumer,2019
3745,Consumer,2025
3746,Small Business,2019
3747,Consumer,2021
3748,Consumer,2022
3749,Consumer,2021
3750,Consumer,2020
3751,Enterprise,2023
3752,Consumer,2019
3753,Small Business,2025
3754,Small Business,2022
3755,Consumer,2024
3756,Consumer,2024
3757,Consumer,2024
3758,Small Business,2022
3759,Consumer,2019
3760,Consumer,2019
3761,Small Business,2021
3762,Small Business,2021
3763,Consumer,2025
3764,Consumer,2022
3765,Consumer,2025
3766,Consumer,2020
3767,Small Business,2025
3768,Consumer,2021
3769,Consumer,2025
3770,Small Business,2022
3771,Consumer,2019
3772,Consumer,2025
3773,Consumer,2020
3774,Consumer,2024
3775,Small Business,2024
3776,Consumer,2020
3777,Consumer,2022
3778,Consumer,2024
3779,Enterprise,2025
3780,Consumer,2021
3781,Enterprise,2021
3782,Small Business,2024
3783,Consumer,2022
3784,Small Business,2023
3785,Consumer,2019
3786,Consumer,2023
3787,Consumer,2021
3788,Small Business,2021
3789,Small Business,2025
3790,Small Business,2023
3791,Enterprise,2022
3792,Consumer,2022
3793,Small Business,2024
3794,Small Business,2023
3795,Consumer,2020
3796,Consumer,2022
3797,Consumer,2023
3798,Small Business,2019
3799,Consumer,2019
3800,Consumer,2022
3801,Consumer,2023
3802,Consumer,2019
3803,Consumer,2022
3804,Consumer,2020
3805,Small Business,2023
3806,Consumer,2022
3807,Small Business,2019
3808,Consumer,2021
3809,Enterprise,2025
3810,Consumer,2019
3811,Consumer,2021
3812,Consumer,2019
3813,Consumer,2025
3814,Consumer,2022
3815,Small Business,2023
3816,Consumer,2025
3817,Consumer,2019
3818,Consumer,2022
3819,Consumer,2019
3820,Consumer,2024
3821,Consumer,2023
3822,Consumer,2022
3823,Enterprise,2021
3824,Consumer,2020
3825,Consumer,2025
3826,Consumer,2019
3827,Consumer,2019
3828,Consumer,2021
3829,Small Business,2021
3830,Consumer,2025
3831,Consumer,2021
3832,Small Business,2021
3833,Consumer,2020
3834,Small Business,2021
3835,Consumer,2020
3836,Consumer,2023
3837,Small Business,2024
3838,Small Business,2024
3839,Small Business,2024
3840,Consumer,2023
3841,Small Business,2023
3842,Consumer,2021
3843,Consumer,2025
3844,Consumer,2025
3845,Consumer,2019
3846,Consumer,2021
3847,Consumer,2023
3848,Small Business,2021
3849,Small Business,2022
3850,Small Business,2024
3851,Consumer,2025
3852,Small Business,2025
3853,Consumer,2023
3854,Consumer,2025
3855,Small Business,2023
3856,Consumer,2022
3857,Consumer,2020
3858,Consumer,2025
3859,Consumer,2020
3860,Small Business,2020
3861,Consumer,2024
3862,Consumer,2025
3863,Consumer,2025
3864,Consumer,2024
3865,Small Business,2025
3866,Enterprise,2021
3867,Small Business,2019
3868,Small Business,2020
3869,Consumer,2020
3870,Small Business,2024
3871,Consumer,2021
3872,Consumer,2022
3873,Consumer,2025
3874,Consumer,2025
3875,Small Business,2020
3876,Consumer,2024
3877,Enterprise,2023
3878,Consumer,2024
3879,Consumer,2025
3880,Small Business,2021
3881,Consumer,2024
3882,Consumer,2023
3883,Consumer,2023
3884,Enterprise,2024
3885,Small Business,2024
3886,Consumer,2021
3887,Consumer,2025
3888,Consumer,2019
3889,Consumer,2020
3890,Consumer,2024
3891,Consumer,2022
3892,Consumer,2021
3893,Consumer,2022
3894,Consumer,2019
3895,Consumer,2019
3896,Consumer,2019
3897,Small Business,2025
3898,Consumer,2021
3899,Small Business,2025
3900,Consumer,2022
3901,Consumer,2021
3902,Consumer,2019
3903,Consumer,2019
3904,Consumer,2022
3905,Small Business,2023
3906,Small Business,2025
3907,Consumer,2020
3908,Consumer,2023
3909,Small Business,2019
3910,Consumer,2022
3911,Consumer,2020
3912,Small Business,2020
3913,Consumer,2021
3914,Consumer,2022
3915,Consumer,2019
3916,Consumer,2023
3917,Consumer,2021
3918,Small Business,2025
3919,Consumer,2023
3920,Small Business,2025
3921,Small Business,2019
3922,Small Business,2022
3923,Consumer,2024
3924,Consumer,2020
3925,Consumer,2020
3926,Consumer,2023
3927,Small Business,2019
3928,Consumer,2025
3929,Small Business,2025
3930,Consumer,2025
3931,Consumer,2024
3932,Consumer,2025
3933,Small Business,2025
3934,Consumer,2020
3935,Consumer,2020
3936,Small Business,2024
3937,Consumer,2022
3938,Consumer,2019
3939,Consumer,2022
3940,Consumer,2019
3941,Consumer,2023
3942,Consumer,2023
3943,Consumer,2019
3944,Consumer,2019
3945,Consumer,2025
3946,Consumer,2021
3947,Consumer,2019
3948,Consumer,2019
3949,Consumer,2021
3950,Consumer,2019
3951,Consumer,2019
3952,Small Business,2020
3953,Small Business,2023
3954,Consumer,2022
3955,Consumer,2024
3956,Consumer,2021
3957,Small Business,2019
3958,Consumer,2022
3959,Consumer,2025
3960,Consumer,2023
3961,Consumer,2020
3962,Consumer,2019
3963,Small Business,2019
3964,Small Business,2024
3965,Consumer,2021
3966,Consumer,2019
3967,Consumer,2021
3968,Consumer,2025
3969,Consumer,2021
3970,Consumer,2025
3971,Small Business,2022
3972,Enterprise,2025
3973,Consumer,2020
3974,Consumer,2022
3975,Consumer,2022
3976,Consumer,2024
3977,Consumer,2019
3978,Consumer,2020
3979,Consumer,2020
3980,Small Business,2025
3981,Consumer,2025
3982,Consumer,2019
3983,Consumer,2021
3984,Enterprise,2022
3985,Consumer,2025
3986,Consumer,2022
3987,Consumer,2024
3988,Consumer,2024
3989,Enterprise,2022
3990,Consumer,2024
3991,Small Business,2019
3992,Consumer,2021
3993,Consumer,2024
3994,Consumer,2020
3995,Consumer,2022
3996,Consumer,2024
3997,Consumer,2022
3998,Consumer,2025
3999,Small Business,2024
4000,Enterprise,2019
4001,Consumer,2022
4002,Consumer,2024
4003,Small Business,2024
4004,Consumer,2022
4005,Small Business,2021
4006,Consumer,2021
4007,Small Business,2021
4008,Consumer,2019
4009,Consumer,2025
4010,Consumer,2024
4011,Consumer,2021
4012,Small Business,2019
4013,Enterprise,2022
4014,Consumer,2024
4015,Consumer,2025
4016,Consumer,2020
4017,Consumer,2022
4018,Consumer,2023
4019,Small Business,2023
4020,Small Business,2020
4021,Consumer,2024
4022,Consumer,2023
4023,Consumer,2024
4024,Consumer,2019
4025,Consumer,2023
4026,Consumer,2021
4027,Consumer,2024
4028,Consumer,2022
4029,Small Business,2022
4030,Consumer,2023
4031,Consumer,2020
4032,Consumer,2023
4033,Small Business,2025
4034,Consumer,2019
4035,Consumer,2020
4036,Consumer,2019
4037,Consumer,2022
4038,Consumer,2020
4039,Small Business,2023
4040,Consumer,2019
4041,Consumer,2019
4042,Consumer,2020
4043,Small Business,2023
4044,Small Business,2019
4045,Small Business,2022
4046,Consumer,2022
4047,Small Business,2021
4048,Consumer,2019
4049,Consumer,2023
4050,Consumer,2021
4051,Small Business,2023
4052,Consumer,2024
4053,Consumer,2019
4054,Consumer,2024
4055,Consumer,2019
4056,Consumer,2022
4057,Consumer,2019
4058,Small Business,2019
4059,Consumer,2021
4060,Consumer,2022
4061,Consumer,2021
4062,Consumer,2020
4063,Enterprise,2020
4064,Consumer,2022
4065,Consumer,2021
4066,Consumer,2025
4067,Enterprise,2022
4068,Consumer,2023
4069,Small Business,2025
4070,Consumer,2025
4071,Consumer,2022
4072,Consumer,2020
4073,Consumer,2021
4074,Consumer,2020
4075,Consumer,2022
4076,Small Business,2020
4077,Small Business,2021
4078,Small Business,2019
4079,Consumer,2025
4080,Consumer,2019
4081,Enterprise,2025
4082,Consumer,2025
4083,Consumer,2025
4084,Small Business,2022
4085,Consumer,2024
4086,Consumer,2025
4087,Small Business,2024
4088,Consumer,2025
4089,Consumer,2022
4090,Consumer,2024
4091,Consumer,2020
4092,Small Business,2025
4093,Consumer,2022
4094,Consumer,2020
4095,Small Business,2021
4096,Consumer,2024
4097,Small Business,2020
4098,Consumer,2023
4099,Consumer,2020
4100,Consumer,2023
4101,Consumer,2022
4102,Small Business,2023
4103,Small Business,2020
4104,Enterprise,2025
4105,Consumer,2025
4106,Small Business,2025
4107,Consumer,2022
4108,Small Business,2020
4109,Consumer,2022
4110,Small Business,2019
4111,Consumer,2023
4112,Consumer,2020
4113,Small Business,2020
4114,Consumer,2024
4115,Consumer,2023
4116,Enterprise,2019
4117,Consumer,2025
4118,Consumer,2023
4119,Consumer,2020
4120,Consumer,2021
4121,Consumer,2022
4122,Small Business,2025
4123,Enterprise,2022
4124,Consumer,2024
4125,Consumer,2019
4126,Consumer,2022
4127,Small Business,2019
4128,Consumer,2021
4129,Consumer,2022
4130,Enterprise,2024
4131,Small Business,2020
4132,Consumer,2020
4133,Consumer,2024
4134,Consumer,2022
4135,Consumer,2024
4136,Consumer,2025
4137,Consumer,2019
4138,Consumer,2023
4139,Consumer,2019
4140,Consumer,2025
4141,Consumer,2022
4142,Small Business,2022
4143,Consumer,2020
4144,Small Business,2023
4145,Consumer,2022
4146,Consumer,2025
4147,Small Business,2019
4148,Consumer,2024
4149,Consumer,2025
4150,Consumer,2025
4151,Consumer,2023
4152,Consumer,2024
4153,Consumer,2019
4154,Consumer,2019
4155,Consumer,2023
4156,Consumer,2020
4157,Consumer,2023
4158,Consumer,2024
4159,Consumer,2023
4160,Consumer,2025
4161,Consumer,2020
4162,Consumer,2024
4163,Consumer,2024
4164,Consumer,2021
4165,Consumer,2020
4166,Enterprise,2023
4167,Small Business,2025
4168,Consumer,2023
4169,Consumer,2019
4170,Consumer,2022
4171,Small Business,2021
4172,Small Business,2023
4173,Consumer,2023
4174,Consumer,2025
4175,Consumer,2024
4176,Small Business,2022
4177,Small Business,2019
4178,Consumer,2020
4179,Consumer,2020
4180,Consumer,2022
4181,Consumer,2020
4182,Small Business,2020
4183,Consumer,2020
4184,Consumer,2023
4185,Consumer,2020
4186,Consumer,2025
4187,Small Business,2022
4188,Consumer,2023
4189,Small Business,2022
4190,Consumer,2025
4191,Consumer,2019
4192,Consumer,2024
4193,Consumer,2023
4194,Consumer,2022
4195,Consumer,2023
4196,Consumer,2022
4197,Consumer,2023
4198,Consumer,2022
4199,Consumer,2019
4200,Small Business,2021
4201,Enterprise,2025
4202,Consumer,2019
4203,Small Business,2020
4204,Small Business,2023
4205,Enterprise,2020
4206,Consumer,2019
4207,Consumer,2024
4208,Consumer,2020
4209,Small Business,2020
4210,Small Business,2022
4211,Consumer,2024
4212,Consumer,2025
4213,Small Business,2020
4214,Small Business,2021
4215,Consumer,2022
4216,Consumer,2024
4217,Consumer,2019
4218,Consumer,2021
4219,Consumer,2019
4220,Small Business,2020
4221,Enterprise,2023
4222,Consumer,2019
4223,Consumer,2025
4224,Consumer,2019
4225,Consumer,2024
4226,Consumer,2021
4227,Consumer,2022
4228,Consumer,2021
4229,Consumer,2021
4230,Consumer,2023
4231,Small Business,2021
4232,Consumer,2019
4233,Consumer,2019
4234,Small Business,2020
4235,Consumer,2020
4236,Consumer,2019
4237,Consumer,2019
4238,Consumer,2025
4239,Consumer,2022
4240,Consumer,2021
4241,Consumer,2025
4242,Consumer,2023
4243,Consumer,2019
4244,Consumer,2023
4245,Consumer,2023
4246,Consumer,2020
4247,Small Business,2023
4248,Consumer,2019
4249,Consumer,2025
4250,Consumer,2023
4251,Consumer,2020
4252,Small Business,2025
4253,Consumer,2022
4254,Consumer,2025
4255,Small Business,2019
4256,Small Business,2021
4257,Consumer,2022
4258,Consumer,2020
4259,Consumer,2022
4260,Consumer,2021
4261,Consumer,2025
4262,Consumer,2020
4263,Small Business,2020
4264,Consumer,2025
4265,Consumer,2023
4266,Consumer,2019
4267,Consumer,2024
4268,Consumer,2020
4269,Small Business,2023
4270,Consumer,2019
4271,Consumer,2020
4272,Consumer,2024
4273,Consumer,2019
4274,Consumer,2022
4275,Small Business,2021
4276,Consumer,2020
4277,Consumer,2019
4278,Enterprise,2021
4279,Consumer,2021
4280,Small Business,2019
4281,Consumer,2024
4282,Consumer,2019
4283,Small Business,2021
4284,Consumer,2025
4285,Consumer,2021
4286,Consumer,2023
4287,Consumer,2022
4288,Consumer,2023
4289,Consumer,2024
4290,Consumer,2022
4291,Consumer,2023
4292,Consumer,2022
4293,Consumer,2021
4294,Consumer,2024
4295,Consumer,2021
4296,Consumer,2019
4297,Consumer,2020
4298,Consumer,2023
4299,Consumer,2023
4300,Consumer,2022
4301,Consumer,2022
4302,Enterprise,2021
4303,Small Business,2019
4304,Consumer,2020
4305,Enterprise,2025
4306,Small Business,2025
4307,Consumer,2019
4308,Small Business,2025
4309,Consumer,2024
4310,Consumer,2019
4311,Consumer,2021
4312,Consumer,2020
4313,Consumer,2024
4314,Enterprise,2023
4315,Consumer,2020
4316,Consumer,2024
4317,Consumer,2021
4318,Consumer,2022
4319,Small Business,2019
4320,Small Business,2025
4321,Consumer,2020
4322,Consumer,2025
4323,Consumer,2024
4324,Consumer,2019
4325,Small Business,2019
4326,Small Business,2019
4327,Consumer,2024
4328,Consumer,2019
4329,Consumer,2023
4330,Consumer,2025
4331,Consumer,2021
4332,Consumer,2022
4333,Consumer,2019
4334,Enterprise,2025
4335,Consumer,2023
4336,Consumer,2024
4337,Consumer,2020
4338,Consumer,2024
4339,Consumer,2023
4340,Consumer,2019
4341,Consumer,2022
4342,Consumer,2019
4343,Consumer,2023
4344,Consumer,2025
4345,Consumer,2025
4346,Consumer,2022
4347,Consumer,2025
4348,Consumer,2025
4349,Small Business,2022
4350,Small Business,2021
4351,Consumer,2020
4352,Consumer,2023
4353,Consumer,2021
4354,Small Business,2023
4355,Consumer,2025
4356,Small Business,2019
4357,Consumer,2021
4358,Consumer,2022
4359,Consumer,2024
4360,Consumer,2025
4361,Small Business,2025
4362,Consumer,2022
4363,Consumer,2022
4364,Consumer,2022
4365,Consumer,2019
4366,Consumer,2023
4367,Consumer,2024
4368,Consumer,2024
4369,Consumer,2021
4370,Small Business,2024
4371,Consumer,2020
4372,Small Business,2022
4373,Small Business,2020
4374,Consumer,2022
4375,Consumer,2025
4376,Enterprise,2022
4377,Consumer,2024
4378,Consumer,2025
4379,Consumer,2020
4380,Consumer,2025
4381,Consumer,2019
4382,Small Business,2023
4383,Consumer,2022
4384,Small Business,2020
4385,Consumer,2023
4386,Consumer,2025
4387,Consumer,2019
4388,Consumer,2020
4389,Consumer,2022
4390,Consumer,2019
4391,Consumer,2021
4392,Consumer,2021
4393,Consumer,2022
4394,Consumer,2023
4395,Consumer,2022
4396,Consumer,2019
4397,Consumer,2023
4398,Consumer,2021
4399,Consumer,2019
4400,Consumer,2024
4401,Consumer,2021
4402,Consumer,2023
4403,Consumer,2023
4404,Consumer,2019
4405,Small Business,2024
4406,Small Business,2020
4407,Consumer,2024
4408,Consumer,2024
4409,Consumer,2019
4410,Enterprise,2019
4411,Consumer,2024
4412,Consumer,2019
4413,Consumer,2020
4414,Consumer,2025
4415,Consumer,2019
4416,Consumer,2023
4417,Consumer,2021
4418,Consumer,2022
4419,Small Business,2019
4420,Small Business,2023
4421,Consumer,2021
4422,Consumer,2023
4423,Consumer,2024
4424,Small Business,2022
4425,Consumer,2019
4426,Consumer,2023
4427,Small Business,2022
4428,Consumer,2023
4429,Consumer,2024
4430,Consumer,2020
4431,Consumer,2019
4432,Consumer,2021
4433,Consumer,2025
4434,Enterprise,2021
4435,Consumer,2022
4436,Small Business,2024
4437,Small Business,2024
4438,Consumer,2024
4439,Small Business,2025
4440,Consumer,2024
4441,Consumer,2020
4442,Consumer,2022
4443,Consumer,2024
4444,Small Business,2023
4445,Consumer,2020
4446,Consumer,2023
4447,Consumer,2020
4448,Consumer,2021
4449,Consumer,2025
4450,Consumer,2025
4451,Small Business,2019
4452,Consumer,2021
4453,Small Business,2021
4454,Consumer,2022
4455,Consumer,2024
4456,Consumer,2024
4457,Consumer,2019
4458,Small Business,2024
4459,Consumer,2019
4460,Consumer,2022
4461,Small Business,2022
4462,Consumer,2021
4463,Consumer,2025
4464,Enterprise,2023
4465,Consumer,2025
4466,Small Business,2022
4467,Consumer,2021
4468,Small Business,2023
4469,Consumer,2020
4470,Consumer,2024
4471,Consumer,2021
4472,Small Business,2019
4473,Consumer,2022
4474,Enterprise,2023
4475,Consumer,2022
4476,Consumer,2019
4477,Small Business,2019
4478,Consumer,2024
4479,Consumer,2025
4480,Consumer,2020
4481,Consumer,2025
4482,Consumer,2022
4483,Consumer,2019
4484,Consumer,2020
4485,Consumer,2025
4486,Consumer,2021
4487,Consumer,2024
4488,Consumer,2023
4489,Consumer,2024
4490,Consumer,2022
4491,Consumer,2019
4492,Consumer,2022
4493,Consumer,2025
4494,Small Business,2025
4495,Consumer,2021
4496,Consumer,2019
4497,Consumer,2020
4498,Consumer,2021
4499,Small Business,2025
4500,Small Business,2022
4501,Small Business,2022
4502,Consumer,2024
4503,Consumer,2020
4504,Consumer,2020
4505,Consumer,2024
4506,Consumer,2021
4507,Consumer,2023
4508,Consumer,2024
4509,Small Business,2024
4510,Consumer,2022
4511,Consumer,2019
4512,Small Business,2024
4513,Consumer,2019
4514,Consumer,2019
4515,Consumer,2020
4516,Consumer,2021
4517,Consumer,2024
4518,Consumer,2022
4519,Consumer,2025
4520,Consumer,2019
4521,Consumer,2025
4522,Consumer,2022
4523,Small Business,2023
4524,Consumer,2019
4525,Consumer,2024
4526,Consumer,2022
4527,Small Business,2024
4528,Consumer,2025
4529,Consumer,2020
4530,Consumer,2025
4531,Consumer,2022
4532,Consumer,2021
4533,Consumer,2023
4534,Small Business,2019
4535,Consumer,2023
4536,Consumer,2025
4537,Consumer,2020
4538,Consumer,2022
4539,Consumer,2024
4540,Consumer,2023
4541,Small Business,2025
4542,Small Business,2024
4543,Small Business,2020
4544,Consumer,2021
4545,Consumer,2023
4546,Consumer,2021
4547,Consumer,2021
4548,Consumer,2024
4549,Consumer,2019
4550,Consumer,2022
4551,Consumer,2021
4552,Small Business,2024
4553,Consumer,2025
4554,Consumer,2025
4555,Consumer,2021
4556,Consumer,2021
4557,Small Business,2019
4558,Consumer,2025
4559,Small Business,2021
4560,Small Business,2021
4561,Consumer,2021
4562,Consumer,2025
4563,Consumer,2025
4564,Consumer,2021
4565,Consumer,2023
4566,Enterprise,2020
4567,Consumer,2022
4568,Small Business,2024
4569,Consumer,2022
4570,Enterprise,2025
4571,Consumer,2022
4572,Consumer,2024
4573,Consumer,2022
4574,Consumer,2024
4575,Small Business,2024
4576,Consumer,2025
4577,Consumer,2021
4578,Consumer,2022
4579,Consumer,2023
4580,Consumer,2025
4581,Consumer,2019
4582,Consumer,2019
4583,Consumer,2019
4584,Consumer,2019
4585,Small Business,2020
4586,Consumer,2020
4587,Consumer,2019
4588,Consumer,2025
4589,Consumer,2024
4590,Consumer,2020
4591,Consumer,2021
4592,Consumer,2021
4593,Consumer,2024
4594,Consumer,2019
4595,Enterprise,2025
4596,Consumer,2019
4597,Consumer,2022
4598,Consumer,2023
4599,Consumer,2020
4600,Consumer,2019
4601,Consumer,2021
4602,Consumer,2025
4603,Consumer,2022
4604,Consumer,2025
4605,Small Business,2021
4606,Consumer,2023
4607,Small Business,2025
4608,Consumer,2021
4609,Small Business,2025
4610,Consumer,2025
4611,Consumer,2023
4612,Small Business,2022
4613,Consumer,2020
4614,Consumer,2020
4615,Enterprise,2025
4616,Consumer,2021
4617,Consumer,2025
4618,Consumer,2021
4619,Small Business,2020
4620,Small Business,2023
4621,Consumer,2021
4622,Consumer,2021
4623,Consumer,2022
4624,Consumer,2024
4625,Small Business,2024
4626,Consumer,2023
4627,Consumer,2025
4628,Consumer,2020
4629,Consumer,2023
4630,Small Business,2021
4631,Consumer,2021
4632,Consumer,2024
4633,Small Business,2021
4634,Small Business,2020
4635,Consumer,2022
4636,Small Business,2019
4637,Consumer,2022
4638,Small Business,2023
4639,Consumer,2020
4640,Consumer,2021
4641,Consumer,2020
4642,Consumer,2019
4643,Consumer,2019
4644,Consumer,2022
4645,Consumer,2022
4646,Consumer,2022
4647,Consumer,2019
4648,Consumer,2019
4649,Small Business,2019
4650,Enterprise,2024
4651,Consumer,2023
4652,Consumer,2022
4653,Consumer,2019
4654,Consumer,2019
4655,Small Business,2021
4656,Consumer,2025
4657,Consumer,2019
4658,Consumer,2023
4659,Consumer,2023
4660,Small Business,2025
4661,Consumer,2021
4662,Consumer,2020
4663,Consumer,2023
4664,Small Business,2021
4665,Consumer,2020
4666,Small Business,2023
4667,Small Business,2025
4668,Consumer,2025
4669,Small Business,2019
4670,Consumer,2024
4671,Consumer,2023
4672,Consumer,2023
4673,Consumer,2022
4674,Consumer,2024
4675,Consumer,2022
4676,Consumer,2019
4677,Consumer,2019
4678,Consumer,2024
4679,Consumer,2021
4680,Consumer,2023
4681,Enterprise,2024
4682,Small Business,2020
4683,Consumer,2025
4684,Consumer,2020
4685,Consumer,2022
4686,Small Business,2021
4687,Consumer,2023
4688,Small Business,2019
4689,Consumer,2021
4690,Consumer,2020
4691,Consumer,2024
4692,Consumer,2019
4693,Small Business,2023
4694,Consumer,2023
4695,Consumer,2024
4696,Consumer,2022
4697,Consumer,2023
4698,Consumer,2019
4699,Consumer,2022
4700,Consumer,2023
4701,Consumer,2020
4702,Consumer,2020
4703,Consumer,2021
4704,Consumer,2022
4705,Consumer,2019
4706,Small Business,2025
4707,Consumer,2023
4708,Consumer,2024
4709,Small Business,2024
4710,Consumer,2023
4711,Consumer,2024
4712,Consumer,2023
4713,Consumer,2024
4714,Consumer,2019
4715,Small Business,2024
4716,Enterprise,2021
4717,Consumer,2022
4718,Consumer,2021
4719,Small Business,2021
4720,Consumer,2022
4721,Consumer,2021
4722,Consumer,2025
4723,Consumer,2022
4724,Consumer,2024
4725,Consumer,2025
4726,Consumer,2023
4727,Consumer,2021
4728,Small Business,2023
4729,Consumer,2019
4730,Consumer,2024
4731,Consumer,2019
4732,Consumer,2022
4733,Enterprise,2020
4734,Small Business,2025
4735,Consumer,2023
4736,Consumer,2023
4737,Consumer,2023
4738,Consumer,2024
4739,Consumer,2020
4740,Consumer,2019
4741,Consumer,2025
4742,Consumer,2022
4743,Consumer,2023
4744,Consumer,2021
4745,Consumer,2024
4746,Consumer,2019
4747,Consumer,2022
4748,Consumer,2023
4749,Consumer,2022
4750,Consumer,2025
4751,Small Business,2019
4752,Small Business,2024
4753,Consumer,2025
4754,Consumer,2019
4755,Consumer,2023
4756,Consumer,2019
4757,Consumer,2023
4758,Consumer,2021
4759,Consumer,2024
4760,Consumer,2020
4761,Consumer,2021
4762,Consumer,2019
4763,Consumer,2024
4764,Consumer,2019
4765,Consumer,2023
4766,Consumer,2021
4767,Consumer,2025
4768,Consumer,2019
4769,Consumer,2023
4770,Small Business,2020
4771,Consumer,2019
4772,Consumer,2025
4773,Consumer,2025
4774,Small Business,2025
4775,Small Business,2020
4776,Small Business,2024
4777,Consumer,2022
4778,Consumer,2020
4779,Consumer,2021
4780,Consumer,2020
4781,Consumer,2023
4782,Consumer,2023
4783,Consumer,2020
4784,Small Business,2024
4785,Consumer,2022
4786,Consumer,2023
4787,Consumer,2019
4788,Small Business,2024
4789,Small Business,2021
4790,Consumer,2022
4791,Enterprise,2020
4792,Small Business,2025
4793,Small Business,2022
4794,Small Business,2024
4795,Consumer,2023
4796,Small Business,2019
4797,Consumer,2023
4798,Consumer,2021
4799,Consumer,2023
4800,Small Business,2022
4801,Enterprise,2024
4802,Consumer,2020
4803,Enterprise,2025
4804,Consumer,2021
4805,Consumer,2024
4806,Consumer,2023
4807,Small Business,2022
4808,Consumer,2022
4809,Consumer,2023
4810,Consumer,2025
4811,Consumer,2020
4812,Consumer,2020
4813,Small Business,2025
4814,Consumer,2025
4815,Small Business,2021
4816,Consumer,2021
4817,Enterprise,2024
4818,Consumer,2025
4819,Consumer,2025
4820,Consumer,2020
4821,Consumer,2020
4822,Consumer,2022
4823,Small Business,2020
4824,Consumer,2025
4825,Consumer,2021
4826,Consumer,2020
4827,Enterprise,2025
4828,Consumer,2024
4829,Consumer,2025
4830,Consumer,2022
4831,Consumer,2024
4832,Consumer,2021
4833,Consumer,2019
4834,Consumer,2023
4835,Consumer,2019
4836,Consumer,2020
4837,Consumer,2021
4838,Small Business,2023
4839,Consumer,2024
4840,Consumer,2020
4841,Consumer,2024
4842,Consumer,2023
4843,Small Business,2023
4844,Consumer,2023
4845,Consumer,2021
4846,Consumer,2019
4847,Consumer,2019
4848,Small Business,2019
4849,Consumer,2022
4850,Consumer,2023
4851,Small Business,2020
4852,Small Business,2019
4853,Consumer,2023
4854,Consumer,2023
4855,Consumer,2025
4856,Small Business,2025
4857,Consumer,2025
4858,Consumer,2019
4859,Small Business,2021
4860,Consumer,2022
4861,Consumer,2024
4862,Consumer,2025
4863,Small Business,2024
4864,Consumer,2025
4865,Consumer,2019
4866,Consumer,2019
4867,Small Business,2021
4868,Small Business,2024
4869,Consumer,2021
4870,Consumer,2020
4871,Small Business,2020
4872,Small Business,2024
4873,Consumer,2024
4874,Consumer,2021
4875,Small Business,2019
4876,Small Business,2020
4877,Consumer,2021
4878,Consumer,2022
4879,Consumer,2021
4880,Small Business,2020
4881,Consumer,2025
4882,Consumer,2021
4883,Consumer,2020
4884,Small Business,2021
4885,Small Business,2024
4886,Enterprise,2025
4887,Consumer,2022
4888,Small Business,2022
4889,Small Business,2021
4890,Consumer,2023
4891,Consumer,2023
4892,Enterprise,2020
4893,Consumer,2022
4894,Consumer,2025
4895,Consumer,2020
4896,Consumer,2022
4897,Consumer,2023
4898,Small Business,2019
4899,Consumer,2022
4900,Small Business,2023
4901,Consumer,2022
4902,Consumer,2021
4903,Small Business,2024
4904,Consumer,2021
4905,Consumer,2022
4906,Small Business,2021
4907,Consumer,2024
4908,Consumer,2022
4909,Consumer,2021
4910,Small Business,2021
4911,Consumer,2022
4912,Consumer,2024
4913,Enterprise,2023
4914,Consumer,2020
4915,Consumer,2019
4916,Consumer,2019
4917,Consumer,2025
4918,Consumer,2019
4919,Consumer,2020
4920,Consumer,2021
4921,Consumer,2020
4922,Consumer,2019
4923,Consumer,2020
4924,Consumer,2019
4925,Consumer,2022
4926,Small Business,2021
4927,Consumer,2021
4928,Consumer,2025
4929,Consumer,2025
4930,Small Business,2019
4931,Consumer,2025
4932,Small Business,2019
4933,Consumer,2023
4934,Consumer,2023
4935,Small Business,2023
4936,Consumer,2022
4937,Consumer,2023
4938,Enterprise,2019
4939,Consumer,2022
4940,Consumer,2025
4941,Consumer,2022
4942,Consumer,2023
4943,Small Business,2019
4944,Consumer,2022
4945,Small Business,2019
4946,Consumer,2022
4947,Enterprise,2021
4948,Small Business,2024
4949,Small Business,2024
4950,Consumer,2019
4951,Consumer,2021
4952,Consumer,2025
4953,Consumer,2019
4954,Consumer,2019
4955,Small Business,2025
4956,Consumer,2022
4957,Small Business,2023
4958,Consumer,2020
4959,Enterprise,2021
4960,Consumer,2023
4961,Consumer,2021
4962,Small Business,2024
4963,Small Business,2025
4964,Small Business,2023
4965,Enterprise,2020
4966,Consumer,2020
4967,Small Business,2019
4968,Consumer,2024
4969,Consumer,2025
4970,Consumer,2025
4971,Consumer,2025
4972,Consumer,2020
4973,Small Business,2023
4974,Consumer,2020
4975,Small Business,2020
4976,Consumer,2022
4977,Consumer,2023
4978,Consumer,2024
4979,Consumer,2022
4980,Consumer,2019
4981,Consumer,2019
4982,Consumer,2019
4983,Consumer,2024
4984,Small Business,2022
4985,Consumer,2021
4986,Small Business,2024
4987,Small Business,2021
4988,Consumer,2021
4989,Consumer,2024
4990,Consumer,2023
4991,Consumer,2023
4992,Consumer,2024
4993,Enterprise,2021
4994,Consumer,2019
4995,Consumer,2023
4996,Consumer,2021
4997,Consumer,2025
4998,Consumer,2021
4999,Consumer,2024
5000,Enterprise,2024
5001,Consumer,2023
5002,Consumer,2023
5003,Consumer,2019
5004,Consumer,2024
5005,Small Business,2020
5006,Small Business,2022
5007,Small Business,2020
5008,Consumer,2020
5009,Consumer,2021
5010,Small Business,2022
5011,Consumer,2025
5012,Consumer,2021
5013,Consumer,2025
5014,Consumer,2023
5015,Small Business,2023
5016,Consumer,2025
5017,Enterprise,2025
5018,Consumer,2022
5019,Consumer,2021
5020,Consumer,2023
5021,Consumer,2020
5022,Consumer,2020
5023,Consumer,2021
5024,Consumer,2023
5025,Small Business,2025
5026,Consumer,2024
5027,Consumer,2021
5028,Consumer,2024
5029,Small Business,2022
5030,Consumer,2025
5031,Consumer,2023
5032,Consumer,2025
5033,Consumer,2024
5034,Consumer,2022
5035,Consumer,2024
5036,Enterprise,2025
5037,Consumer,2020
5038,Consumer,2024
5039,Consumer,2025
5040,Consumer,2022
5041,Consumer,2022
5042,Consumer,2019
5043,Consumer,2024
5044,Consumer,2025
5045,Consumer,2023
5046,Small Business,2025
5047,Consumer,2019
5048,Consumer,2022
5049,Enterprise,2024
5050,Small Business,2021
5051,Consumer,2024
5052,Small Business,2019
5053,Consumer,2025
5054,Consumer,2019
5055,Small Business,2019
5056,Small Business,2024
5057,Consumer,2025
5058,Consumer,2021
5059,Consumer,2020
5060,Consumer,2022
5061,Enterprise,2020
5062,Consumer,2021
5063,Consumer,2019
5064,Consumer,2023
5065,Consumer,2020
5066,Consumer,2024
5067,Enterprise,2020
5068,Consumer,2025
5069,Consumer,2023
5070,Consumer,2022
5071,Consumer,2021
5072,Consumer,2021
5073,Consumer,2019
5074,Consumer,2019
5075,Consumer,2022
5076,Small Business,2024
5077,Consumer,2023
5078,Consumer,2024
5079,Consumer,2024
5080,Consumer,2021
5081,Small Business,2025
5082,Consumer,2020
5083,Consumer,2020
5084,Consumer,2023
5085,Small Business,2019
5086,Consumer,2024
5087,Consumer,2021
5088,Consumer,2024
5089,Consumer,2024
5090,Small Business,2019
5091,Consumer,2021
5092,Consumer,2025
5093,Consumer,2025
5094,Small Business,2022
5095,Consumer,2021
5096,Consumer,2023
5097,Enterprise,2024
5098,Consumer,2019
5099,Small Business,2021
5100,Small Business,2019
5101,Consumer,2022
5102,Consumer,2019
5103,Consumer,2025
5104,Consumer,2021
5105,Consumer,2025
5106,Enterprise,2025
5107,Consumer,2020
5108,Consumer,2024
5109,Consumer,2019
5110,Consumer,2025
5111,Consumer,2024
5112,Small Business,2023
5113,Consumer,2023
5114,Consumer,2019
5115,Consumer,2020
5116,Consumer,2023
5117,Small Business,2020
5118,Consumer,2023
5119,Consumer,2024
5120,Consumer,2025
5121,Consumer,2019
5122,Consumer,2022
5123,Small Business,2019
5124,Small Business,2020
5125,Consumer,2025
5126,Consumer,2024
5127,Consumer,2023
5128,Consumer,2024
5129,Consumer,2019
5130,Consumer,2022
5131,Consumer,2020
5132,Consumer,2019
5133,Consumer,2025
5134,Consumer,2021
5135,Consumer,2020
5136,Consumer,2024
5137,Consumer,2023
5138,Small Business,2021
5139,Consumer,2024
5140,Consumer,2024
5141,Consumer,2020
5142,Consumer,2020
5143,Consumer,2020
5144,Consumer,2021
5145,Consumer,2021
5146,Consumer,2021
5147,Small Business,2020
5148,Small Business,2019
5149,Consumer,2023
5150,Consumer,2021
5151,Consumer,2019
5152,Consumer,2024
5153,Consumer,2020
5154,Consumer,2021
5155,Consumer,2024
5156,Consumer,2021
5157,Consumer,2020
5158,Consumer,2023
5159,Consumer,2019
5160,Consumer,2022
5161,Consumer,2024
5162,Small Business,2022
5163,Small Business,2020
5164,Consumer,2024
5165,Consumer,2024
5166,Consumer,2021
5167,Consumer,2020
5168,Consumer,2022
5169,Consumer,2024
5170,Consumer,2019
5171,Small Business,2022
5172,Consumer,2021
5173,Consumer,2021
5174,Consumer,2020
5175,Consumer,2023
5176,Consumer,2025
5177,Small Business,2019
5178,Small Business,2019
5179,Consumer,2021
5180,Small Business,2023
5181,Consumer,2019
5182,Consumer,2024
5183,Consumer,2024
5184,Consumer,2021
5185,Consumer,2021
5186,Consumer,2020
5187,Consumer,2023
5188,Small Business,2020
5189,Consumer,2021
5190,Small Business,2020
5191,Consumer,2021
5192,Small Business,2025
5193,Consumer,2019
5194,Consumer,2019
5195,Consumer,2021
5196,Small Business,2022
5197,Consumer,2025
5198,Consumer,2020
5199,Small Business,2022
5200,Consumer,2023
5201,Small Business,2023
5202,Consumer,2021
5203,Consumer,2024
5204,Consumer,2021
5205,Consumer,2022
5206,Consumer,2019
5207,Consumer,2025
5208,Consumer,2025
5209,Small Business,2020
5210,Small Business,2022
5211,Consumer,2024
5212,Consumer,2019
5213,Consumer,2023
5214,Small Business,2024
5215,Small Business,2023
5216,Consumer,2024
5217,Consumer,2020
5218,Small Business,2022
5219,Small Business,2023
5220,Consumer,2025
5221,Small Business,2019
5222,Consumer,2020
5223,Consumer,2021
5224,Small Business,2024
5225,Consumer,2024
5226,Consumer,2024
5227,Small Business,2023
5228,Small Business,2022
5229,Consumer,2021
5230,Consumer,2022
5231,Small Business,2019
5232,Consumer,2019
5233,Enterprise,2019
5234,Consumer,2019
5235,Consumer,2021
5236,Consumer,2021
5237,Small Business,2025
5238,Enterprise,2025
5239,Consumer,2024
5240,Consumer,2020
5241,Small Business,2022
5242,Consumer,2022
5243,Consumer,2023
5244,Small Business,2019
5245,Small Business,2019
5246,Small Business,2021
5247,Consumer,2019
5248,Consumer,2021
5249,Small Business,2021
5250,Consumer,2025
5251,Consumer,2023
5252,Small Business,2020
5253,Consumer,2023
5254,Small Business,2019
5255,Consumer,2025
5256,Enterprise,2019
5257,Consumer,2020
5258,Consumer,2022
5259,Small Business,2023
5260,Consumer,2022
5261,Consumer,2025
5262,Consumer,2020
5263,Small Business,2025
5264,Small Business,2020
5265,Consumer,2024
5266,Consumer,2021
5267,Consumer,2023
5268,Enterprise,2019
5269,Enterprise,2024
5270,Enterprise,2024
5271,Consumer,2021
5272,Consumer,2024
5273,Small Business,2022
5274,Small Business,2021
5275,Consumer,2023
5276,Consumer,2023
5277,Consumer,2021
5278,Consumer,2021
5279,Consumer,2022
5280,Consumer,2019
5281,Consumer,2023
5282,Small Business,2023
5283,Small Business,2022
5284,Small Business,2024
5285,Consumer,2022
5286,Consumer,2021
5287,Consumer,2024
5288,Consumer,2020
5289,Consumer,2019
5290,Small Business,2020
5291,Small Business,2024
5292,Small Business,2021
5293,Consumer,2020
5294,Consumer,2022
5295,Consumer,2020
5296,Consumer,2024
5297,Consumer,2019
5298,Consumer,2020
5299,Small Business,2024
5300,Consumer,2023
5301,Enterprise,2020
5302,Enterprise,2025
5303,Consumer,2019
5304,Small Business,2020
5305,Consumer,2020
5306,Small Business,2022
5307,Small Business,2022
5308,Small Business,2021
5309,Small Business,2020
5310,Consumer,2023
5311,Small Business,2021
5312,Consumer,2025
5313,Consumer,2019
5314,Consumer,2025
5315,Small Business,2024
5316,Consumer,2022
5317,Consumer,2023
5318,Small Business,2024
5319,Consumer,2025
5320,Consumer,2022
5321,Consumer,2019
5322,Consumer,2024
5323,Small Business,2020
5324,Consumer,2025
5325,Consumer,2024
5326,Small Business,2023
5327,Consumer,2021
5328,Small Business,2019
5329,Consumer,2022
5330,Small Business,2020
5331,Consumer,2025
5332,Consumer,2024
5333,Consumer,2020
5334,Consumer,2019
5335,Consumer,2025
5336,Small Business,2022
5337,Consumer,2024
5338,Consumer,2023
5339,Consumer,2021
5340,Consumer,2024
5341,Consumer,2020
5342,Small Business,2024
5343,Small Business,2025
5344,Consumer,2019
5345,Consumer,2024
5346,Consumer,2023
5347,Consumer,2024
5348,Consumer,2024
5349,Consumer,2025
5350,Small Business,2019
5351,Consumer,2021
5352,Consumer,2022
5353,Consumer,2025
5354,Consumer,2023
5355,Consumer,2023
5356,Consumer,2021
5357,Small Business,2019
5358,Consumer,2021
5359,Consumer,2022
5360,Consumer,2019
5361,Consumer,2020
5362,Consumer,2024
5363,Consumer,2020
5364,Consumer,2020
5365,Consumer,2019
5366,Small Business,2022
5367,Enterprise,2019
5368,Consumer,2022
5369,Consumer,2019
5370,Small Business,2019
5371,Enterprise,2025
5372,Small Business,2022
5373,Consumer,2021
5374,Consumer,2020
5375,Consumer,2022
5376,Small Business,2020
5377,Consumer,2020
5378,Consumer,2021
5379,Consumer,2019
5380,Consumer,2022
5381,Consumer,2021
5382,Consumer,2022
5383,Consumer,2024
5384,Small Business,2019
5385,Consumer,2020
5386,Consumer,2021
5387,Small Business,2021
5388,Consumer,2019
5389,Consumer,2020
5390,Consumer,2020
5391,Consumer,2025
5392,Consumer,2019
5393,Consumer,2022
5394,Consumer,2020
5395,Consumer,2025
5396,Consumer,2022
5397,Consumer,2021
5398,Consumer,2025
5399,Consumer,2023
5400,Consumer,2020
5401,Consumer,2023
5402,Consumer,2024
5403,Small Business,2022
5404,Enterprise,2019
5405,Consumer,2024
5406,Consumer,2021
5407,Consumer,2019
5408,Consumer,2021
5409,Small Business,2022
5410,Consumer,2019
5411,Enterprise,2020
5412,Consumer,2023
5413,Consumer,2023
5414,Small Business,2020
5415,Consumer,2020
5416,Small Business,2024
5417,Consumer,2019
5418,Small Business,2023
5419,Consumer,2021
5420,Consumer,2024
5421,Small Business,2019
5422,Consumer,2020
5423,Consumer,2024
5424,Small Business,2021
5425,Consumer,2021
5426,Small Business,2023
5427,Consumer,2022
5428,Consumer,2022
5429,Consumer,2019
5430,Consumer,2023
5431,Enterprise,2019
5432,Consumer,2021
5433,Consumer,2021
5434,Consumer,2023
5435,Consumer,2023
5436,Consumer,2023
5437,Small Business,2023
5438,Small Business,2021
5439,Small Business,2021
5440,Consumer,2025
5441,Consumer,2023
5442,Consumer,2024
5443,Small Business,2025
5444,Consumer,2019
5445,Consumer,2019
5446,Consumer,2019
5447,Small Business,2022
5448,Small Business,2024
5449,Small Business,2025
5450,Consumer,2023
5451,Enterprise,2024
5452,Consumer,2025
5453,Consumer,2020
5454,Consumer,2023
5455,Consumer,2023
5456,Consumer,2020
5457,Consumer,2022
5458,Consumer,2019
5459,Consumer,2022
5460,Small Business,2022
5461,Consumer,2021
5462,Consumer,2022
5463,Consumer,2023
5464,Small Business,2025
5465,Consumer,2021
5466,Consumer,2023
5467,Consumer,2022
5468,Consumer,2025
5469,Consumer,2022
5470,Consumer,2024
5471,Consumer,2021
5472,Consumer,2023
5473,Consumer,2020
5474,Consumer,2022
5475,Consumer,2020
5476,Consumer,2023
5477,Consumer,2020
5478,Consumer,2022
5479,Consumer,2022
5480,Consumer,2024
5481,Consumer,2019
5482,Consumer,2020
5483,Consumer,2023
5484,Consumer,2025
5485,Consumer,2024
5486,Consumer,2022
5487,Small Business,2020
5488,Consumer,2022
5489,Consumer,2024
5490,Small Business,2020
5491,Consumer,2025
5492,Consumer,2020
5493,Consumer,2022
5494,Enterprise,2023
5495,Enterprise,2021
5496,Consumer,2020
5497,Small Business,2021
5498,Consumer,2019
5499,Consumer,2023
5500,Consumer,2020
5501,Consumer,2022
5502,Consumer,2021
5503,Small Business,2020
5504,Consumer,2025
5505,Consumer,2021
5506,Consumer,2023
5507,Consumer,2021
5508,Consumer,2021
5509,Enterprise,2020
5510,Consumer,2025
5511,Consumer,2023
5512,Consumer,2021
5513,Enterprise,2022
5514,Small Business,2025
5515,Consumer,2023
5516,Consumer,2025
5517,Consumer,2023
5518,Small Business,2023
5519,Small Business,2021
5520,Small Business,2022
5521,Consumer,2023
5522,Consumer,2024
5523,Consumer,2024
5524,Consumer,2021
5525,Consumer,2022
5526,Consumer,2021
5527,Consumer,2025
5528,Small Business,2020
5529,Small Business,2023
5530,Small Business,2020
5531,Small Business,2019
5532,Consumer,2019
5533,Consumer,2019
5534,Consumer,2024
5535,Consumer,2024
5536,Consumer,2019
5537,Consumer,2020
5538,Small Business,2021
5539,Small Business,2020
5540,Enterprise,2021
5541,Enterprise,2025
5542,Small Business,2021
5543,Consumer,2022
5544,Small Business,2024
5545,Small Business,2019
5546,Small Business,2024
5547,Consumer,2022
5548,Consumer,2023
5549,Small Business,2025
5550,Consumer,2023
5551,Consumer,2021
5552,Consumer,2024
5553,Consumer,2020
5554,Consumer,2021
5555,Enterprise,2023
5556,Small Business,2022
5557,Small Business,2024
5558,Consumer,2020
5559,Consumer,2023
5560,Consumer,2020
5561,Consumer,2023
5562,Consumer,2025
5563,Small Business,2025
5564,Enterprise,2024
5565,Consumer,2023
5566,Consumer,2022
5567,Consumer,2021
5568,Consumer,2019
5569,Consumer,2022
5570,Consumer,2024
5571,Consumer,2024
5572,Consumer,2025
5573,Small Business,2020
5574,Consumer,2025
5575,Consumer,2020
5576,Consumer,2023
5577,Consumer,2024
5578,Consumer,2023
5579,Small Business,2021
5580,Small Business,2019
5581,Consumer,2022
5582,Consumer,2019
5583,Consumer,2023
5584,Consumer,2020
5585,Consumer,2020
5586,Small Business,2022
5587,Consumer,2020
5588,Consumer,2025
5589,Consumer,2019
5590,Consumer,2025
5591,Small Business,2024
5592,Consumer,2021
5593,Consumer,2022
5594,Consumer,2021
5595,Small Business,2020
5596,Consumer,2021
5597,Consumer,2021
5598,Consumer,2022
5599,Consumer,2023
5600,Small Business,2024
5601,Consumer,2022
5602,Consumer,2024
5603,Consumer,2025
5604,Consumer,2025
5605,Consumer,2021
5606,Small Business,2022
5607,Consumer,2024
5608,Consumer,2023
5609,Consumer,2019
5610,Small Business,2025
5611,Consumer,2024
5612,Consumer,2023
5613,Consumer,2025
5614,Consumer,2020
5615,Enterprise,2025
5616,Consumer,2021
5617,Consumer,2024
5618,Consumer,2019
5619,Consumer,2022
5620,Consumer,2019
5621,Consumer,2025
5622,Consumer,2022
5623,Small Business,2024
5624,Small Business,2024
5625,Consumer,2022
5626,Enterprise,2020
5627,Enterprise,2022
5628,Consumer,2021
5629,Consumer,2020
5630,Consumer,2021
5631,Consumer,2020
5632,Consumer,2024
5633,Consumer,2025
5634,Enterprise,2020
5635,Consumer,2020
5636,Small Business,2019
5637,Consumer,2021
5638,Consumer,2023
5639,Small Business,2020
5640,Consumer,2022
5641,Consumer,2021
5642,Consumer,2019
5643,Consumer,2020
5644,Consumer,2024
5645,Consumer,2025
5646,Consumer,2021
5647,Consumer,2023
5648,Consumer,2022
5649,Consumer,2021
5650,Consumer,2023
5651,Consumer,2021
5652,Consumer,2019
5653,Small Business,2021
5654,Consumer,2020
5655,Consumer,2022
5656,Consumer,2022
5657,Enterprise,2022
5658,Consumer,2020
5659,Consumer,2025
5660,Consumer,2019
5661,Consumer,2021
5662,Consumer,2021
5663,Consumer,2022
5664,Consumer,2021
5665,Consumer,2025
5666,Consumer,2024
5667,Small Business,2019
5668,Consumer,2023
5669,Small Business,2022
5670,Small Business,2025
5671,Small Business,2021
5672,Small Business,2022
5673,Consumer,2025
5674,Consumer,2022
5675,Consumer,2023
5676,Consumer,2021
5677,Consumer,2024
5678,Consumer,2019
5679,Consumer,2025
5680,Small Business,2020
5681,Consumer,2023
5682,Consumer,2019
5683,Consumer,2019
5684,Consumer,2023
5685,Small Business,2024
5686,Consumer,2021
5687,Consumer,2019
5688,Consumer,2019
5689,Consumer,2025
5690,Consumer,2024
5691,Enterprise,2021
5692,Consumer,2020
5693,Consumer,2023
5694,Consumer,2025
5695,Consumer,2023
5696,Enterprise,2024
5697,Consumer,2024
5698,Consumer,2021
5699,Consumer,2024
5700,Consumer,2020
5701,Consumer,2020
5702,Consumer,2025
5703,Small Business,2021
5704,Consumer,2024
5705,Consumer,2021
5706,Small Business,2025
5707,Consumer,2020
5708,Consumer,2019
5709,Consumer,2022
5710,Consumer,2023
5711,Small Business,2021
5712,Consumer,2020
5713,Consumer,2024
5714,Consumer,2021
5715,Consumer,2023
5716,Consumer,2019
5717,Small Business,2025
5718,Consumer,2024
5719,Consumer,2020
5720,Enterprise,2022
5721,Consumer,2024
5722,Consumer,2024
5723,Consumer,2021
5724,Consumer,2019
5725,Consumer,2019
5726,Consumer,2025
5727,Consumer,2019
5728,Consumer,2021
5729,Consumer,2024
5730,Small Business,2025
5731,Consumer,2022
5732,Small Business,2023
5733,Consumer,2022
5734,Consumer,2019
5735,Consumer,2022
5736,Consumer,2024
5737,Consumer,2023
5738,Consumer,2022
5739,Consumer,2024
5740,Consumer,2020
5741,Consumer,2022
5742,Consumer,2020
5743,Consumer,2019
5744,Consumer,2025
5745,Consumer,2024
5746,Consumer,2025
5747,Consumer,2022
5748,Consumer,2023
5749,Consumer,2019
5750,Consumer,2020
5751,Small Business,2019
5752,Consumer,2021
5753,Small Business,2021
5754,Consumer,2020
5755,Consumer,2024
5756,Consumer,2023
5757,Consumer,2022
5758,Consumer,2021
5759,Small Business,2022
5760,Consumer,2021
5761,Consumer,2024
5762,Consumer,2024
5763,Consumer,2020
5764,Small Business,2025
5765,Consumer,2022
5766,Consumer,2020
5767,Small Business,2024
5768,Enterprise,2021
5769,Consumer,2020
5770,Consumer,2022
5771,Small Business,2021
5772,Consumer,2020
5773,Consumer,2024
5774,Consumer,2021
5775,Small Business,2022
5776,Small Business,2019
5777,Consumer,2021
5778,Consumer,2019
5779,Consumer,2020
5780,Consumer,2024
5781,Small Business,2025
5782,Consumer,2021
5783,Consumer,2023
5784,Consumer,2023
5785,Consumer,2024
5786,Small Business,2019
5787,Consumer,2021
5788,Small Business,2023
5789,Consumer,2021
5790,Consumer,2023
5791,Consumer,2025
5792,Consumer,2024
5793,Consumer,2022
5794,Consumer,2020
5795,Consumer,2021
5796,Small Business,2022
5797,Consumer,2024
5798,Consumer,2025
5799,Small Business,2024
5800,Consumer,2020
5801,Small Business,2019
5802,Consumer,2019
5803,Consumer,2020
5804,Consumer,2021
5805,Small Business,2019
5806,Consumer,2025
5807,Consumer,2021
5808,Enterprise,2020
5809,Consumer,2022
5810,Small Business,2019
5811,Consumer,2024
5812,Small Business,2025
5813,Small Business,2025
5814,Enterprise,2021
5815,Consumer,2023
5816,Small Business,2020
5817,Small Business,2019
5818,Consumer,2022
5819,Consumer,2024
5820,Enterprise,2019
5821,Consumer,2025
5822,Consumer,2021
5823,Consumer,2023
5824,Consumer,2019
5825,Small Business,2025
5826,Consumer,2022
5827,Consumer,2022
5828,Small Business,2023
5829,Consumer,2024
5830,Consumer,2019
5831,Consumer,2019
5832,Small Business,2022
5833,Enterprise,2024
5834,Consumer,2025
5835,Consumer,2019
5836,Consumer,2021
5837,Consumer,2024
5838,Consumer,2025
5839,Consumer,2020
5840,Consumer,2025
5841,Consumer,2024
5842,Consumer,2020
5843,Small Business,2024
5844,Consumer,2023
5845,Consumer,2024
5846,Consumer,2024
5847,Small Business,2020
5848,Consumer,2023
5849,Consumer,2022
5850,Consumer,2024
5851,Consumer,2019
5852,Enterprise,2020
5853,Consumer,2020
5854,Consumer,2025
5855,Small Business,2021
5856,Consumer,2020
5857,Consumer,2024
5858,Consumer,2023
5859,Consumer,2023
5860,Consumer,2025
5861,Small Business,2025
5862,Small Business,2021
5863,Small Business,2025
5864,Consumer,2022
5865,Consumer,2025
5866,Consumer,2023
5867,Enterprise,2019
5868,Small Business,2025
5869,Consumer,2023
5870,Consumer,2022
5871,Small Business,2021
5872,Small Business,2023
5873,Small Business,2025
5874,Consumer,2019
5875,Consumer,2020
5876,Consumer,2019
5877,Consumer,2020
5878,Enterprise,2019
5879,Consumer,2020
5880,Consumer,2022
5881,Consumer,2024
5882,Consumer,2022
5883,Consumer,2020
5884,Consumer,2019
5885,Small Business,2025
5886,Consumer,2020
5887,Consumer,2024
5888,Consumer,2020
5889,Consumer,2023
5890,Consumer,2025
5891,Small Business,2025
5892,Consumer,2019
5893,Enterprise,2022
5894,Consumer,2022
5895,Consumer,2025
5896,Consumer,2024
5897,Consumer,2020
5898,Small Business,2025
5899,Consumer,2021
5900,Consumer,2023
5901,Consumer,2020
5902,Small Business,2020
5903,Consumer,2019
5904,Small Business,2019
5905,Consumer,2025
5906,Small Business,2020
5907,Consumer,2023
5908,Consumer,2024
5909,Enterprise,2019
5910,Consumer,2021
5911,Consumer,2022
5912,Consumer,2021
5913,Consumer,2025
5914,Consumer,2020
5915,Consumer,2024
5916,Small Business,2022
5917,Small Business,2021
5918,Consumer,2021
5919,Consumer,2023
5920,Small Business,2021
5921,Consumer,2023
5922,Consumer,2019
5923,Consumer,2020
5924,Consumer,2022
5925,Consumer,2020
5926,Small Business,2019
5927,Enterprise,2020
5928,Consumer,2022
5929,Consumer,2025
5930,Consumer,2023
5931,Consumer,2025
5932,Small Business,2022
5933,Consumer,2019
5934,Enterprise,2020
5935,Consumer,2024
5936,Consumer,2023
5937,Consumer,2024
5938,Consumer,2021
5939,Small Business,2025
5940,Consumer,2021
5941,Consumer,2024
5942,Consumer,2020
5943,Consumer,2022
5944,Small Business,2025
5945,Consumer,2024
5946,Consumer,2021
5947,Consumer,2025
5948,Consumer,2022
5949,Consumer,2025
5950,Consumer,2019
5951,Consumer,2024
5952,Consumer,2023
5953,Consumer,2020
5954,Small Business,2020
5955,Consumer,2024
5956,Consumer,2024
5957,Consumer,2020
5958,Consumer,2019
5959,Small Business,2021
5960,Consumer,2021
5961,Consumer,2023
5962,Small Business,2024
5963,Small Business,2020
5964,Small Business,2021
5965,Consumer,2020
5966,Consumer,2019
5967,Consumer,2025
5968,Consumer,2024
5969,Consumer,2024
5970,Small Business,2025
5971,Consumer,2019
5972,Consumer,2021
5973,Consumer,2024
5974,Consumer,2023
5975,Consumer,2024
5976,Small Business,2021
5977,Consumer,2019
5978,Small Business,2022
5979,Consumer,2024
5980,Consumer,2024
5981,Consumer,2020
5982,Small Business,2023
5983,Consumer,2023
5984,Consumer,2021
5985,Consumer,2020
5986,Small Business,2020
5987,Consumer,2019
5988,Small Business,2022
5989,Enterprise,2021
5990,Small Business,2023
5991,Consumer,2023
5992,Consumer,2023
5993,Enterprise,2025
5994,Consumer,2019
5995,Consumer,2019
5996,Consumer,2021
5997,Small Business,2019
5998,Consumer,2024
5999,Consumer,2021
6000,Consumer,2020
6001,Small Business,2019
6002,Consumer,2025
6003,Small Business,2021
6004,Small Business,2022
6005,Enterprise,2020
6006,Small Business,2024
6007,Consumer,2024
6008,Consumer,2021
6009,Consumer,2024
6010,Enterprise,2021
6011,Consumer,2025
6012,Consumer,2025
6013,Small Business,2022
6014,Consumer,2022
6015,Small Business,2024
6016,Consumer,2019
6017,Consumer,2022
6018,Consumer,2025
6019,Consumer,2020
6020,Consumer,2021
6021,Small Business,2024
6022,Consumer,2023
6023,Consumer,2022
6024,Small Business,2019
6025,Small Business,2020
6026,Consumer,2024
6027,Enterprise,2022
6028,Consumer,2025
6029,Consumer,2019
6030,Consumer,2021
6031,Small Business,2019
6032,Consumer,2020
6033,Consumer,2019
6034,Small Business,2022
6035,Consumer,2020
6036,Consumer,2020
6037,Small Business,2025
6038,Consumer,2022
6039,Consumer,2022
6040,Consumer,2023
6041,Enterprise,2022
6042,Consumer,2019
6043,Consumer,2022
6044,Consumer,2025
6045,Consumer,2023
6046,Enterprise,2023
6047,Consumer,2022
6048,Consumer,2021
6049,Consumer,2022
6050,Consumer,2021
6051,Consumer,2023
6052,Enterprise,2024
6053,Consumer,2019
6054,Consumer,2022
6055,Consumer,2020
6056,Consumer,2025
6057,Consumer,2020
6058,Consumer,2019
6059,Consumer,2023
6060,Small Business,2020
6061,Small Business,2020
6062,Consumer,2022
6063,Small Business,2025
6064,Consumer,2019
6065,Consumer,2022
6066,Small Business,2021
6067,Consumer,2020
6068,Consumer,2022
6069,Small Business,2025
6070,Consumer,2020
6071,Small Business,2020
6072,Consumer,2020
6073,Small Business,2023
6074,Consumer,2020
6075,Consumer,2023
6076,Consumer,2019
6077,Small Business,2023
6078,Consumer,2020
6079,Small Business,2019
6080,Consumer,2019
6081,Consumer,2024
6082,Consumer,2025
6083,Consumer,2021
6084,Enterprise,2020
6085,Consumer,2024
6086,Consumer,2019
6087,Consumer,2021
6088,Consumer,2025
6089,Consumer,2021
6090,Small Business,2024
6091,Consumer,2021
6092,Consumer,2020
6093,Consumer,2021
6094,Consumer,2025
6095,Consumer,2022
6096,Consumer,2025
6097,Consumer,2025
6098,Small Business,2024
6099,Enterprise,2021
6100,Enterprise,2023
6101,Small Business,2021
6102,Consumer,2023
6103,Small Business,2023
6104,Consumer,2025
6105,Consumer,2024
6106,Consumer,2022
6107,Consumer,2025
6108,Enterprise,2024
6109,Small Business,2021
6110,Consumer,2019
6111,Consumer,2021
6112,Consumer,2023
6113,Consumer,2020
6114,Small Business,2025
6115,Enterprise,2025
6116,Consumer,2019
6117,Consumer,2021
6118,Consumer,2020
6119,Consumer,2025
6120,Consumer,2024
6121,Consumer,2023
6122,Consumer,2024
6123,Consumer,2024
6124,Consumer,2024
6125,Small Business,2023
6126,Consumer,2025
6127,Small Business,2022
6128,Consumer,2019
6129,Consumer,2021
6130,Consumer,2023
6131,Consumer,2025
6132,Consumer,2023
6133,Consumer,2020
6134,Consumer,2020
6135,Enterprise,2024
6136,Consumer,2020
6137,Consumer,2019
6138,Small Business,2023
6139,Consumer,2022
6140,Consumer,2023
6141,Small Business,2022
6142,Consumer,2023
6143,Consumer,2021
6144,Consumer,2022
6145,Consumer,2020
6146,Small Business,2023
6147,Consumer,2023
6148,Consumer,2021
6149,Consumer,2022
6150,Consumer,2020
6151,Consumer,2024
6152,Consumer,2023
6153,Small Business,2023
6154,Consumer,2023
6155,Small Business,2024
6156,Consumer,2024
6157,Consumer,2020
6158,Consumer,2021
6159,Small Business,2022
6160,Consumer,2024
6161,Consumer,2019
6162,Small Business,2025
6163,Consumer,2021
6164,Consumer,2021
6165,Consumer,2020
6166,Consumer,2022
6167,Consumer,2020
6168,Consumer,2025
6169,Small Business,2021
6170,Consumer,2021
6171,Consumer,2019
6172,Enterprise,2024
6173,Consumer,2025
6174,Consumer,2023
6175,Consumer,2025
6176,Consumer,2021
6177,Consumer,2023
6178,Enterprise,2025
6179,Small Business,2024
6180,Consumer,2020
6181,Consumer,2025
6182,Small Business,2019
6183,Consumer,2019
6184,Small Business,2020
6185,Consumer,2024
6186,Consumer,2025
6187,Small Business,2022
6188,Consumer,2021
6189,Consumer,2022
6190,Small Business,2023
6191,Consumer,2020
6192,Consumer,2020
6193,Consumer,2021
6194,Consumer,2022
6195,Consumer,2024
6196,Consumer,2022
6197,Consumer,2019
6198,Small Business,2020
6199,Consumer,2019
6200,Consumer,2021
6201,Consumer,2022
6202,Small Business,2020
6203,Consumer,2019
6204,Small Business,2019
6205,Consumer,2023
6206,Consumer,2022
6207,Enterprise,2025
6208,Small Business,2022
6209,Consumer,2021
6210,Consumer,2019
6211,Consumer,2024
6212,Consumer,2021
6213,Small Business,2023
6214,Small Business,2022
6215,Consumer,2019
6216,Consumer,2025
6217,Consumer,2019
6218,Consumer,2023
6219,Small Business,2020
6220,Consumer,2025
6221,Consumer,2020
6222,Consumer,2022
6223,Enterprise,2019
6224,Consumer,2024
6225,Consumer,2020
6226,Consumer,2019
6227,Consumer,2020
6228,Consumer,2022
6229,Consumer,2021
6230,Consumer,2021
6231,Consumer,2019
6232,Small Business,2024
6233,Consumer,2021
6234,Consumer,2025
6235,Consumer,2021
6236,Small Business,2023
6237,Small Business,2021
6238,Small Business,2019
6239,Consumer,2023
6240,Consumer,2023
6241,Consumer,2025
6242,Consumer,2024
6243,Consumer,2023
6244,Consumer,2019
6245,Consumer,2024
6246,Consumer,2020
6247,Consumer,2024
6248,Consumer,2023
6249,Small Business,2024
6250,Consumer,2021
6251,Small Business,2022
6252,Consumer,2019
6253,Small Business,2021
6254,Small Business,2025
6255,Consumer,2020
6256,Enterprise,2025
6257,Consumer,2019
6258,Consumer,2021
6259,Small Business,2021
6260,Consumer,2025
6261,Consumer,2022
6262,Consumer,2024
6263,Consumer,2024
6264,Consumer,2022
6265,Consumer,2024
6266,Consumer,2024
6267,Consumer,2022
6268,Consumer,2025
6269,Consumer,2022
6270,Consumer,2024
6271,Consumer,2021
6272,Consumer,2021
6273,Small Business,2021
6274,Small Business,2020
6275,Consumer,2024
6276,Consumer,2022
6277,Small Business,2023
6278,Small Business,2020
6279,Consumer,2023
6280,Consumer,2019
6281,Consumer,2023
6282,Consumer,2022
6283,Small Business,2019
6284,Consumer,2021
6285,Consumer,2019
6286,Consumer,2019
6287,Small Business,2024
6288,Consumer,2025
6289,Small Business,2024
6290,Consumer,2019
6291,Consumer,2023
6292,Consumer,2023
6293,Consumer,2021
6294,Enterprise,2022
6295,Consumer,2020
6296,Consumer,2025
6297,Consumer,2020
6298,Consumer,2020
6299,Consumer,2024
6300,Small Business,2020
6301,Consumer,2025
6302,Consumer,2023
6303,Consumer,2025
6304,Consumer,2022
6305,Consumer,2025
6306,Consumer,2024
6307,Consumer,2024
6308,Consumer,2020
6309,Small Business,2024
6310,Small Business,2021
6311,Consumer,2024
6312,Consumer,2019
6313,Consumer,2019
6314,Consumer,2024
6315,Consumer,2019
6316,Consumer,2021
6317,Small Business,2022
6318,Consumer,2020
6319,Consumer,2024
6320,Consumer,2023
6321,Consumer,2023
6322,Consumer,2020
6323,Consumer,2019
6324,Consumer,2019
6325,Small Business,2020
6326,Small Business,2020
6327,Consumer,2023
6328,Enterprise,2024
6329,Consumer,2020
6330,Small Business,2023
6331,Consumer,2025
6332,Consumer,2022
6333,Consumer,2020
6334,Consumer,2022
6335,Consumer,2019
6336,Consumer,2025
6337,Consumer,2025
6338,Consumer,2019
6339,Consumer,2020
6340,Enterprise,2020
6341,Consumer,2025
6342,Small Business,2025
6343,Consumer,2021
6344,Consumer,2022
6345,Consumer,2023
6346,Consumer,2025
6347,Consumer,2024
6348,Small Business,2023
6349,Consumer,2022
6350,Small Business,2024
6351,Consumer,2023
6352,Consumer,2023
6353,Consumer,2020
6354,Enterprise,2019
6355,Consumer,2022
6356,Consumer,2025
6357,Consumer,2025
6358,Consumer,2022
6359,Enterprise,2025
6360,Small Business,2019
6361,Consumer,2024
6362,Enterprise,2020
6363,Small Business,2021
6364,Consumer,2021
6365,Consumer,2020
6366,Consumer,2021
6367,Consumer,2022
6368,Consumer,2019
6369,Consumer,2020
6370,Enterprise,2020
6371,Enterprise,2019
6372,Consumer,2025
6373,Consumer,2022
6374,Consumer,2023
6375,Consumer,2023
6376,Consumer,2021
6377,Consumer,2020
6378,Consumer,2019
6379,Consumer,2024
6380,Consumer,2024
6381,Consumer,2023
6382,Small Business,2024
6383,Consumer,2024
6384,Consumer,2019
6385,Consumer,2023
6386,Consumer,2025
6387,Consumer,2024
6388,Consumer,2020
6389,Consumer,2023
6390,Consumer,2020
6391,Consumer,2019
6392,Consumer,2021
6393,Consumer,2021
6394,Consumer,2025
6395,Consumer,2022
6396,Consumer,2024
6397,Consumer,2025
6398,Consumer,2023
6399,Consumer,2022
6400,Consumer,2022
6401,Consumer,2024
6402,Consumer,2021
6403,Consumer,2022
6404,Small Business,2021
6405,Small Business,2020
6406,Enterprise,2021
6407,Consumer,2019
6408,Consumer,2025
6409,Consumer,2025
6410,Consumer,2023
6411,Consumer,2024
6412,Consumer,2021
6413,Consumer,2022
6414,Consumer,2025
6415,Consumer,2019
6416,Consumer,2020
6417,Small Business,2024
6418,Consumer,2019
6419,Consumer,2024
6420,Enterprise,2021
6421,Consumer,2023
6422,Consumer,2025
6423,Consumer,2023
6424,Consumer,2019
6425,Consumer,2022
6426,Small Business,2019
6427,Small Business,2025
6428,Small Business,2021
6429,Enterprise,2025
6430,Consumer,2025
6431,Small Business,2021
6432,Consumer,2021
6433,Consumer,2025
6434,Small Business,2023
6435,Small Business,2022
6436,Small Business,2025
6437,Consumer,2020
6438,Consumer,2023
6439,Consumer,2021
6440,Consumer,2019
6441,Small Business,2021
6442,Small Business,2020
6443,Consumer,2025
6444,Consumer,2020
6445,Consumer,2025
6446,Consumer,2024
6447,Consumer,2021
6448,Small Business,2024
6449,Consumer,2019
6450,Enterprise,2020
6451,Consumer,2024
6452,Small Business,2021
6453,Consumer,2020
6454,Consumer,2019
6455,Consumer,2024
6456,Consumer,2022
6457,Small Business,2022
6458,Consumer,2021
6459,Consumer,2019
6460,Consumer,2025
6461,Consumer,2020
6462,Consumer,2021
6463,Consumer,2024
6464,Consumer,2019
6465,Consumer,2023
6466,Small Business,2022
6467,Small Business,2024
6468,Consumer,2025
6469,Consumer,2019
6470,Small Business,2021
6471,Consumer,2021
6472,Enterprise,2024
6473,Consumer,2022
6474,Consumer,2021
6475,Consumer,2020
6476,Consumer,2022
6477,Consumer,2023
6478,Consumer,2022
6479,Consumer,2023
6480,Small Business,2025
6481,Consumer,2025
6482,Consumer,2022
6483,Consumer,2025
6484,Consumer,2021
6485,Consumer,2019
6486,Consumer,2024
6487,Consumer,2024
6488,Consumer,2019
6489,Consumer,2021
6490,Consumer,2020
6491,Small Business,2022
6492,Consumer,2021
6493,Consumer,2024
6494,Enterprise,2022
6495,Consumer,2025
6496,Consumer,2024
6497,Small Business,2021
6498,Consumer,2022
6499,Small Business,2023
6500,Consumer,2022
6501,Enterprise,2025
6502,Enterprise,2019
6503,Consumer,2025
6504,Small Business,2025
6505,Consumer,2021
6506,Consumer,2021
6507,Consumer,2019
6508,Consumer,2019
6509,Consumer,2020
6510,Consumer,2024
6511,Consumer,2024
6512,Consumer,2025
6513,Small Business,2021
6514,Consumer,2021
6515,Small Business,2024
6516,Small Business,2022
6517,Small Business,2019
6518,Consumer,2024
6519,Small Business,2019
6520,Small Business,2019
6521,Small Business,2025
6522,Small Business,2025
6523,Consumer,2023
6524,Consumer,2021
6525,Small Business,2020
6526,Consumer,2022
6527,Small Business,2022
6528,Consumer,2019
6529,Consumer,2023
6530,Consumer,2019
6531,Consumer,2022
6532,Enterprise,2019
6533,Consumer,2019
6534,Consumer,2021
6535,Consumer,2023
6536,Enterprise,2025
6537,Consumer,2019
6538,Consumer,2022
6539,Consumer,2024
6540,Consumer,2021
6541,Enterprise,2024
6542,Enterprise,2022
6543,Consumer,2019
6544,Consumer,2020
6545,Consumer,2021
6546,Consumer,2023
6547,Consumer,2020
6548,Consumer,2022
6549,Consumer,2024
6550,Small Business,2021
6551,Consumer,2020
6552,Consumer,2023
6553,Consumer,2023
6554,Consumer,2021
6555,Consumer,2024
6556,Consumer,2024
6557,Consumer,2019
6558,Small Business,2023
6559,Small Business,2023
6560,Small Business,2020
6561,Consumer,2020
6562,Consumer,2020
6563,Consumer,2021
6564,Consumer,2020
6565,Enterprise,2023
6566,Enterprise,2025
6567,Consumer,2022
6568,Consumer,2024
6569,Consumer,2022
6570,Consumer,2025
6571,Enterprise,2021
6572,Consumer,2024
6573,Consumer,2024
6574,Consumer,2025
6575,Consumer,2021
6576,Consumer,2021
6577,Small Business,2019
6578,Consumer,2023
6579,Consumer,2022
6580,Consumer,2021
6581,Consumer,2020
6582,Consumer,2025
6583,Consumer,2025
6584,Consumer,2025
6585,Consumer,2022
6586,Small Business,2024
6587,Consumer,2024
6588,Enterprise,2024
6589,Consumer,2021
6590,Consumer,2025
6591,Consumer,2023
6592,Consumer,2019
6593,Consumer,2020
6594,Consumer,2022
6595,Small Business,2025
6596,Consumer,2024
6597,Consumer,2023
6598,Enterprise,2023
6599,Consumer,2025
6600,Enterprise,2022
6601,Small Business,2021
6602,Small Business,2021
6603,Small Business,2022
6604,Consumer,2020
6605,Consumer,2025
6606,Small Business,2025
6607,Small Business,2021
6608,Consumer,2024
6609,Consumer,2024
6610,Consumer,2023
6611,Consumer,2019
6612,Consumer,2019
6613,Small Business,2024
6614,Small Business,2019
6615,Consumer,2024
6616,Consumer,2022
6617,Consumer,2024
6618,Consumer,2019
6619,Consumer,2021
6620,Consumer,2020
6621,Consumer,2022
6622,Consumer,2019
6623,Consumer,2020
6624,Consumer,2021
6625,Consumer,2022
6626,Consumer,2019
6627,Consumer,2021
6628,Consumer,2024
6629,Consumer,2021
6630,Consumer,2023
6631,Enterprise,2025
6632,Consumer,2022
6633,Consumer,2025
6634,Consumer,2025
6635,Small Business,2022
6636,Small Business,2022
6637,Consumer,2021
6638,Consumer,2025
6639,Consumer,2024
6640,Consumer,2020
6641,Consumer,2023
6642,Consumer,2020
6643,Enterprise,2025
6644,Small Business,2021
6645,Consumer,2019
6646,Enterprise,2025
6647,Consumer,2023
6648,Consumer,2025
6649,Small Business,2025
6650,Consumer,2022
6651,Consumer,2022
6652,Consumer,2024
6653,Consumer,2021
6654,Consumer,2020
6655,Consumer,2022
6656,Consumer,2023
6657,Consumer,2024
6658,Consumer,2020
6659,Consumer,2022
6660,Consumer,2023
6661,Consumer,2025
6662,Consumer,2020
6663,Small Business,2023
6664,Consumer,2023
6665,Small Business,2025
6666,Small Business,2022
6667,Consumer,2020
6668,Small Business,2022
6669,Small Business,2024
6670,Consumer,2020
6671,Consumer,2024
6672,Small Business,2022
6673,Enterprise,2024
6674,Consumer,2021
6675,Small Business,2024
6676,Small Business,2020
6677,Small Business,2022
6678,Enterprise,2022
6679,Consumer,2020
6680,Consumer,2019
6681,Consumer,2025
6682,Consumer,2021
6683,Consumer,2025
6684,Small Business,2021
6685,Small Business,2023
6686,Consumer,2022
6687,Consumer,2021
6688,Consumer,2022
6689,Consumer,2020
6690,Consumer,2019
6691,Consumer,2023
6692,Consumer,2020
6693,Small Business,2022
6694,Consumer,2022
6695,Consumer,2025
6696,Consumer,2024
6697,Consumer,2020
6698,Enterprise,2019
6699,Small Business,2025
6700,Consumer,2019
6701,Consumer,2024
6702,Consumer,2024
6703,Consumer,2025
6704,Consumer,2021
6705,Consumer,2021
6706,Consumer,2020
6707,Consumer,2020
6708,Consumer,2020
6709,Consumer,2020
6710,Consumer,2025
6711,Consumer,2022
6712,Consumer,2022
6713,Consumer,2023
6714,Consumer,2020
6715,Small Business,2025
6716,Enterprise,2021
6717,Consumer,2022
6718,Small Business,2020
6719,Consumer,2021
6720,Consumer,2020
6721,Consumer,2022
6722,Consumer,2025
6723,Consumer,2019
6724,Enterprise,2022
6725,Consumer,2021
6726,Consumer,2023
6727,Consumer,2024
6728,Consumer,2025
6729,Consumer,2020
6730,Consumer,2020
6731,Consumer,2022
6732,Small Business,2019
6733,Consumer,2022
6734,Consumer,2020
6735,Small Business,2021
6736,Consumer,2023
6737,Consumer,2020
6738,Consumer,2021
6739,Consumer,2023
6740,Consumer,2022
6741,Consumer,2024
6742,Consumer,2019
6743,Consumer,2021
6744,Consumer,2019
6745,Consumer,2019
6746,Consumer,2021
6747,Consumer,2020
6748,Consumer,2020
6749,Consumer,2025
6750,Enterprise,2024
6751,Consumer,2022
6752,Consumer,2025
6753,Consumer,2019
6754,Consumer,2025
6755,Consumer,2025
6756,Small Business,2022
6757,Consumer,2023
6758,Consumer,2021
6759,Consumer,2025
6760,Small Business,2022
6761,Consumer,2020
6762,Consumer,2019
6763,Consumer,2023
6764,Small Business,2025
6765,Consumer,2023
6766,Enterprise,2023
6767,Small Business,2024
6768,Consumer,2021
6769,Small Business,2021
6770,Consumer,2024
6771,Consumer,2023
6772,Consumer,2020
6773,Small Business,2019
6774,Consumer,2024
6775,Consumer,2025
6776,Consumer,2021
6777,Consumer,2024
6778,Small Business,2025
6779,Consumer,2023
6780,Consumer,2025
6781,Small Business,2025
6782,Small Business,2021
6783,Consumer,2025
6784,Consumer,2022
6785,Consumer,2021
6786,Consumer,2020
6787,Consumer,2023
6788,Consumer,2024
6789,Small Business,2020
6790,Consumer,2022
6791,Small Business,2025
6792,Small Business,2025
6793,Consumer,2022
6794,Consumer,2025
6795,Consumer,2024
6796,Small Business,2020
6797,Consumer,2022
6798,Consumer,2019
6799,Consumer,2019
6800,Small Business,2023
6801,Consumer,2019
6802,Consumer,2021
6803,Consumer,2020
6804,Consumer,2020
6805,Small Business,2020
6806,Small Business,2022
6807,Small Business,2024
6808,Consumer,2022
6809,Consumer,2024
6810,Consumer,2022
6811,Consumer,2023
6812,Consumer,2021
6813,Small Business,2021
6814,Consumer,2020
6815,Consumer,2022
6816,Enterprise,2020
6817,Consumer,2023
6818,Consumer,2024
6819,Small Business,2025
6820,Consumer,2022
6821,Consumer,2025
6822,Consumer,2022
6823,Small Business,2023
6824,Consumer,2025
6825,Consumer,2022
6826,Consumer,2025
6827,Consumer,2023
6828,Small Business,2019
6829,Consumer,2022
6830,Consumer,2024
6831,Consumer,2023
6832,Consumer,2020
6833,Consumer,2021
6834,Consumer,2024
6835,Consumer,2024
6836,Consumer,2020
6837,Small Business,2022
6838,Enterprise,2020
6839,Consumer,2021
6840,Consumer,2025
6841,Consumer,2019
6842,Consumer,2022
6843,Consumer,2022
6844,Small Business,2021
6845,Small Business,2025
6846,Consumer,2025
6847,Enterprise,2019
6848,Consumer,2021
6849,Consumer,2020
6850,Consumer,2019
6851,Consumer,2022
6852,Small Business,2021
6853,Consumer,2021
6854,Consumer,2023
6855,Consumer,2025
6856,Small Business,2023
6857,Consumer,2023
6858,Consumer,2022
6859,Consumer,2021
6860,Small Business,2022
6861,Consumer,2020
6862,Consumer,2022
6863,Small Business,2021
6864,Consumer,2021
6865,Consumer,2025
6866,Consumer,2019
6867,Consumer,2024
6868,Consumer,2020
6869,Consumer,2021
6870,Consumer,2024
6871,Consumer,2025
6872,Consumer,2024
6873,Enterprise,2024
6874,Consumer,2021
6875,Consumer,2021
6876,Consumer,2021
6877,Consumer,2024
6878,Consumer,2023
6879,Consumer,2019
6880,Consumer,2019
6881,Consumer,2019
6882,Small Business,2022
6883,Small Business,2025
6884,Small Business,2022
6885,Consumer,2020
6886,Consumer,2022
6887,Consumer,2023
6888,Small Business,2019
6889,Small Business,2023
6890,Small Business,2025
6891,Consumer,2025
6892,Small Business,2020
6893,Consumer,2025
6894,Small Business,2019
6895,Consumer,2022
6896,Consumer,2021
6897,Consumer,2023
6898,Enterprise,2024
6899,Consumer,2023
6900,Consumer,2024
6901,Consumer,2025
6902,Consumer,2022
6903,Enterprise,2023
6904,Consumer,2022
6905,Consumer,2020
6906,Small Business,2022
6907,Consumer,2022
6908,Consumer,2019
6909,Consumer,2021
6910,Consumer,2020
6911,Consumer,2023
6912,Consumer,2021
6913,Consumer,2019
6914,Small Business,2022
6915,Small Business,2022
6916,Small Business,2023
6917,Consumer,2024
6918,Consumer,2025
6919,Enterprise,2023
6920,Small Business,2022
6921,Consumer,2020
6922,Consumer,2023
6923,Consumer,2021
6924,Consumer,2025
6925,Consumer,2023
6926,Consumer,2020
6927,Enterprise,2025
6928,Consumer,2022
6929,Consumer,2023
6930,Consumer,2024
6931,Small Business,2023
6932,Small Business,2022
6933,Consumer,2024
6934,Consumer,2025
6935,Consumer,2020
6936,Small Business,2022
6937,Consumer,2023
6938,Small Business,2025
6939,Consumer,2023
6940,Consumer,2020
6941,Consumer,2024
6942,Consumer,2024
6943,Consumer,2024
6944,Consumer,2020
6945,Small Business,2020
6946,Consumer,2019
6947,Enterprise,2021
6948,Consumer,2019
6949,Consumer,2024
6950,Small Business,2023
6951,Small Business,2021
6952,Consumer,2021
6953,Consumer,2022
6954,Consumer,2020
6955,Consumer,2021
6956,Consumer,2023
6957,Consumer,2022
6958,Consumer,2022
6959,Consumer,2024
6960,Small Business,2021
6961,Small Business,2019
6962,Small Business,2022
6963,Consumer,2020
6964,Consumer,2025
6965,Consumer,2020
6966,Consumer,2024
6967,Consumer,2022
6968,Consumer,2022
6969,Consumer,2025
6970,Consumer,2024
6971,Consumer,2020
6972,Consumer,2025
6973,Consumer,2021
6974,Consumer,2021
6975,Enterprise,2024
6976,Consumer,2020
6977,Small Business,2021
6978,Small Business,2019
6979,Consumer,2022
6980,Consumer,2023
6981,Consumer,2023
6982,Consumer,2025
6983,Consumer,2023
6984,Small Business,2019
6985,Enterprise,2020
6986,Consumer,2022
6987,Consumer,2022
6988,Consumer,2020
6989,Small Business,2022
6990,Consumer,2022
6991,Consumer,2022
6992,Small Business,2024
6993,Consumer,2021
6994,Consumer,2024
6995,Consumer,2023
6996,Consumer,2025
6997,Consumer,2023
6998,Consumer,2022
6999,Consumer,2019
7000,Small Business,2023
7001,Consumer,2022
7002,Small Business,2025
7003,Consumer,2023
7004,Small Business,2023
7005,Consumer,2025
7006,Small Business,2025
7007,Consumer,2020
7008,Consumer,2020
7009,Consumer,2024
7010,Consumer,2019
7011,Enterprise,2024
7012,Enterprise,2020
7013,Small Business,2021
7014,Consumer,2024
7015,Small Business,2019
7016,Small Business,2019
7017,Consumer,2024
7018,Consumer,2024
7019,Consumer,2024
7020,Consumer,2022
7021,Consumer,2024
7022,Small Business,2023
7023,Consumer,2021
7024,Consumer,2024
7025,Consumer,2020
7026,Small Business,2021
7027,Enterprise,2024
7028,Small Business,2020
7029,Consumer,2021
7030,Consumer,2023
7031,Consumer,2023
7032,Consumer,2025
7033,Consumer,2023
7034,Consumer,2019
7035,Consumer,2025
7036,Consumer,2020
7037,Small Business,2023
7038,Consumer,2025
7039,Consumer,2023
7040,Consumer,2019
7041,Consumer,2021
7042,Consumer,2019
7043,Consumer,2021
7044,Consumer,2025
7045,Consumer,2020
7046,Consumer,2024
7047,Small Business,2019
7048,Small Business,2020
7049,Consumer,2023
7050,Consumer,2025
7051,Consumer,2023
7052,Consumer,2023
7053,Consumer,2024
7054,Consumer,2019
7055,Consumer,2025
7056,Enterprise,2022
7057,Consumer,2021
7058,Small Business,2025
7059,Consumer,2022
7060,Consumer,2023
7061,Enterprise,2021
7062,Consumer,2023
7063,Consumer,2020
7064,Enterprise,2021
7065,Consumer,2022
7066,Consumer,2020
7067,Consumer,2025
7068,Consumer,2023
7069,Consumer,2025
7070,Consumer,2020
7071,Small Business,2021
7072,Consumer,2024
7073,Consumer,2020
7074,Consumer,2020
7075,Consumer,2025
7076,Small Business,2019
7077,Consumer,2022
7078,Consumer,2019
7079,Small Business,2021
7080,Small Business,2024
7081,Small Business,2021
7082,Consumer,2022
7083,Consumer,2025
7084,Consumer,2021
7085,Consumer,2023
7086,Small Business,2022
7087,Consumer,2024
7088,Consumer,2023
7089,Small Business,2024
7090,Enterprise,2025
7091,Consumer,2025
7092,Enterprise,2021
7093,Consumer,2020
7094,Consumer,2020
7095,Consumer,2024
7096,Enterprise,2025
7097,Small Business,2020
7098,Consumer,2022
7099,Consumer,2019
7100,Consumer,2023
7101,Consumer,2023
7102,Small Business,2020
7103,Consumer,2025
7104,Small Business,2025
7105,Consumer,2025
7106,Consumer,2025
7107,Consumer,2019
7108,Enterprise,2022
7109,Consumer,2021
7110,Consumer,2019
7111,Consumer,2025
7112,Small Business,2019
7113,Small Business,2023
7114,Small Business,2021
7115,Consumer,2023
7116,Small Business,2022
7117,Consumer,2020
7118,Consumer,2022
7119,Consumer,2023
7120,Consumer,2022
7121,Enterprise,2020
7122,Enterprise,2020
7123,Consumer,2023
7124,Consumer,2020
7125,Small Business,2023
7126,Enterprise,2025
7127,Small Business,2023
7128,Consumer,2020
7129,Consumer,2023
7130,Small Business,2025
7131,Small Business,2023
7132,Small Business,2023
7133,Consumer,2023
7134,Consumer,2019
7135,Consumer,2019
7136,Small Business,2023
7137,Consumer,2022
7138,Consumer,2025
7139,Small Business,2022
7140,Small Business,2024
7141,Consumer,2023
7142,Small Business,2021
7143,Consumer,2025
7144,Consumer,2019
7145,Consumer,2023
7146,Consumer,2022
7147,Enterprise,2024
7148,Small Business,2019
7149,Consumer,2020
7150,Small Business,2021
7151,Consumer,2022
7152,Consumer,2025
7153,Small Business,2025
7154,Consumer,2023
7155,Consumer,2019
7156,Consumer,2024
7157,Consumer,2024
7158,Enterprise,2022
7159,Consumer,2019
7160,Consumer,2020
7161,Consumer,2024
7162,Small Business,2020
7163,Consumer,2021
7164,Consumer,2024
7165,Consumer,2020
7166,Consumer,2022
7167,Consumer,2023
7168,Consumer,2022
7169,Consumer,2025
7170,Consumer,2020
7171,Small Business,2023
7172,Consumer,2021
7173,Consumer,2022
7174,Consumer,2019
7175,Consumer,2023
7176,Small Business,2020
7177,Small Business,2024
7178,Small Business,2025
7179,Consumer,2021
7180,Consumer,2024
7181,Consumer,2022
7182,Enterprise,2024
7183,Consumer,2025
7184,Small Business,2025
7185,Consumer,2020
7186,Consumer,2023
7187,Small Business,2019
7188,Consumer,2021
7189,Consumer,2021
7190,Consumer,2022
7191,Enterprise,2024
7192,Consumer,2019
7193,Small Business,2022
7194,Consumer,2024
7195,Consumer,2020
7196,Consumer,2024
7197,Consumer,2019
7198,Enterprise,2022
7199,Small Business,2025
7200,Enterprise,2021
7201,Enterprise,2023
7202,Consumer,2020
7203,Consumer,2021
7204,Small Business,2019
7205,Consumer,2019
7206,Small Business,2021
7207,Consumer,2025
7208,Consumer,2025
7209,Consumer,2019
7210,Consumer,2019
7211,Consumer,2023
7212,Consumer,2025
7213,Consumer,2022
7214,Consumer,2022
7215,Consumer,2023
7216,Consumer,2022
7217,Consumer,2024
7218,Small Business,2019
7219,Consumer,2019
7220,Consumer,2019
7221,Consumer,2020
7222,Consumer,2022
7223,Consumer,2020
7224,Consumer,2023
7225,Consumer,2019
7226,Consumer,2022
7227,Consumer,2020
7228,Consumer,2021
7229,Consumer,2023
7230,Consumer,2019
7231,Consumer,2024
7232,Small Business,2020
7233,Consumer,2025
7234,Consumer,2024
7235,Consumer,2025
7236,Consumer,2023
7237,Consumer,2021
7238,Small Business,2020
7239,Small Business,2019
7240,Consumer,2024
7241,Consumer,2023
7242,Small Business,2020
7243,Consumer,2019
7244,Consumer,2024
7245,Small Business,2019
7246,Consumer,2022
7247,Consumer,2021
7248,Consumer,2024
7249,Consumer,2019
7250,Consumer,2019
7251,Consumer,2019
7252,Consumer,2024
7253,Consumer,2023
7254,Consumer,2024
7255,Small Business,2023
7256,Consumer,2020
7257,Small Business,2020
7258,Consumer,2019
7259,Consumer,2019
7260,Consumer,2024
7261,Consumer,2022
7262,Consumer,2021
7263,Small Business,2020
7264,Small Business,2023
7265,Small Business,2024
7266,Consumer,2019
7267,Consumer,2025
7268,Consumer,2020
7269,Consumer,2025
7270,Small Business,2024
7271,Small Business,2025
7272,Consumer,2020
7273,Small Business,2022
7274,Small Business,2019
7275,Consumer,2022
7276,Small Business,2020
7277,Consumer,2019
7278,Consumer,2024
7279,Consumer,2024
7280,Consumer,2021
7281,Consumer,2021
7282,Enterprise,2022
7283,Consumer,2023
7284,Consumer,2023
7285,Consumer,2021
7286,Consumer,2021
7287,Small Business,2025
7288,Consumer,2019
7289,Enterprise,2021
7290,Consumer,2020
7291,Consumer,2020
7292,Consumer,2020
7293,Consumer,2019
7294,Enterprise,2025
7295,Consumer,2025
7296,Consumer,2024
7297,Consumer,2025
7298,Small Business,2024
7299,Consumer,2019
7300,Consumer,2024
7301,Small Business,2024
7302,Consumer,2019
7303,Consumer,2025
7304,Consumer,2024
7305,Consumer,2025
7306,Enterprise,2022
7307,Consumer,2024
7308,Small Business,2024
7309,Consumer,2023
7310,Consumer,2025
7311,Consumer,2019
7312,Consumer,2021
7313,Consumer,2019
7314,Consumer,2023
7315,Consumer,2019
7316,Small Business,2021
7317,Consumer,2024
7318,Small Business,2025
7319,Consumer,2020
7320,Consumer,2020
7321,Consumer,2019
7322,Small Business,2021
7323,Consumer,2023
7324,Consumer,2025
7325,Consumer,2021
7326,Consumer,2019
7327,Small Business,2021
7328,Consumer,2022
7329,Enterprise,2023
7330,Consumer,2023
7331,Consumer,2024
7332,Consumer,2023
7333,Consumer,2021
7334,Consumer,2019
7335,Consumer,2025
7336,Consumer,2019
7337,Consumer,2021
7338,Consumer,2021
7339,Enterprise,2025
7340,Consumer,2022
7341,Consumer,2021
7342,Consumer,2025
7343,Consumer,2021
7344,Consumer,2024
7345,Enterprise,2019
7346,Consumer,2023
7347,Small Business,2024
7348,Consumer,2020
7349,Small Business,2024
7350,Consumer,2025
7351,Enterprise,2019
7352,Consumer,2020
7353,Consumer,2020
7354,Consumer,2025
7355,Consumer,2021
7356,Consumer,2025
7357,Consumer,2021
7358,Consumer,2025
7359,Small Business,2022
7360,Consumer,2020
7361,Small Business,2022
7362,Consumer,2019
7363,Consumer,2020
7364,Consumer,2023
7365,Consumer,2024
7366,Consumer,2021
7367,Consumer,2024
7368,Consumer,2021
7369,Consumer,2021
7370,Consumer,2022
7371,Consumer,2021
7372,Small Business,2023
7373,Consumer,2025
7374,Consumer,2021
7375,Consumer,2022
7376,Small Business,2021
7377,Consumer,2023
7378,Consumer,2023
7379,Small Business,2022
7380,Small Business,2019
7381,Consumer,2025
7382,Consumer,2023
7383,Consumer,2024
7384,Consumer,2024
7385,Small Business,2019
7386,Consumer,2025
7387,Consumer,2019
7388,Consumer,2024
7389,Consumer,2025
7390,Consumer,2022
7391,Consumer,2024
7392,Consumer,2025
7393,Consumer,2022
7394,Consumer,2022
7395,Consumer,2024
7396,Consumer,2024
7397,Consumer,2019
7398,Small Business,2019
7399,Enterprise,2023
7400,Enterprise,2023
7401,Consumer,2024
7402,Consumer,2019
7403,Consumer,2020
7404,Consumer,2019
7405,Consumer,2020
7406,Consumer,2022
7407,Consumer,2021
7408,Consumer,2019
7409,Consumer,2022
7410,Consumer,2021
7411,Consumer,2021
7412,Small Business,2024
7413,Consumer,2021
7414,Consumer,2022
7415,Consumer,2019
7416,Consumer,2024
7417,Consumer,2022
7418,Consumer,2024
7419,Enterprise,2021
7420,Consumer,2022
7421,Consumer,2021
7422,Consumer,2025
7423,Enterprise,2019
7424,Consumer,2020
7425,Enterprise,2025
7426,Consumer,2019
7427,Consumer,2020
7428,Small Business,2021
7429,Consumer,2024
7430,Consumer,2024
7431,Enterprise,2025
7432,Consumer,2019
7433,Consumer,2020
7434,Small Business,2022
7435,Small Business,2024
7436,Enterprise,2022
7437,Small Business,2022
7438,Consumer,2024
7439,Small Business,2020
7440,Consumer,2024
7441,Consumer,2023
7442,Consumer,2020
7443,Small Business,2022
7444,Consumer,2020
7445,Small Business,2021
7446,Consumer,2023
7447,Consumer,2021
7448,Consumer,2025
7449,Consumer,2019
7450,Consumer,2020
7451,Consumer,2025
7452,Consumer,2024
7453,Consumer,2022
7454,Consumer,2020
7455,Consumer,2020
7456,Consumer,2020
7457,Consumer,2025
7458,Consumer,2021
7459,Consumer,2025
7460,Consumer,2024
7461,Consumer,2021
7462,Consumer,2024
7463,Consumer,2022
7464,Consumer,2022
7465,Consumer,2024
7466,Consumer,2023
7467,Small Business,2020
7468,Consumer,2021
7469,Consumer,2025
7470,Small Business,2020
7471,Consumer,2023
7472,Consumer,2024
7473,Small Business,2023
7474,Consumer,2019
7475,Small Business,2024
7476,Consumer,2025
7477,Consumer,2023
7478,Consumer,2024
7479,Consumer,2019
7480,Enterprise,2024
7481,Consumer,2024
7482,Consumer,2022
7483,Consumer,2022
7484,Consumer,2024
7485,Consumer,2023
7486,Small Business,2019
7487,Consumer,2020
7488,Small Business,2023
7489,Consumer,2023
7490,Consumer,2020
7491,Consumer,2019
7492,Consumer,2023
7493,Consumer,2021
7494,Consumer,2023
7495,Small Business,2023
7496,Small Business,2020
7497,Small Business,2024
7498,Enterprise,2020
7499,Small Business,2021
7500,Consumer,2023
7501,Consumer,2025
7502,Small Business,2025
7503,Small Business,2023
7504,Enterprise,2023
7505,Small Business,2022
7506,Consumer,2022
7507,Enterprise,2022
7508,Enterprise,2025
7509,Consumer,2023
7510,Small Business,2024
7511,Consumer,2022
7512,Enterprise,2024
7513,Consumer,2024
7514,Small Business,2022
7515,Consumer,2023
7516,Consumer,2022
7517,Consumer,2022
7518,Consumer,2020
7519,Consumer,2024
7520,Enterprise,2024
7521,Consumer,2025
7522,Small Business,2020
7523,Consumer,2025
7524,Consumer,2023
7525,Small Business,2021
7526,Consumer,2025
7527,Consumer,2022
7528,Small Business,2022
7529,Small Business,2024
7530,Consumer,2020
7531,Enterprise,2022
7532,Consumer,2019
7533,Consumer,2021
7534,Consumer,2023
7535,Consumer,2025
7536,Consumer,2020
7537,Small Business,2025
7538,Consumer,2019
7539,Consumer,2019
7540,Consumer,2021
7541,Consumer,2021
7542,Consumer,2023
7543,Enterprise,2020
7544,Consumer,2022
7545,Consumer,2025
7546,Consumer,2020
7547,Consumer,2022
7548,Small Business,2023
7549,Enterprise,2022
7550,Consumer,2021
7551,Consumer,2019
7552,Consumer,2022
7553,Consumer,2025
7554,Consumer,2025
7555,Consumer,2024
7556,Small Business,2019
7557,Consumer,2019
7558,Consumer,2022
7559,Consumer,2021
7560,Small Business,2020
7561,Consumer,2020
7562,Consumer,2020
7563,Small Business,2019
7564,Consumer,2023
7565,Small Business,2021
7566,Consumer,2023
7567,Consumer,2020
7568,Enterprise,2023
7569,Consumer,2020
7570,Consumer,2025
7571,Consumer,2020
7572,Small Business,2024
7573,Small Business,2023
7574,Consumer,2020
7575,Small Business,2019
7576,Consumer,2023
7577,Consumer,2019
7578,Consumer,2023
7579,Consumer,2023
7580,Small Business,2023
7581,Consumer,2025
7582,Consumer,2022
7583,Consumer,2022
7584,Small Business,2025
7585,Small Business,2025
7586,Consumer,2022
7587,Consumer,2021
7588,Consumer,2024
7589,Consumer,2022
7590,Enterprise,2022
7591,Consumer,2024
7592,Consumer,2024
7593,Consumer,2021
7594,Consumer,2021
7595,Enterprise,2023
7596,Consumer,2019
7597,Consumer,2024
7598,Consumer,2022
7599,Enterprise,2025
7600,Enterprise,2022
7601,Consumer,2021
7602,Consumer,2019
7603,Consumer,2019
7604,Consumer,2023
7605,Consumer,2020
7606,Small Business,2024
7607,Small Business,2022
7608,Consumer,2025
7609,Consumer,2022
7610,Consumer,2021
7611,Consumer,2019
7612,Consumer,2021
7613,Consumer,2024
7614,Enterprise,2025
7615,Consumer,2022
7616,Small Business,2025
7617,Consumer,2019
7618,Consumer,2019
7619,Consumer,2019
7620,Small Business,2019
7621,Consumer,2019
7622,Consumer,2019
7623,Small Business,2024
7624,Small Business,2022
7625,Consumer,2024
7626,Consumer,2024
7627,Consumer,2023
7628,Small Business,2019
7629,Consumer,2019
7630,Consumer,2023
7631,Consumer,2025
7632,Consumer,2020
7633,Enterprise,2023
7634,Small Business,2019
7635,Consumer,2020
7636,Small Business,2023
7637,Consumer,2023
7638,Consumer,2023
7639,Consumer,2022
7640,Small Business,2020
7641,Consumer,2024
7642,Consumer,2021
7643,Consumer,2023
7644,Consumer,2021
7645,Enterprise,2022
7646,Consumer,2025
7647,Consumer,2021
7648,Consumer,2025
7649,Consumer,2019
7650,Consumer,2022
7651,Consumer,2022
7652,Small Business,2025
7653,Small Business,2020
7654,Small Business,2023
7655,Consumer,2023
7656,Consumer,2019
7657,Consumer,2025
7658,Consumer,2022
7659,Small Business,2022
7660,Consumer,2025
7661,Consumer,2019
7662,Consumer,2023
7663,Consumer,2019
7664,Consumer,2025
7665,Consumer,2024
7666,Consumer,2022
7667,Consumer,2021
7668,Consumer,2025
7669,Small Business,2020
7670,Consumer,2024
7671,Consumer,2021
7672,Consumer,2024
7673,Consumer,2024
7674,Small Business,2025
7675,Consumer,2023
7676,Enterprise,2021
7677,Small Business,2025
7678,Consumer,2023
7679,Consumer,2023
7680,Consumer,2020
7681,Consumer,2022
7682,Consumer,2024
7683,Consumer,2021
7684,Consumer,2023
7685,Consumer,2020
7686,Consumer,2020
7687,Consumer,2024
7688,Enterprise,2021
7689,Consumer,2020
7690,Consumer,2020
7691,Enterprise,2019
7692,Consumer,2022
7693,Consumer,2021
7694,Consumer,2019
7695,Consumer,2022
7696,Small Business,2025
7697,Consumer,2025
7698,Consumer,2023
7699,Consumer,2023
7700,Consumer,2025
7701,Consumer,2024
7702,Small Business,2020
7703,Consumer,2022
7704,Consumer,2021
7705,Consumer,2020
7706,Small Business,2025
7707,Consumer,2023
7708,Consumer,2023
7709,Consumer,2024
7710,Small Business,2019
7711,Consumer,2021
7712,Small Business,2025
7713,Consumer,2020
7714,Small Business,2020
7715,Small Business,2023
7716,Consumer,2020
7717,Consumer,2024
7718,Consumer,2024
7719,Consumer,2024
7720,Consumer,2023
7721,Consumer,2020
7722,Enterprise,2023
7723,Consumer,2020
7724,Consumer,2019
7725,Consumer,2025
7726,Consumer,2020
7727,Consumer,2023
7728,Consumer,2021
7729,Consumer,2023
7730,Enterprise,2021
7731,Consumer,2022
7732,Enterprise,2019
7733,Consumer,2022
7734,Consumer,2023
7735,Consumer,2023
7736,Consumer,2025
7737,Small Business,2023
7738,Consumer,2025
7739,Consumer,2023
7740,Small Business,2024
7741,Consumer,2020
7742,Small Business,2020
7743,Consumer,2023
7744,Small Business,2022
7745,Consumer,2022
7746,Consumer,2025
7747,Consumer,2022
7748,Consumer,2019
7749,Enterprise,2022
7750,Consumer,2020
7751,Consumer,2019
7752,Consumer,2020
7753,Small Business,2019
7754,Consumer,2023
7755,Small Business,2022
7756,Consumer,2025
7757,Small Business,2019
7758,Consumer,2022
7759,Consumer,2025
7760,Consumer,2022
7761,Consumer,2021
7762,Enterprise,2023
7763,Enterprise,2020
7764,Consumer,2024
7765,Enterprise,2023
7766,Consumer,2021
7767,Consumer,2019
7768,Consumer,2023
7769,Consumer,2025
7770,Consumer,2025
7771,Consumer,2023
7772,Consumer,2025
7773,Small Business,2024
7774,Small Business,2021
7775,Consumer,2024
7776,Consumer,2019
7777,Small Business,2025
7778,Consumer,2025
7779,Small Business,2022
7780,Consumer,2025
7781,Consumer,2019
7782,Consumer,2019
7783,Small Business,2021
7784,Small Business,2019
7785,Consumer,2020
7786,Enterprise,2020
7787,Small Business,2022
7788,Consumer,2023
7789,Small Business,2020
7790,Consumer,2021
7791,Consumer,2024
7792,Consumer,2020
7793,Enterprise,2021
7794,Small Business,2024
7795,Consumer,2021
7796,Consumer,2020
7797,Consumer,2024
7798,Small Business,2025
7799,Small Business,2025
7800,Consumer,2022
7801,Consumer,2019
7802,Consumer,2021
7803,Consumer,2024
7804,Consumer,2025
7805,Consumer,2019
7806,Consumer,2019
7807,Consumer,2021
7808,Small Business,2019
7809,Consumer,2020
7810,Consumer,2022
7811,Small Business,2020
7812,Enterprise,2023
7813,Consumer,2025
7814,Consumer,2022
7815,Consumer,2022
7816,Consumer,2025
7817,Consumer,2023
7818,Consumer,2025
7819,Consumer,2025
7820,Consumer,2019
7821,Consumer,2025
7822,Consumer,2020
7823,Consumer,2020
7824,Consumer,2022
7825,Small Business,2024
7826,Consumer,2025
7827,Consumer,2022
7828,Consumer,2020
7829,Consumer,2021
7830,Enterprise,2021
7831,Small Business,2021
7832,Consumer,2020
7833,Consumer,2023
7834,Consumer,2025
7835,Consumer,2023
7836,Consumer,2020
7837,Small Business,2023
7838,Small Business,2022
7839,Consumer,2021
7840,Consumer,2019
7841,Consumer,2024
7842,Consumer,2023
7843,Consumer,2020
7844,Small Business,2021
7845,Small Business,2022
7846,Consumer,2022
7847,Consumer,2023
7848,Consumer,2019
7849,Small Business,2022
7850,Consumer,2019
7851,Consumer,2020
7852,Consumer,2019
7853,Consumer,2023
7854,Consumer,2024
7855,Consumer,2025
7856,Consumer,2024
7857,Small Business,2024
7858,Consumer,2019
7859,Consumer,2019
7860,Small Business,2021
7861,Consumer,2021
7862,Consumer,2022
7863,Consumer,2023
7864,Consumer,2019
7865,Small Business,2019
7866,Consumer,2024
7867,Consumer,2023
7868,Consumer,2021
7869,Consumer,2024
7870,Consumer,2023
7871,Small Business,2024
7872,Small Business,2023
7873,Small Business,2022
7874,Consumer,2025
7875,Consumer,2025
7876,Small Business,2024
7877,Consumer,2023
7878,Consumer,2019
7879,Small Business,2025
7880,Consumer,2020
7881,Consumer,2019
7882,Small Business,2022
7883,Consumer,2019
7884,Consumer,2019
7885,Consumer,2022
7886,Enterprise,2021
7887,Consumer,2019
7888,Small Business,2025
7889,Consumer,2020
7890,Consumer,2020
7891,Consumer,2024
7892,Consumer,2023
7893,Consumer,2021
7894,Consumer,2020
7895,Consumer,2025
7896,Consumer,2019
7897,Small Business,2023
7898,Small Business,2019
7899,Consumer,2019
7900,Consumer,2019
7901,Consumer,2022
7902,Consumer,2021
7903,Consumer,2023
7904,Consumer,2025
7905,Consumer,2019
7906,Consumer,2023
7907,Enterprise,2025
7908,Consumer,2019
7909,Consumer,2021
7910,Consumer,2019
7911,Consumer,2019
7912,Consumer,2025
7913,Consumer,2020
7914,Consumer,2020
7915,Consumer,2025
7916,Consumer,2020
7917,Consumer,2020
7918,Small Business,2024
7919,Enterprise,2024
7920,Small Business,2022
7921,Consumer,2024
7922,Consumer,2020
7923,Consumer,2024
7924,Small Business,2023
7925,Small Business,2022
7926,Small Business,2021
7927,Consumer,2019
7928,Consumer,2023
7929,Small Business,2024
7930,Consumer,2019
7931,Consumer,2020
7932,Consumer,2025
7933,Consumer,2025
7934,Consumer,2023
7935,Consumer,2022
7936,Small Business,2019
7937,Enterprise,2025
7938,Small Business,2022
7939,Consumer,2019
7940,Consumer,2021
7941,Consumer,2024
7942,Small Business,2025
7943,Consumer,2023
7944,Enterprise,2019
7945,Consumer,2020
7946,Consumer,2021
7947,Small Business,2024
7948,Consumer,2024
7949,Enterprise,2024
7950,Consumer,2020
7951,Consumer,2021
7952,Consumer,2021
7953,Small Business,2024
7954,Consumer,2024
7955,Small Business,2019
7956,Small Business,2023
7957,Consumer,2021
7958,Small Business,2021
7959,Small Business,2022
7960,Consumer,2022
7961,Small Business,2025
7962,Consumer,2022
7963,Consumer,2024
7964,Consumer,2025
7965,Small Business,2025
7966,Consumer,2023
7967,Consumer,2025
7968,Consumer,2023
7969,Consumer,2021
7970,Small Business,2024
7971,Enterprise,2025
7972,Consumer,2021
7973,Consumer,2025
7974,Enterprise,2022
7975,Consumer,2020
7976,Consumer,2023
7977,Enterprise,2020
7978,Small Business,2021
7979,Consumer,2022
7980,Consumer,2022
7981,Small Business,2019
7982,Consumer,2020
7983,Consumer,2019
7984,Small Business,2023
7985,Consumer,2025
7986,Consumer,2023
7987,Consumer,2022
7988,Consumer,2024
7989,Consumer,2019
7990,Consumer,2019
7991,Consumer,2025
7992,Small Business,2025
7993,Consumer,2022
7994,Consumer,2019
7995,Consumer,2020
7996,Consumer,2024
7997,Small Business,2020
7998,Consumer,2023
7999,Consumer,2024
8000,Small Business,2021
8001,Consumer,2022
8002,Consumer,2025
8003,Small Business,2025
8004,Consumer,2022
8005,Small Business,2020
8006,Small Business,2019
8007,Enterprise,2020
8008,Consumer,2022
8009,Small Business,2025
8010,Consumer,2022
8011,Consumer,2025
8012,Small Business,2024
8013,Consumer,2019
8014,Small Business,2021
8015,Consumer,2023
8016,Consumer,2019
8017,Consumer,2019
8018,Small Business,2021
8019,Consumer,2025
8020,Consumer,2023
8021,Consumer,2022
8022,Small Business,2022
8023,Consumer,2022
8024,Consumer,2024
8025,Consumer,2021
8026,Consumer,2020
8027,Consumer,2020
8028,Consumer,2022
8029,Enterprise,2020
8030,Small Business,2025
8031,Consumer,2023
8032,Consumer,2021
8033,Consumer,2020
8034,Enterprise,2022
8035,Consumer,2025
8036,Consumer,2025
8037,Small Business,2022
8038,Consumer,2020
8039,Consumer,2019
8040,Consumer,2023
8041,Consumer,2023
8042,Consumer,2021
8043,Enterprise,2025
8044,Consumer,2019
8045,Consumer,2021
8046,Small Business,2024
8047,Small Business,2020
8048,Consumer,2020
8049,Small Business,2024
8050,Consumer,2025
8051,Consumer,2020
8052,Consumer,2021
8053,Consumer,2025
8054,Small Business,2020
8055,Small Business,2019
8056,Consumer,2020
8057,Consumer,2022
8058,Enterprise,2024
8059,Consumer,2022
8060,Consumer,2021
8061,Consumer,2024
8062,Consumer,2020
8063,Consumer,2021
8064,Enterprise,2020
8065,Consumer,2019
8066,Consumer,2023
8067,Small Business,2025
8068,Consumer,2020
8069,Small Business,2019
8070,Consumer,2025
8071,Consumer,2019
8072,Consumer,2019
8073,Small Business,2024
8074,Consumer,2020
8075,Small Business,2025
8076,Consumer,2022
8077,Consumer,2023
8078,Small Business,2020
8079,Consumer,2020
8080,Small Business,2024
8081,Consumer,2022
8082,Consumer,2025
8083,Small Business,2025
8084,Consumer,2023
8085,Consumer,2024
8086,Consumer,2024
8087,Small Business,2023
8088,Consumer,2024
8089,Consumer,2019
8090,Small Business,2020
8091,Consumer,2022
8092,Enterprise,2019
8093,Small Business,2022
8094,Consumer,2023
8095,Enterprise,2021
8096,Consumer,2025
8097,Consumer,2025
8098,Consumer,2024
8099,Consumer,2023
8100,Consumer,2023
8101,Consumer,2023
8102,Consumer,2019
8103,Consumer,2025
8104,Consumer,2024
8105,Small Business,2021
8106,Consumer,2023
8107,Consumer,2021
8108,Consumer,2025
8109,Consumer,2022
8110,Consumer,2023
8111,Consumer,2020
8112,Consumer,2019
8113,Small Business,2025
8114,Consumer,2023
8115,Consumer,2023
8116,Small Business,2021
8117,Consumer,2023
8118,Consumer,2021
8119,Consumer,2023
8120,Consumer,2023
8121,Consumer,2020
8122,Consumer,2025
8123,Consumer,2025
8124,Enterprise,2024
8125,Consumer,2019
8126,Consumer,2019
8127,Consumer,2024
8128,Small Business,2020
8129,Consumer,2025
8130,Consumer,2021
8131,Consumer,2020
8132,Small Business,2023
8133,Consumer,2023
8134,Consumer,2023
8135,Consumer,2024
8136,Consumer,2022
8137,Consumer,2021
8138,Consumer,2022
8139,Consumer,2023
8140,Small Business,2024
8141,Small Business,2022
8142,Consumer,2019
8143,Consumer,2021
8144,Consumer,2023
8145,Consumer,2024
8146,Consumer,2024
8147,Consumer,2024
8148,Small Business,2020
8149,Consumer,2019
8150,Small Business,2020
8151,Consumer,2019
8152,Consumer,2023
8153,Consumer,2020
8154,Consumer,2020
8155,Consumer,2022
8156,Consumer,2022
8157,Consumer,2023
8158,Consumer,2025
8159,Consumer,2019
8160,Consumer,2019
8161,Consumer,2024
8162,Enterprise,2025
8163,Consumer,2021
8164,Consumer,2020
8165,Consumer,2021
8166,Consumer,2022
8167,Consumer,2019
8168,Consumer,2019
8169,Consumer,2019
8170,Consumer,2023
8171,Consumer,2022
8172,Enterprise,2025
8173,Enterprise,2022
8174,Consumer,2021
8175,Consumer,2021
8176,Consumer,2025
8177,Consumer,2020
8178,Consumer,2024
8179,Consumer,2025
8180,Consumer,2025
8181,Consumer,2019
8182,Consumer,2023
8183,Enterprise,2024
8184,Small Business,2023
8185,Consumer,2024
8186,Consumer,2025
8187,Consumer,2025
8188,Consumer,2024
8189,Consumer,2020
8190,Small Business,2024
8191,Consumer,2023
8192,Consumer,2020
8193,Enterprise,2023
8194,Consumer,2020
8195,Consumer,2024
8196,Small Business,2023
8197,Small Business,2023
8198,Consumer,2020
8199,Small Business,2020
8200,Consumer,2022
8201,Consumer,2021
8202,Consumer,2024
8203,Small Business,2025
8204,Small Business,2023
8205,Consumer,2024
8206,Consumer,2025
8207,Small Business,2024
8208,Consumer,2021
8209,Consumer,2020
8210,Small Business,2020
8211,Consumer,2021
8212,Consumer,2020
8213,Consumer,2023
8214,Consumer,2025
8215,Small Business,2020
8216,Consumer,2022
8217,Consumer,2025
8218,Consumer,2025
8219,Consumer,2019
8220,Consumer,2021
8221,Consumer,2021
8222,Consumer,2021
8223,Consumer,2025
8224,Consumer,2024
8225,Consumer,2019
8226,Consumer,2023
8227,Consumer,2023
8228,Consumer,2022
8229,Consumer,2024
8230,Consumer,2022
8231,Consumer,2023
8232,Consumer,2022
8233,Small Business,2025
8234,Consumer,2024
8235,Consumer,2019
8236,Consumer,2020
8237,Consumer,2021
8238,Consumer,2019
8239,Consumer,2019
8240,Consumer,2019
8241,Small Business,2025
8242,Consumer,2022
8243,Small Business,2024
8244,Small Business,2024
8245,Consumer,2020
8246,Small Business,2023
8247,Enterprise,2023
8248,Consumer,2025
8249,Consumer,2025
8250,Consumer,2023
8251,Consumer,2023
8252,Consumer,2022
8253,Consumer,2023
8254,Consumer,2023
8255,Small Business,2025
8256,Consumer,2025
8257,Consumer,2020
8258,Consumer,2019
8259,Small Business,2020
8260,Consumer,2022
8261,Consumer,2020
8262,Consumer,2021
8263,Consumer,2022
8264,Small Business,2025
8265,Consumer,2022
8266,Consumer,2020
8267,Consumer,2021
8268,Small Business,2019
8269,Small Business,2019
8270,Consumer,2023
8271,Small Business,2020
8272,Consumer,2023
8273,Small Business,2019
8274,Small Business,2021
8275,Consumer,2023
8276,Consumer,2022
8277,Consumer,2023
8278,Consumer,2023
8279,Consumer,2021
8280,Consumer,2021
8281,Consumer,2021
8282,Consumer,2021
8283,Consumer,2024
8284,Consumer,2019
8285,Consumer,2022
8286,Consumer,2024
8287,Small Business,2021
8288,Enterprise,2021
8289,Consumer,2023
8290,Consumer,2023
8291,Consumer,2022
8292,Enterprise,2021
8293,Consumer,2019
8294,Small Business,2020
8295,Consumer,2022
8296,Consumer,2023
8297,Consumer,2020
8298,Small Business,2021
8299,Small Business,2020
8300,Consumer,2020
8301,Consumer,2025
8302,Consumer,2025
8303,Enterprise,2025
8304,Consumer,2025
8305,Small Business,2021
8306,Consumer,2024
8307,Consumer,2020
8308,Consumer,2023
8309,Consumer,2020
8310,Small Business,2023
8311,Small Business,2021
8312,Small Business,2021
8313,Consumer,2019
8314,Small Business,2020
8315,Consumer,2022
8316,Consumer,2023
8317,Consumer,2024
8318,Consumer,2024
8319,Consumer,2022
8320,Consumer,2022
8321,Consumer,2022
8322,Consumer,2025
8323,Consumer,2024
8324,Consumer,2021
8325,Small Business,2022
8326,Consumer,2021
8327,Consumer,2022
8328,Small Business,2021
8329,Small Business,2024
8330,Small Business,2023
8331,Small Business,2020
8332,Enterprise,2019
8333,Consumer,2025
8334,Enterprise,2021
8335,Enterprise,2020
8336,Consumer,2024
8337,Small Business,2022
8338,Small Business,2022
8339,Small Business,2023
8340,Small Business,2021
8341,Consumer,2022
8342,Consumer,2023
8343,Consumer,2023
8344,Small Business,2025
8345,Small Business,2021
8346,Small Business,2022
8347,Small Business,2024
8348,Enterprise,2024
8349,Consumer,2025
8350,Enterprise,2020
8351,Consumer,2025
8352,Consumer,2022
8353,Consumer,2020
8354,Consumer,2021
8355,Consumer,2021
8356,Consumer,2025
8357,Consumer,2019
8358,Small Business,2020
8359,Consumer,2024
8360,Consumer,2025
8361,Consumer,2019
8362,Consumer,2021
8363,Consumer,2021
8364,Consumer,2022
8365,Small Business,2024
8366,Consumer,2022
8367,Small Business,2019
8368,Consumer,2020
8369,Small Business,2024
8370,Enterprise,2020
8371,Consumer,2022
8372,Consumer,2021
8373,Consumer,2022
8374,Consumer,2024
8375,Consumer,2020
8376,Consumer,2023
8377,Small Business,2024
8378,Enterprise,2025
8379,Consumer,2022
8380,Consumer,2019
8381,Consumer,2023
8382,Consumer,2024
8383,Small Business,2019
8384,Consumer,2020
8385,Consumer,2021
8386,Consumer,2022
8387,Consumer,2022
8388,Consumer,2020
8389,Consumer,2020
8390,Consumer,2025
8391,Consumer,2024
8392,Small Business,2022
8393,Consumer,2021
8394,Small Business,2022
8395,Consumer,2025
8396,Consumer,2021
8397,Small Business,2021
8398,Consumer,2022
8399,Consumer,2020
8400,Consumer,2019
8401,Small Business,2025
8402,Small Business,2023
8403,Consumer,2021
8404,Consumer,2022
8405,Consumer,2022
8406,Consumer,2019
8407,Consumer,2024
8408,Consumer,2019
8409,Small Business,2022
8410,Consumer,2021
8411,Small Business,2022
8412,Consumer,2022
8413,Small Business,2022
8414,Consumer,2020
8415,Consumer,2019
8416,Consumer,2019
8417,Consumer,2024
8418,Consumer,2019
8419,Consumer,2022
8420,Consumer,2021
8421,Consumer,2023
8422,Small Business,2023
8423,Small Business,2020
8424,Consumer,2023
8425,Enterprise,2023
8426,Consumer,2020
8427,Consumer,2024
8428,Small Business,2022
8429,Consumer,2019
8430,Consumer,2023
8431,Consumer,2022
8432,Consumer,2021
8433,Consumer,2022
8434,Consumer,2025
8435,Consumer,2021
8436,Consumer,2023
8437,Consumer,2024
8438,Consumer,2023
8439,Small Business,2025
8440,Small Business,2022
8441,Consumer,2020
8442,Small Business,2022
8443,Consumer,2019
8444,Consumer,2021
8445,Consumer,2020
8446,Consumer,2019
8447,Small Business,2020
8448,Enterprise,2024
8449,Consumer,2025
8450,Consumer,2025
8451,Consumer,2019
8452,Consumer,2025
8453,Consumer,2021
8454,Enterprise,2021
8455,Small Business,2020
8456,Enterprise,2025
8457,Consumer,2025
8458,Consumer,2023
8459,Consumer,2019
8460,Small Business,2021
8461,Consumer,2020
8462,Consumer,2025
8463,Consumer,2023
8464,Small Business,2025
8465,Small Business,2024
8466,Consumer,2022
8467,Consumer,2020
8468,Small Business,2024
8469,Consumer,2023
8470,Consumer,2024
8471,Consumer,2025
8472,Consumer,2023
8473,Consumer,2023
8474,Enterprise,2021
8475,Consumer,2022
8476,Consumer,2019
8477,Consumer,2020
8478,Consumer,2025
8479,Consumer,2020
8480,Consumer,2019
8481,Consumer,2024
8482,Consumer,2019
8483,Consumer,2022
8484,Consumer,2021
8485,Consumer,2021
8486,Consumer,2021
8487,Consumer,2019
8488,Consumer,2020
8489,Small Business,2023
8490,Consumer,2019
8491,Small Business,2020
8492,Consumer,2025
8493,Small Business,2023
8494,Consumer,2022
8495,Consumer,2022
8496,Consumer,2025
8497,Consumer,2019
8498,Small Business,2025
8499,Consumer,2022
8500,Consumer,2022
8501,Consumer,2020
8502,Consumer,2021
8503,Consumer,2022
8504,Small Business,2020
8505,Consumer,2021
8506,Small Business,2025
8507,Consumer,2024
8508,Enterprise,2023
8509,Consumer,2021
8510,Consumer,2024
8511,Small Business,2025
8512,Consumer,2025
8513,Consumer,2023
8514,Consumer,2020
8515,Consumer,2021
8516,Small Business,2025
8517,Small Business,2019
8518,Consumer,2024
8519,Enterprise,2022
8520,Consumer,2022
8521,Small Business,2020
8522,Consumer,2025
8523,Consumer,2020
8524,Consumer,2023
8525,Consumer,2022
8526,Consumer,2021
8527,Consumer,2020
8528,Consumer,2020
8529,Consumer,2023
8530,Consumer,2024
8531,Consumer,2020
8532,Consumer,2024
8533,Small Business,2023
8534,Consumer,2020
8535,Enterprise,2021
8536,Small Business,2021
8537,Consumer,2022
8538,Consumer,2019
8539,Consumer,2025
8540,Small Business,2022
8541,Consumer,2023
8542,Enterprise,2023
8543,Small Business,2021
8544,Consumer,2024
8545,Small Business,2021
8546,Consumer,2019
8547,Small Business,2022
8548,Small Business,2019
8549,Consumer,2024
8550,Consumer,2019
8551,Consumer,2020
8552,Small Business,2025
8553,Consumer,2020
8554,Small Business,2022
8555,Consumer,2025
8556,Consumer,2020
8557,Small Business,2021
8558,Consumer,2019
8559,Consumer,2024
8560,Consumer,2019
8561,Consumer,2025
8562,Consumer,2024
8563,Consumer,2021
8564,Consumer,2022
8565,Consumer,2022
8566,Consumer,2024
8567,Consumer,2021
8568,Consumer,2020
8569,Enterprise,2019
8570,Consumer,2022
8571,Consumer,2022
8572,Consumer,2023
8573,Small Business,2024
8574,Small Business,2020
8575,Small Business,2020
8576,Small Business,2021
8577,Consumer,2020
8578,Enterprise,2019
8579,Consumer,2024
8580,Small Business,2023
8581,Small Business,2024
8582,Small Business,2023
8583,Consumer,2024
8584,Small Business,2022
8585,Consumer,2025
8586,Consumer,2022
8587,Consumer,2019
8588,Consumer,2020
8589,Consumer,2022
8590,Consumer,2024
8591,Consumer,2020
8592,Consumer,2024
8593,Consumer,2025
8594,Consumer,2020
8595,Small Business,2022
8596,Consumer,2025
8597,Small Business,2021
8598,Consumer,2021
8599,Consumer,2022
8600,Consumer,2022
8601,Consumer,2021
8602,Consumer,2022
8603,Consumer,2020
8604,Consumer,2024
8605,Consumer,2023
8606,Consumer,2020
8607,Consumer,2024
8608,Small Business,2020
8609,Consumer,2022
8610,Consumer,2025
8611,Consumer,2023
8612,Consumer,2025
8613,Consumer,2023
8614,Consumer,2024
8615,Consumer,2022
8616,Consumer,2020
8617,Consumer,2020
8618,Consumer,2023
8619,Consumer,2020
8620,Enterprise,2022
8621,Consumer,2022
8622,Consumer,2019
8623,Consumer,2024
8624,Consumer,2019
8625,Small Business,2021
8626,Small Business,2024
8627,Consumer,2019
8628,Consumer,2019
8629,Small Business,2024
8630,Consumer,2020
8631,Enterprise,2025
8632,Consumer,2020
8633,Consumer,2020
8634,Consumer,2023
8635,Consumer,2025
8636,Small Business,2024
8637,Consumer,2023
8638,Consumer,2020
8639,Consumer,2019
8640,Small Business,2024
8641,Consumer,2019
8642,Enterprise,2020
8643,Small Business,2022
8644,Consumer,2021
8645,Small Business,2025
8646,Enterprise,2020
8647,Consumer,2023
8648,Consumer,2022
8649,Consumer,2020
8650,Consumer,2025
8651,Consumer,2024
8652,Small Business,2024
8653,Consumer,2022
8654,Consumer,2020
8655,Consumer,2023
8656,Consumer,2025
8657,Consumer,2020
8658,Consumer,2023
8659,Consumer,2025
8660,Consumer,2022
8661,Consumer,2019
8662,Enterprise,2025
8663,Consumer,2019
8664,Consumer,2024
8665,Consumer,2022
8666,Consumer,2024
8667,Consumer,2023
8668,Consumer,2020
8669,Consumer,2019
8670,Consumer,2019
8671,Consumer,2020
8672,Consumer,2025
8673,Consumer,2019
8674,Enterprise,2023
8675,Consumer,2021
8676,Small Business,2024
8677,Consumer,2023
8678,Consumer,2024
8679,Consumer,2024
8680,Consumer,2025
8681,Consumer,2024
8682,Small Business,2021
8683,Consumer,2025
8684,Consumer,2021
8685,Consumer,2023
8686,Consumer,2020
8687,Consumer,2024
8688,Consumer,2019
8689,Consumer,2025
8690,Consumer,2022
8691,Consumer,2024
8692,Consumer,2022
8693,Consumer,2019
8694,Consumer,2019
8695,Small Business,2025
8696,Enterprise,2023
8697,Consumer,2019
8698,Consumer,2021
8699,Small Business,2023
8700,Consumer,2022
8701,Consumer,2019
8702,Consumer,2022
8703,Consumer,2020
8704,Enterprise,2021
8705,Small Business,2023
8706,Enterprise,2023
8707,Small Business,2019
8708,Consumer,2022
8709,Small Business,2020
8710,Consumer,2022
8711,Consumer,2024
8712,Consumer,2021
8713,Consumer,2023
8714,Consumer,2019
8715,Consumer,2022
8716,Consumer,2024
8717,Consumer,2023
8718,Consumer,2025
8719,Consumer,2024
8720,Consumer,2019
8721,Consumer,2019
8722,Enterprise,2021
8723,Consumer,2024
8724,Consumer,2024
8725,Consumer,2024
8726,Small Business,2023
8727,Consumer,2023
8728,Consumer,2021
8729,Consumer,2023
8730,Small Business,2023
8731,Enterprise,2019
8732,Consumer,2025
8733,Consumer,2024
8734,Consumer,2020
8735,Consumer,2021
8736,Small Business,2023
8737,Enterprise,2020
8738,Enterprise,2024
8739,Small Business,2022
8740,Consumer,2019
8741,Enterprise,2023
8742,Consumer,2025
8743,Consumer,2021
8744,Consumer,2025
8745,Consumer,2024
8746,Small Business,2024
8747,Enterprise,2021
8748,Small Business,2022
8749,Small Business,2020
8750,Consumer,2023
8751,Consumer,2025
8752,Small Business,2023
8753,Consumer,2025
8754,Small Business,2020
8755,Consumer,2023
8756,Consumer,2021
8757,Consumer,2022
8758,Consumer,2019
8759,Small Business,2021
8760,Enterprise,2021
8761,Consumer,2022
8762,Consumer,2024
8763,Consumer,2023
8764,Consumer,2025
8765,Consumer,2020
8766,Consumer,2021
8767,Consumer,2022
8768,Consumer,2023
8769,Consumer,2024
8770,Small Business,2023
8771,Consumer,2025
8772,Consumer,2022
8773,Consumer,2022
8774,Small Business,2023
8775,Small Business,2020
8776,Consumer,2020
8777,Consumer,2021
8778,Small Business,2019
8779,Consumer,2021
8780,Consumer,2021
8781,Enterprise,2023
8782,Consumer,2025
8783,Consumer,2022
8784,Small Business,2025
8785,Consumer,2023
8786,Consumer,2023
8787,Consumer,2024
8788,Small Business,2023
8789,Small Business,2025
8790,Small Business,2023
8791,Consumer,2021
8792,Small Business,2022
8793,Small Business,2023
8794,Consumer,2021
8795,Consumer,2024
8796,Consumer,2019
8797,Small Business,2024
8798,Consumer,2019
8799,Consumer,2020
8800,Small Business,2025
8801,Enterprise,2024
8802,Enterprise,2024
8803,Consumer,2025
8804,Consumer,2023
8805,Consumer,2019
8806,Consumer,2024
8807,Small Business,2020
8808,Consumer,2023
8809,Consumer,2025
8810,Consumer,2023
8811,Consumer,2019
8812,Small Business,2024
8813,Consumer,2024
8814,Consumer,2019
8815,Consumer,2025
8816,Consumer,2020
8817,Consumer,2019
8818,Small Business,2022
8819,Consumer,2023
8820,Consumer,2019
8821,Small Business,2020
8822,Consumer,2023
8823,Consumer,2019
8824,Consumer,2024
8825,Consumer,2020
8826,Consumer,2024
8827,Small Business,2024
8828,Small Business,2021
8829,Consumer,2024
8830,Consumer,2020
8831,Consumer,2022
8832,Consumer,2025
8833,Consumer,2025
8834,Consumer,2025
8835,Consumer,2020
8836,Enterprise,2021
8837,Small Business,2019
8838,Consumer,2025
8839,Small Business,2024
8840,Consumer,2025
8841,Small Business,2019
8842,Consumer,2021
8843,Consumer,2024
8844,Consumer,2021
8845,Consumer,2021
8846,Consumer,2025
8847,Consumer,2022
8848,Consumer,2024
8849,Consumer,2024
8850,Consumer,2023
8851,Consumer,2024
8852,Consumer,2025
8853,Consumer,2022
8854,Consumer,2025
8855,Consumer,2019
8856,Small Business,2019
8857,Consumer,2021
8858,Consumer,2022
8859,Consumer,2021
8860,Consumer,2025
8861,Consumer,2019
8862,Consumer,2019
8863,Small Business,2023
8864,Consumer,2019
8865,Consumer,2020
8866,Consumer,2025
8867,Consumer,2024
8868,Small Business,2024
8869,Consumer,2021
8870,Consumer,2020
8871,Small Business,2021
8872,Consumer,2020
8873,Consumer,2020
8874,Small Business,2024
8875,Consumer,2020
8876,Consumer,2020
8877,Enterprise,2020
8878,Consumer,2020
8879,Consumer,2025
8880,Consumer,2025
8881,Consumer,2020
8882,Consumer,2024
8883,Consumer,2020
8884,Consumer,2021
8885,Small Business,2025
8886,Consumer,2023
8887,Consumer,2024
8888,Small Business,2022
8889,Small Business,2023
8890,Small Business,2020
8891,Small Business,2024
8892,Consumer,2025
8893,Consumer,2020
8894,Enterprise,2022
8895,Consumer,2020
8896,Consumer,2023
8897,Enterprise,2022
8898,Consumer,2021
8899,Consumer,2021
8900,Consumer,2022
8901,Consumer,2020
8902,Consumer,2021
8903,Consumer,2019
8904,Small Business,2022
8905,Consumer,2023
8906,Consumer,2023
8907,Small Business,2020
8908,Small Business,2024
8909,Consumer,2021
8910,Consumer,2024
8911,Consumer,2024
8912,Small Business,2019
8913,Consumer,2019
8914,Consumer,2022
8915,Small Business,2024
8916,Consumer,2021
8917,Consumer,2023
8918,Small Business,2023
8919,Small Business,2024
8920,Consumer,2025
8921,Consumer,2022
8922,Consumer,2024
8923,Consumer,2023
8924,Consumer,2021
8925,Consumer,2022
8926,Consumer,2024
8927,Consumer,2025
8928,Consumer,2019
8929,Consumer,2021
8930,Consumer,2019
8931,Consumer,2020
8932,Consumer,2020
8933,Consumer,2025
8934,Enterprise,2021
8935,Small Business,2025
8936,Consumer,2022
8937,Consumer,2019
8938,Small Business,2021
8939,Consumer,2024
8940,Enterprise,2023
8941,Consumer,2021
8942,Consumer,2019
8943,Consumer,2024
8944,Consumer,2022
8945,Consumer,2024
8946,Small Business,2020
8947,Consumer,2020
8948,Consumer,2021
8949,Consumer,2020
8950,Small Business,2022
8951,Consumer,2022
8952,Consumer,2019
8953,Consumer,2022
8954,Consumer,2021
8955,Small Business,2022
8956,Consumer,2024
8957,Consumer,2022
8958,Small Business,2020
8959,Consumer,2025
8960,Consumer,2024
8961,Consumer,2025
8962,Enterprise,2020
8963,Consumer,2023
8964,Consumer,2024
8965,Consumer,2025
8966,Consumer,2020
8967,Consumer,2020
8968,Consumer,2025
8969,Consumer,2022
8970,Consumer,2020
8971,Enterprise,2020
8972,Consumer,2025
8973,Small Business,2025
8974,Consumer,2020
8975,Consumer,2022
8976,Consumer,2023
8977,Consumer,2022
8978,Consumer,2021
8979,Consumer,2023
8980,Enterprise,2019
8981,Small Business,2020
8982,Consumer,2019
8983,Consumer,2025
8984,Consumer,2020
8985,Enterprise,2025
8986,Consumer,2021
8987,Consumer,2019
8988,Consumer,2023
8989,Consumer,2021
8990,Consumer,2022
8991,Consumer,2025
8992,Consumer,2023
8993,Consumer,2019
8994,Consumer,2019
8995,Consumer,2024
8996,Enterprise,2023
8997,Consumer,2022
8998,Small Business,2024
8999,Consumer,2020
9000,Consumer,2020
9001,Enterprise,2021
9002,Consumer,2024
9003,Enterprise,2025
9004,Consumer,2020
9005,Small Business,2023
9006,Consumer,2022
9007,Consumer,2025
9008,Consumer,2024
9009,Enterprise,2020
9010,Small Business,2023
9011,Consumer,2019
9012,Enterprise,2022
9013,Small Business,2020
9014,Consumer,2021
9015,Consumer,2021
9016,Consumer,2022
9017,Consumer,2024
9018,Consumer,2022
9019,Enterprise,2025
9020,Consumer,2025
9021,Consumer,2020
9022,Consumer,2024
9023,Consumer,2020
9024,Consumer,2019
9025,Consumer,2020
9026,Consumer,2021
9027,Consumer,2020
9028,Consumer,2023
9029,Small Business,2023
9030,Consumer,2023
9031,Consumer,2025
9032,Consumer,2020
9033,Consumer,2025
9034,Small Business,2024
9035,Consumer,2019
9036,Small Business,2023
9037,Small Business,2020
9038,Consumer,2019
9039,Consumer,2023
9040,Consumer,2019
9041,Small Business,2020
9042,Consumer,2023
9043,Consumer,2019
9044,Consumer,2024
9045,Consumer,2019
9046,Consumer,2021
9047,Consumer,2020
9048,Consumer,2020
9049,Small Business,2022
9050,Consumer,2020
9051,Consumer,2020
9052,Consumer,2021
9053,Enterprise,2022
9054,Consumer,2023
9055,Small Business,2019
9056,Consumer,2020
9057,Small Business,2019
9058,Consumer,2024
9059,Consumer,2022
9060,Consumer,2020
9061,Enterprise,2022
9062,Enterprise,2024
9063,Consumer,2024
9064,Consumer,2025
9065,Consumer,2020
9066,Consumer,2020
9067,Consumer,2024
9068,Consumer,2025
9069,Consumer,2020
9070,Consumer,2023
9071,Small Business,2023
9072,Consumer,2025
9073,Consumer,2020
9074,Consumer,2021
9075,Consumer,2023
9076,Consumer,2025
9077,Consumer,2024
9078,Consumer,2022
9079,Consumer,2021
9080,Consumer,2020
9081,Consumer,2021
9082,Consumer,2025
9083,Consumer,2020
9084,Consumer,2025
9085,Consumer,2020
9086,Consumer,2019
9087,Consumer,2024
9088,Small Business,2022
9089,Consumer,2024
9090,Consumer,2025
9091,Consumer,2020
9092,Consumer,2022
9093,Consumer,2020
9094,Consumer,2022
9095,Consumer,2020
9096,Consumer,2020
9097,Consumer,2022
9098,Consumer,2021
9099,Consumer,2024
9100,Consumer,2022
9101,Consumer,2023
9102,Consumer,2023
9103,Consumer,2019
9104,Small Business,2022
9105,Small Business,2022
9106,Small Business,2023
9107,Consumer,2019
9108,Consumer,2019
9109,Small Business,2024
9110,Consumer,2024
9111,Small Business,2021
9112,Consumer,2019
9113,Small Business,2020
9114,Consumer,2023
9115,Consumer,2023
9116,Consumer,2024
9117,Consumer,2022
9118,Consumer,2024
9119,Small Business,2020
9120,Consumer,2020
9121,Consumer,2021
9122,Consumer,2024
9123,Consumer,2025
9124,Consumer,2019
9125,Consumer,2020
9126,Enterprise,2019
9127,Consumer,2024
9128,Consumer,2024
9129,Enterprise,2025
9130,Consumer,2020
9131,Enterprise,2022
9132,Consumer,2022
9133,Consumer,2025
9134,Consumer,2025
9135,Consumer,2024
9136,Consumer,2020
9137,Consumer,2021
9138,Consumer,2024
9139,Consumer,2023
9140,Small Business,2023
9141,Consumer,2019
9142,Small Business,2021
9143,Enterprise,2025
9144,Small Business,2022
9145,Small Business,2025
9146,Consumer,2021
9147,Consumer,2024
9148,Consumer,2024
9149,Enterprise,2023
9150,Consumer,2024
9151,Small Business,2019
9152,Enterprise,2021
9153,Consumer,2019
9154,Consumer,2023
9155,Consumer,2021
9156,Consumer,2022
9157,Consumer,2024
9158,Small Business,2024
9159,Consumer,2023
9160,Consumer,2019
9161,Small Business,2023
9162,Consumer,2021
9163,Small Business,2025
9164,Consumer,2021
9165,Small Business,2024
9166,Consumer,2023
9167,Consumer,2021
9168,Consumer,2020
9169,Consumer,2020
9170,Consumer,2022
9171,Small Business,2025
9172,Small Business,2025
9173,Consumer,2021
9174,Consumer,2019
9175,Small Business,2020
9176,Small Business,2022
9177,Consumer,2021
9178,Consumer,2019
9179,Small Business,2020
9180,Consumer,2023
9181,Consumer,2020
9182,Small Business,2020
9183,Consumer,2021
9184,Small Business,2025
9185,Consumer,2024
9186,Small Business,2021
9187,Enterprise,2024
9188,Enterprise,2025
9189,Small Business,2020
9190,Small Business,2019
9191,Consumer,2020
9192,Enterprise,2024
9193,Small Business,2019
9194,Consumer,2020
9195,Consumer,2025
9196,Consumer,2020
9197,Consumer,2022
9198,Consumer,2025
9199,Consumer,2024
9200,Consumer,2021
9201,Consumer,2020
9202,Consumer,2023
9203,Enterprise,2021
9204,Consumer,2024
9205,Consumer,2023
9206,Consumer,2021
9207,Small Business,2021
9208,Small Business,2019
9209,Consumer,2023
9210,Consumer,2025
9211,Consumer,2025
9212,Consumer,2023
9213,Small Business,2024
9214,Consumer,2025
9215,Consumer,2020
9216,Consumer,2024
9217,Consumer,2019
9218,Consumer,2024
9219,Consumer,2020
9220,Consumer,2023
9221,Consumer,2019
9222,Consumer,2019
9223,Enterprise,2023
9224,Consumer,2025
9225,Consumer,2019
9226,Consumer,2024
9227,Small Business,2024
9228,Small Business,2024
9229,Small Business,2020
9230,Consumer,2025
9231,Small Business,2023
9232,Consumer,2020
9233,Small Business,2025
9234,Small Business,2020
9235,Consumer,2022
9236,Consumer,2020
9237,Consumer,2021
9238,Consumer,2023
9239,Small Business,2025
9240,Consumer,2022
9241,Small Business,2023
9242,Enterprise,2019
9243,Consumer,2020
9244,Consumer,2023
9245,Consumer,2019
9246,Small Business,2021
9247,Consumer,2019
9248,Consumer,2022
9249,Consumer,2020
9250,Small Business,2020
9251,Consumer,2022
9252,Consumer,2020
9253,Enterprise,2024
9254,Consumer,2022
9255,Consumer,2025
9256,Consumer,2020
9257,Consumer,2019
9258,Consumer,2021
9259,Consumer,2019
9260,Consumer,2021
9261,Consumer,2024
9262,Consumer,2025
9263,Consumer,2022
9264,Consumer,2020
9265,Small Business,2021
9266,Small Business,2021
9267,Consumer,2019
9268,Small Business,2024
9269,Small Business,2024
9270,Consumer,2021
9271,Enterprise,2022
9272,Small Business,2022
9273,Consumer,2022
9274,Consumer,2024
9275,Consumer,2023
9276,Consumer,2019
9277,Small Business,2020
9278,Consumer,2025
9279,Consumer,2021
9280,Consumer,2022
9281,Small Business,2024
9282,Consumer,2024
9283,Small Business,2022
9284,Consumer,2025
9285,Consumer,2023
9286,Consumer,2025
9287,Consumer,2022
9288,Consumer,2020
9289,Consumer,2019
9290,Consumer,2022
9291,Consumer,2025
9292,Small Business,2021
9293,Small Business,2024
9294,Consumer,2022
9295,Small Business,2024
9296,Consumer,2024
9297,Consumer,2023
9298,Consumer,2021
9299,Consumer,2021
9300,Small Business,2022
9301,Consumer,2024
9302,Consumer,2023
9303,Consumer,2020
9304,Consumer,2020
9305,Consumer,2021
9306,Consumer,2023
9307,Consumer,2024
9308,Consumer,2020
9309,Consumer,2024
9310,Small Business,2023
9311,Consumer,2020
9312,Consumer,2020
9313,Consumer,2020
9314,Consumer,2024
9315,Consumer,2020
9316,Consumer,2020
9317,Consumer,2021
9318,Consumer,2023
9319,Consumer,2022
9320,Consumer,2023
9321,Consumer,2021
9322,Consumer,2021
9323,Consumer,2023
9324,Small Business,2023
9325,Consumer,2024
9326,Small Business,2024
9327,Consumer,2021
9328,Consumer,2019
9329,Consumer,2019
9330,Small Business,2023
9331,Consumer,2022
9332,Consumer,2021
9333,Consumer,2024
9334,Consumer,2023
9335,Enterprise,2025
9336,Consumer,2025
9337,Consumer,2024
9338,Consumer,2023
9339,Consumer,2025
9340,Small Business,2020
9341,Small Business,2025
9342,Small Business,2021
9343,Consumer,2020
9344,Consumer,2022
9345,Consumer,2025
9346,Consumer,2019
9347,Small Business,2020
9348,Consumer,2023
9349,Consumer,2023
9350,Consumer,2023
9351,Small Business,2025
9352,Consumer,2024
9353,Consumer,2024
9354,Consumer,2019
9355,Small Business,2021
9356,Consumer,2023
9357,Consumer,2024
9358,Consumer,2021
9359,Small Business,2023
9360,Enterprise,2020
9361,Consumer,2025
9362,Consumer,2022
9363,Consumer,2019
9364,Consumer,2023
9365,Consumer,2020
9366,Consumer,2022
9367,Small Business,2021
9368,Consumer,2024
9369,Consumer,2024
9370,Consumer,2020
9371,Consumer,2021
9372,Consumer,2021
9373,Consumer,2024
9374,Consumer,2020
9375,Consumer,2023
9376,Consumer,2019
9377,Consumer,2025
9378,Consumer,2021
9379,Consumer,2020
9380,Consumer,2024
9381,Consumer,2023
9382,Consumer,2022
9383,Consumer,2025
9384,Small Business,2021
9385,Consumer,2022
9386,Consumer,2022
9387,Consumer,2020
9388,Small Business,2021
9389,Consumer,2023
9390,Small Business,2019
9391,Consumer,2024
9392,Small Business,2023
9393,Consumer,2023
9394,Consumer,2024
9395,Consumer,2022
9396,Consumer,2024
9397,Small Business,2024
9398,Small Business,2020
9399,Consumer,2020
9400,Consumer,2022
9401,Consumer,2019
9402,Consumer,2022
9403,Consumer,2025
9404,Consumer,2024
9405,Consumer,2024
9406,Small Business,2020
9407,Small Business,2024
9408,Small Business,2019
9409,Consumer,2021
9410,Small Business,2025
9411,Consumer,2024
9412,Consumer,2020
9413,Consumer,2022
9414,Small Business,2025
9415,Consumer,2022
9416,Small Business,2023
9417,Consumer,2021
9418,Small Business,2022
9419,Consumer,2022
9420,Small Business,2020
9421,Consumer,2025
9422,Consumer,2025
9423,Consumer,2019
9424,Consumer,2020
9425,Consumer,2023
9426,Consumer,2021
9427,Consumer,2023
9428,Small Business,2019
9429,Consumer,2024
9430,Small Business,2019
9431,Consumer,2020
9432,Consumer,2024
9433,Small Business,2021
9434,Consumer,2020
9435,Consumer,2025
9436,Consumer,2023
9437,Consumer,2021
9438,Consumer,2024
9439,Consumer,2019
9440,Small Business,2022
9441,Consumer,2020
9442,Consumer,2023
9443,Consumer,2020
9444,Consumer,2020
9445,Consumer,2020
9446,Enterprise,2024
9447,Consumer,2025
9448,Consumer,2020
9449,Small Business,2020
9450,Consumer,2023
9451,Consumer,2023
9452,Consumer,2024
9453,Consumer,2024
9454,Consumer,2024
9455,Small Business,2019
9456,Consumer,2019
9457,Consumer,2020
9458,Consumer,2021
9459,Small Business,2024
9460,Consumer,2024
9461,Small Business,2024
9462,Consumer,2024
9463,Small Business,2021
9464,Consumer,2023
9465,Consumer,2019
9466,Consumer,2019
9467,Small Business,2024
9468,Consumer,2021
9469,Consumer,2024
9470,Consumer,2025
9471,Consumer,2023
9472,Enterprise,2019
9473,Small Business,2023
9474,Consumer,2024
9475,Consumer,2020
9476,Consumer,2021
9477,Small Business,2023
9478,Consumer,2024
9479,Consumer,2020
9480,Consumer,2019
9481,Consumer,2023
9482,Consumer,2019
9483,Consumer,2022
9484,Enterprise,2021
9485,Consumer,2022
9486,Consumer,2025
9487,Consumer,2025
9488,Consumer,2023
9489,Consumer,2021
9490,Consumer,2023
9491,Small Business,2019
9492,Consumer,2025
9493,Enterprise,2025
9494,Consumer,2021
9495,Consumer,2019
9496,Consumer,2024
9497,Consumer,2019
9498,Small Business,2019
9499,Consumer,2019
9500,Consumer,2020
9501,Consumer,2025
9502,Consumer,2022
9503,Enterprise,2020
9504,Consumer,2025
9505,Consumer,2021
9506,Enterprise,2023
9507,Small Business,2022
9508,Small Business,2019
9509,Consumer,2023
9510,Consumer,2025
9511,Consumer,2025
9512,Consumer,2024
9513,Consumer,2023
9514,Consumer,2024
9515,Consumer,2025
9516,Consumer,2022
9517,Consumer,2025
9518,Consumer,2021
9519,Consumer,2021
9520,Consumer,2019
9521,Small Business,2022
9522,Consumer,2023
9523,Consumer,2021
9524,Consumer,2019
9525,Consumer,2022
9526,Consumer,2023
9527,Consumer,2019
9528,Enterprise,2022
9529,Consumer,2021
9530,Consumer,2023
9531,Small Business,2019
9532,Consumer,2024
9533,Consumer,2021
9534,Consumer,2021
9535,Small Business,2019
9536,Consumer,2022
9537,Consumer,2021
9538,Small Business,2019
9539,Consumer,2023
9540,Small Business,2021
9541,Consumer,2021
9542,Consumer,2019
9543,Consumer,2023
9544,Enterprise,2019
9545,Consumer,2023
9546,Consumer,2021
9547,Small Business,2024
9548,Consumer,2021
9549,Small Business,2023
9550,Consumer,2025
9551,Consumer,2020
9552,Small Business,2019
9553,Small Business,2023
9554,Consumer,2020
9555,Enterprise,2020
9556,Enterprise,2024
9557,Small Business,2023
9558,Consumer,2019
9559,Consumer,2023
9560,Consumer,2023
9561,Consumer,2021
9562,Consumer,2024
9563,Consumer,2024
9564,Consumer,2023
9565,Consumer,2020
9566,Consumer,2021
9567,Consumer,2022
9568,Consumer,2019
9569,Enterprise,2021
9570,Consumer,2025
9571,Consumer,2023
9572,Consumer,2025
9573,Consumer,2021
9574,Consumer,2024
9575,Small Business,2024
9576,Consumer,2020
9577,Consumer,2020
9578,Consumer,2022
9579,Small Business,2023
9580,Enterprise,2023
9581,Small Business,2025
9582,Consumer,2019
9583,Small Business,2023
9584,Consumer,2025
9585,Consumer,2020
9586,Small Business,2025
9587,Consumer,2024
9588,Enterprise,2020
9589,Consumer,2020
9590,Consumer,2020
9591,Consumer,2019
9592,Small Business,2021
9593,Consumer,2022
9594,Small Business,2022
9595,Consumer,2024
9596,Small Business,2022
9597,Consumer,2020
9598,Consumer,2023
9599,Consumer,2023
9600,Consumer,2022
9601,Consumer,2023
9602,Consumer,2020
9603,Consumer,2024
9604,Enterprise,2020
9605,Consumer,2019
9606,Small Business,2021
9607,Consumer,2020
9608,Small Business,2022
9609,Consumer,2022
9610,Consumer,2025
9611,Consumer,2021
9612,Consumer,2019
9613,Consumer,2022
9614,Consumer,2024
9615,Small Business,2020
9616,Consumer,2021
9617,Consumer,2020
9618,Enterprise,2024
9619,Consumer,2020
9620,Consumer,2020
9621,Enterprise,2019
9622,Small Business,2021
9623,Small Business,2025
9624,Small Business,2022
9625,Consumer,2019
9626,Consumer,2024
9627,Consumer,2021
9628,Enterprise,2020
9629,Small Business,2019
9630,Consumer,2021
9631,Consumer,2020
9632,Consumer,2022
9633,Consumer,2022
9634,Small Business,2023
9635,Consumer,2020
9636,Consumer,2019
9637,Enterprise,2019
9638,Consumer,2019
9639,Consumer,2020
9640,Consumer,2024
9641,Consumer,2022
9642,Consumer,2021
9643,Consumer,2020
9644,Consumer,2020
9645,Consumer,2020
9646,Consumer,2020
9647,Consumer,2022
9648,Enterprise,2023
9649,Consumer,2025
9650,Consumer,2025
9651,Small Business,2020
9652,Consumer,2024
9653,Consumer,2019
9654,Small Business,2024
9655,Consumer,2025
9656,Consumer,2023
9657,Small Business,2022
9658,Consumer,2021
9659,Consumer,2025
9660,Consumer,2025
9661,Consumer,2023
9662,Small Business,2019
9663,Consumer,2025
9664,Consumer,2024
9665,Consumer,2021
9666,Small Business,2020
9667,Consumer,2024
9668,Consumer,2023
9669,Consumer,2024
9670,Consumer,2025
9671,Consumer,2021
9672,Small Business,2024
9673,Consumer,2022
9674,Consumer,2024
9675,Consumer,2020
9676,Consumer,2024
9677,Consumer,2023
9678,Small Business,2022
9679,Consumer,2025
9680,Small Business,2021
9681,Consumer,2024
9682,Consumer,2022
9683,Consumer,2019
9684,Consumer,2020
9685,Consumer,2024
9686,Enterprise,2022
9687,Small Business,2024
9688,Small Business,2019
9689,Small Business,2024
9690,Consumer,2025
9691,Consumer,2025
9692,Consumer,2024
9693,Small Business,2022
9694,Consumer,2019
9695,Consumer,2020
9696,Consumer,2023
9697,Consumer,2025
9698,Small Business,2024
9699,Consumer,2023
9700,Consumer,2025
9701,Small Business,2021
9702,Consumer,2021
9703,Consumer,2019
9704,Consumer,2023
9705,Consumer,2020
9706,Consumer,2020
9707,Consumer,2019
9708,Consumer,2024
9709,Consumer,2020
9710,Consumer,2025
9711,Enterprise,2020
9712,Consumer,2019
9713,Consumer,2025
9714,Consumer,2020
9715,Consumer,2024
9716,Small Business,2019
9717,Consumer,2020
9718,Consumer,2021
9719,Consumer,2024
9720,Small Business,2019
9721,Consumer,2023
9722,Small Business,2024
9723,Consumer,2019
9724,Consumer,2022
9725,Consumer,2025
9726,Consumer,2022
9727,Consumer,2024
9728,Consumer,2024
9729,Consumer,2021
9730,Consumer,2023
9731,Consumer,2025
9732,Consumer,2021
9733,Consumer,2019
9734,Consumer,2024
9735,Consumer,2021
9736,Consumer,2023
9737,Consumer,2020
9738,Consumer,2020
9739,Consumer,2024
9740,Consumer,2019
9741,Small Business,2022
9742,Consumer,2024
9743,Consumer,2022
9744,Consumer,2020
9745,Small Business,2023
9746,Small Business,2019
9747,Small Business,2023
9748,Consumer,2021
9749,Consumer,2022
9750,Consumer,2025
9751,Consumer,2025
9752,Small Business,2024
9753,Consumer,2022
9754,Consumer,2024
9755,Small Business,2019
9756,Consumer,2020
9757,Small Business,2022
9758,Consumer,2024
9759,Consumer,2021
9760,Consumer,2021
9761,Consumer,2025
9762,Consumer,2025
9763,Consumer,2019
9764,Consumer,2022
9765,Consumer,2023
9766,Small Business,2023
9767,Consumer,2025
9768,Consumer,2025
9769,Consumer,2020
9770,Small Business,2025
9771,Small Business,2021
9772,Enterprise,2019
9773,Small Business,2021
9774,Consumer,2020
9775,Consumer,2025
9776,Consumer,2023
9777,Small Business,2021
9778,Consumer,2019
9779,Consumer,2021
9780,Small Business,2021
9781,Small Business,2022
9782,Enterprise,2020
9783,Consumer,2022
9784,Consumer,2022
9785,Consumer,2024
9786,Consumer,2023
9787,Consumer,2024
9788,Consumer,2020
9789,Small Business,2019
9790,Consumer,2022
9791,Consumer,2025
9792,Small Business,2021
9793,Consumer,2024
9794,Consumer,2025
9795,Consumer,2019
9796,Consumer,2019
9797,Small Business,2023
9798,Consumer,2024
9799,Consumer,2023
9800,Enterprise,2025
9801,Consumer,2019
9802,Small Business,2022
9803,Consumer,2023
9804,Enterprise,2023
9805,Consumer,2019
9806,Consumer,2019
9807,Small Business,2025
9808,Small Business,2021
9809,Consumer,2020
9810,Consumer,2020
9811,Consumer,2020
9812,Small Business,2023
9813,Small Business,2022
9814,Consumer,2025
9815,Consumer,2022
9816,Consumer,2019
9817,Small Business,2022
9818,Consumer,2022
9819,Consumer,2021
9820,Enterprise,2024
9821,Consumer,2025
9822,Consumer,2022
9823,Consumer,2024
9824,Consumer,2022
9825,Small Business,2024
9826,Consumer,2022
9827,Consumer,2020
9828,Consumer,2023
9829,Consumer,2021
9830,Consumer,2019
9831,Consumer,2024
9832,Consumer,2022
9833,Consumer,2023
9834,Enterprise,2022
9835,Consumer,2025
9836,Small Business,2020
9837,Consumer,2019
9838,Consumer,2022
9839,Enterprise,2025
9840,Consumer,2022
9841,Small Business,2021
9842,Consumer,2023
9843,Consumer,2021
9844,Consumer,2022
9845,Consumer,2025
9846,Consumer,2021
9847,Consumer,2022
9848,Consumer,2024
9849,Consumer,2023
9850,Small Business,2021
9851,Consumer,2022
9852,Small Business,2022
9853,Consumer,2021
9854,Consumer,2021
9855,Consumer,2019
9856,Small Business,2022
9857,Consumer,2021
9858,Small Business,2024
9859,Consumer,2023
9860,Consumer,2023
9861,Small Business,2020
9862,Enterprise,2019
9863,Consumer,2021
9864,Enterprise,2022
9865,Consumer,2022
9866,Small Business,2019
9867,Consumer,2020
9868,Consumer,2024
9869,Consumer,2025
9870,Small Business,2025
9871,Consumer,2022
9872,Consumer,2023
9873,Consumer,2023
9874,Small Business,2021
9875,Consumer,2021
9876,Consumer,2019
9877,Consumer,2019
9878,Consumer,2021
9879,Consumer,2021
9880,Consumer,2022
9881,Small Business,2025
9882,Consumer,2025
9883,Consumer,2020
9884,Consumer,2022
9885,Consumer,2022
9886,Consumer,2025
9887,Small Business,2021
9888,Consumer,2021
9889,Consumer,2024
9890,Enterprise,2019
9891,Consumer,2019
9892,Consumer,2023
9893,Consumer,2021
9894,Consumer,2020
9895,Small Business,2024
9896,Small Business,2020
9897,Consumer,2019
9898,Consumer,2019
9899,Consumer,2025
9900,Consumer,2022
9901,Consumer,2019
9902,Consumer,2020
9903,Consumer,2021
9904,Small Business,2025
9905,Small Business,2022
9906,Consumer,2024
9907,Consumer,2022
9908,Consumer,2024
9909,Consumer,2019
9910,Consumer,2021
9911,Consumer,2022
9912,Small Business,2019
9913,Consumer,2020
9914,Consumer,2023
9915,Consumer,2023
9916,Consumer,2019
9917,Consumer,2020
9918,Consumer,2022
9919,Small Business,2020
9920,Small Business,2019
9921,Small Business,2019
9922,Consumer,2022
9923,Consumer,2021
9924,Consumer,2022
9925,Consumer,2023
9926,Consumer,2022
9927,Small Business,2022
9928,Consumer,2024
9929,Consumer,2020
9930,Consumer,2020
9931,Consumer,2024
9932,Consumer,2020
9933,Consumer,2025
9934,Consumer,2021
9935,Consumer,2019
9936,Enterprise,2023
9937,Consumer,2021
9938,Consumer,2019
9939,Consumer,2020
9940,Small Business,2025
9941,Consumer,2022
9942,Consumer,2020
9943,Consumer,2022
9944,Consumer,2019
9945,Consumer,2021
9946,Consumer,2023
9947,Consumer,2025
9948,Small Business,2020
9949,Consumer,2024
9950,Consumer,2021
9951,Consumer,2025
9952,Consumer,2019
9953,Consumer,2019
9954,Consumer,2022
9955,Consumer,2024
9956,Enterprise,2021
9957,Consumer,2019
9958,Small Business,2020
9959,Small Business,2021
9960,Consumer,2021
9961,Consumer,2023
9962,Consumer,2024
9963,Enterprise,2019
9964,Consumer,2024
9965,Consumer,2025
9966,Consumer,2021
9967,Small Business,2020
9968,Consumer,2025
9969,Consumer,2025
9970,Consumer,2019
9971,Consumer,2024
9972,Small Business,2024
9973,Small Business,2021
9974,Consumer,2025
9975,Consumer,2020
9976,Small Business,2023
9977,Consumer,2023
9978,Consumer,2019
9979,Consumer,2025
9980,Consumer,2025
9981,Enterprise,2021
9982,Consumer,2022
9983,Consumer,2021
9984,Consumer,2020
9985,Consumer,2025
9986,Small Business,2025
9987,Consumer,2023
9988,Consumer,2021
9989,Consumer,2023
9990,Consumer,2022
9991,Consumer,2024
9992,Consumer,2022
9993,Small Business,2020
9994,Small Business,2025
9995,Consumer,2021
9996,Consumer,2022
9997,Consumer,2023
9998,Consumer,2025
9999,Consumer,2021
10000,Small Business,2020
10001,Enterprise,2019
10002,Consumer,2023
10003,Small Business,2021
10004,Consumer,2022
10005,Consumer,2024
10006,Consumer,2021
10007,Consumer,2023
10008,Consumer,2020
10009,Enterprise,2023
10010,Consumer,2019
10011,Consumer,2020
10012,Consumer,2020
10013,Enterprise,2020
10014,Consumer,2023
10015,Small Business,2021
10016,Small Business,2020
10017,Consumer,2020
10018,Consumer,2024
10019,Consumer,2022
10020,Small Business,2025
10021,Consumer,2022
10022,Consumer,2023
10023,Consumer,2025
10024,Consumer,2024
10025,Small Business,2024
10026,Small Business,2023
10027,Consumer,2025
10028,Consumer,2025
10029,Consumer,2019
10030,Small Business,2024
10031,Consumer,2019
10032,Small Business,2021
10033,Consumer,2024
10034,Consumer,2024
10035,Small Business,2023
10036,Consumer,2023
10037,Consumer,2020
10038,Consumer,2024
10039,Consumer,2019
10040,Enterprise,2021
10041,Small Business,2019
10042,Small Business,2022
10043,Consumer,2025
10044,Consumer,2025
10045,Small Business,2019
10046,Consumer,2025
10047,Enterprise,2020
10048,Consumer,2021
10049,Consumer,2020
10050,Consumer,2022
10051,Consumer,2019
10052,Consumer,2021
10053,Consumer,2021
10054,Consumer,2024
10055,Consumer,2025
10056,Consumer,2019
10057,Consumer,2021
10058,Small Business,2025
10059,Consumer,2025
10060,Enterprise,2022
10061,Small Business,2024
10062,Consumer,2020
10063,Consumer,2024
10064,Small Business,2019
10065,Consumer,2022
10066,Small Business,2022
10067,Consumer,2020
10068,Consumer,2023
10069,Consumer,2025
10070,Consumer,2023
10071,Small Business,2020
10072,Consumer,2022
10073,Small Business,2023
10074,Consumer,2022
10075,Small Business,2020
10076,Small Business,2021
10077,Consumer,2022
10078,Consumer,2020
10079,Small Business,2021
10080,Small Business,2020
10081,Consumer,2019
10082,Consumer,2021
10083,Small Business,2019
10084,Consumer,2024
10085,Consumer,2019
10086,Consumer,2019
10087,Consumer,2021
10088,Small Business,2023
10089,Consumer,2022
10090,Small Business,2019
10091,Consumer,2021
10092,Consumer,2019
10093,Consumer,2021
10094,Consumer,2020
10095,Small Business,2025
10096,Consumer,2021
10097,Small Business,2023
10098,Consumer,2020
10099,Consumer,2022
10100,Consumer,2025
10101,Small Business,2019
10102,Consumer,2021
10103,Consumer,2021
10104,Consumer,2022
10105,Consumer,2021
10106,Consumer,2025
10107,Consumer,2019
10108,Enterprise,2020
10109,Consumer,2022
10110,Consumer,2023
10111,Consumer,2019
10112,Small Business,2024
10113,Consumer,2022
10114,Consumer,2020
10115,Small Business,2021
10116,Consumer,2019
10117,Consumer,2023
10118,Consumer,2024
10119,Consumer,2025
10120,Small Business,2021
10121,Small Business,2020
10122,Small Business,2021
10123,Small Business,2019
10124,Small Business,2021
10125,Consumer,2019
10126,Consumer,2019
10127,Consumer,2021
10128,Small Business,2024
10129,Enterprise,2025
10130,Small Business,2025
10131,Consumer,2025
10132,Consumer,2025
10133,Small Business,2023
10134,Consumer,2020
10135,Consumer,2024
10136,Consumer,2025
10137,Consumer,2022
10138,Consumer,2023
10139,Enterprise,2021
10140,Small Business,2023
10141,Consumer,2019
10142,Consumer,2024
10143,Small Business,2022
10144,Consumer,2024
10145,Consumer,2021
10146,Consumer,2021
10147,Consumer,2020
10148,Consumer,2023
10149,Small Business,2025
10150,Consumer,2023
10151,Consumer,2025
10152,Consumer,2019
10153,Enterprise,2024
10154,Consumer,2019
10155,Consumer,2022
10156,Consumer,2022
10157,Enterprise,2022
10158,Small Business,2022
10159,Consumer,2024
10160,Consumer,2023
10161,Consumer,2019
10162,Small Business,2024
10163,Small Business,2021
10164,Enterprise,2023
10165,Consumer,2025
10166,Consumer,2020
10167,Consumer,2023
10168,Small Business,2023
10169,Consumer,2022
10170,Consumer,2020
10171,Small Business,2024
10172,Consumer,2024
10173,Small Business,2025
10174,Consumer,2021
10175,Consumer,2019
10176,Consumer,2025
10177,Consumer,2023
10178,Small Business,2019
10179,Consumer,2024
10180,Consumer,2023
10181,Consumer,2024
10182,Consumer,2022
10183,Enterprise,2022
10184,Small Business,2019
10185,Consumer,2022
10186,Consumer,2022
10187,Consumer,2025
10188,Consumer,2020
10189,Consumer,2019
10190,Consumer,2021
10191,Consumer,2020
10192,Small Business,2022
10193,Consumer,2023
10194,Small Business,2021
10195,Enterprise,2021
10196,Consumer,2021
10197,Consumer,2025
10198,Small Business,2021
10199,Consumer,2024
10200,Consumer,2019
10201,Consumer,2019
10202,Small Business,2021
10203,Small Business,2022
10204,Small Business,2021
10205,Consumer,2020
10206,Consumer,2023
10207,Small Business,2020
10208,Small Business,2022
10209,Consumer,2019
10210,Enterprise,2020
10211,Small Business,2025
10212,Consumer,2023
10213,Consumer,2021
10214,Consumer,2019
10215,Small Business,2024
10216,Consumer,2021
10217,Consumer,2022
10218,Consumer,2023
10219,Small Business,2019
10220,Small Business,2023
10221,Small Business,2025
10222,Consumer,2020
10223,Consumer,2025
10224,Consumer,2021
10225,Consumer,2019
10226,Consumer,2022
10227,Enterprise,2020
10228,Consumer,2021
10229,Consumer,2020
10230,Consumer,2023
10231,Small Business,2021
10232,Consumer,2024
10233,Consumer,2020
10234,Consumer,2019
10235,Consumer,2021
10236,Consumer,2024
10237,Consumer,2025
10238,Small Business,2025
10239,Consumer,2019
10240,Consumer,2025
10241,Consumer,2021
10242,Consumer,2019
10243,Consumer,2020
10244,Consumer,2025
10245,Enterprise,2023
10246,Enterprise,2020
10247,Consumer,2024
10248,Consumer,2021
10249,Small Business,2019
10250,Small Business,2021
10251,Consumer,2024
10252,Consumer,2021
10253,Consumer,2020
10254,Enterprise,2021
10255,Consumer,2024
10256,Consumer,2020
10257,Consumer,2022
10258,Consumer,2023
10259,Small Business,2019
10260,Consumer,2023
10261,Enterprise,2024
10262,Small Business,2023
10263,Consumer,2020
10264,Small Business,2022
10265,Small Business,2025
10266,Consumer,2020
10267,Consumer,2020
10268,Small Business,2023
10269,Consumer,2021
10270,Consumer,2023
10271,Consumer,2023
10272,Consumer,2019
10273,Consumer,2024
10274,Consumer,2025
10275,Consumer,2019
10276,Consumer,2023
10277,Small Business,2021
10278,Consumer,2023
10279,Small Business,2023
10280,Small Business,2022
10281,Consumer,2019
10282,Consumer,2023
10283,Consumer,2023
10284,Small Business,2023
10285,Consumer,2020
10286,Consumer,2024
10287,Consumer,2020
10288,Consumer,2020
10289,Small Business,2021
10290,Small Business,2020
10291,Consumer,2021
10292,Consumer,2020
10293,Consumer,2019
10294,Consumer,2025
10295,Consumer,2023
10296,Consumer,2021
10297,Small Business,2021
10298,Consumer,2021
10299,Small Business,2024
10300,Consumer,2020
10301,Consumer,2019
10302,Consumer,2022
10303,Consumer,2020
10304,Consumer,2025
10305,Enterprise,2021
10306,Small Business,2023
10307,Small Business,2021
10308,Consumer,2020
10309,Consumer,2021
10310,Consumer,2024
10311,Small Business,2019
10312,Small Business,2025
10313,Consumer,2019
10314,Enterprise,2023
10315,Consumer,2023
10316,Consumer,2023
10317,Consumer,2019
10318,Consumer,2023
10319,Enterprise,2019
10320,Small Business,2024
10321,Consumer,2024
10322,Consumer,2025
10323,Consumer,2021
10324,Consumer,2023
10325,Consumer,2020
10326,Consumer,2022
10327,Consumer,2024
10328,Consumer,2020
10329,Consumer,2024
10330,Small Business,2021
10331,Consumer,2025
10332,Consumer,2019
10333,Consumer,2020
10334,Consumer,2024
10335,Consumer,2020
10336,Consumer,2025
10337,Small Business,2025
10338,Small Business,2019
10339,Consumer,2024
10340,Consumer,2022
10341,Enterprise,2024
10342,Consumer,2023
10343,Consumer,2021
10344,Consumer,2019
10345,Consumer,2021
10346,Consumer,2022
10347,Consumer,2022
10348,Consumer,2024
10349,Consumer,2024
10350,Consumer,2021
10351,Small Business,2020
10352,Consumer,2023
10353,Consumer,2024
10354,Consumer,2023
10355,Consumer,2023
10356,Consumer,2023
10357,Consumer,2021
10358,Consumer,2020
10359,Consumer,2024
10360,Small Business,2020
10361,Small Business,2019
10362,Consumer,2019
10363,Consumer,2021
10364,Small Business,2022
10365,Consumer,2022
10366,Small Business,2020
10367,Consumer,2021
10368,Consumer,2023
10369,Small Business,2021
10370,Consumer,2022
10371,Consumer,2020
10372,Consumer,2024
10373,Consumer,2022
10374,Small Business,2024
10375,Small Business,2021
10376,Consumer,2021
10377,Consumer,2024
10378,Consumer,2021
10379,Consumer,2024
10380,Consumer,2019
10381,Consumer,2024
10382,Small Business,2024
10383,Consumer,2022
10384,Consumer,2022
10385,Consumer,2021
10386,Consumer,2021
10387,Consumer,2021
10388,Consumer,2023
10389,Consumer,2020
10390,Enterprise,2020
10391,Consumer,2021
10392,Consumer,2022
10393,Small Business,2020
10394,Consumer,2022
10395,Enterprise,2024
10396,Consumer,2020
10397,Consumer,2020
10398,Consumer,2024
10399,Consumer,2020
10400,Small Business,2023
10401,Consumer,2025
10402,Small Business,2022
10403,Small Business,2022
10404,Small Business,2023
10405,Small Business,2019
10406,Consumer,2019
10407,Consumer,2020
10408,Small Business,2022
10409,Consumer,2024
10410,Consumer,2023
10411,Consumer,2025
10412,Consumer,2021
10413,Small Business,2024
10414,Consumer,2023
10415,Consumer,2019
10416,Enterprise,2022
10417,Consumer,2023
10418,Small Business,2021
10419,Consumer,2024
10420,Consumer,2021
10421,Consumer,2023
10422,Consumer,2024
10423,Consumer,2020
10424,Consumer,2019
10425,Consumer,2025
10426,Consumer,2024
10427,Consumer,2025
10428,Consumer,2019
10429,Small Business,2023
10430,Small Business,2019
10431,Consumer,2022
10432,Consumer,2024
10433,Consumer,2020
10434,Consumer,2021
10435,Small Business,2022
10436,Enterprise,2022
10437,Consumer,2019
10438,Consumer,2021
10439,Small Business,2024
10440,Consumer,2019
10441,Consumer,2021
10442,Consumer,2023
10443,Consumer,2021
10444,Consumer,2023
10445,Consumer,2020
10446,Consumer,2020
10447,Consumer,2025
10448,Small Business,2024
10449,Small Business,2021
10450,Consumer,2019
10451,Consumer,2022
10452,Small Business,2024
10453,Small Business,2023
10454,Consumer,2023
10455,Consumer,2022
10456,Consumer,2025
10457,Small Business,2019
10458,Consumer,2024
10459,Consumer,2025
10460,Small Business,2024
10461,Consumer,2020
10462,Small Business,2025
10463,Consumer,2025
10464,Consumer,2024
10465,Small Business,2021
10466,Enterprise,2024
10467,Enterprise,2024
10468,Small Business,2020
10469,Consumer,2020
10470,Consumer,2024
10471,Consumer,2024
10472,Small Business,2023
10473,Consumer,2022
10474,Small Business,2025
10475,Small Business,2021
10476,Enterprise,2024
10477,Enterprise,2025
10478,Consumer,2020
10479,Consumer,2019
10480,Enterprise,2020
10481,Consumer,2023
10482,Consumer,2020
10483,Enterprise,2023
10484,Consumer,2022
10485,Consumer,2025
10486,Consumer,2023
10487,Consumer,2023
10488,Enterprise,2020
10489,Consumer,2021
10490,Consumer,2020
10491,Consumer,2019
10492,Small Business,2021
10493,Small Business,2025
10494,Consumer,2024
10495,Consumer,2020
10496,Consumer,2021
10497,Consumer,2024
10498,Consumer,2019
10499,Consumer,2024
10500,Consumer,2022
10501,Consumer,2023
10502,Consumer,2019
10503,Consumer,2025
10504,Consumer,2023
10505,Consumer,2020
10506,Consumer,2024
10507,Consumer,2019
10508,Enterprise,2020
10509,Consumer,2024
10510,Small Business,2024
10511,Consumer,2019
10512,Consumer,2023
10513,Consumer,2024
10514,Consumer,2019
10515,Small Business,2019
10516,Small Business,2020
10517,Consumer,2020
10518,Small Business,2020
10519,Consumer,2024
10520,Small Business,2020
10521,Small Business,2022
10522,Consumer,2021
10523,Small Business,2021
10524,Enterprise,2025
10525,Small Business,2021
10526,Consumer,2020
10527,Small Business,2020
10528,Consumer,2025
10529,Consumer,2024
10530,Small Business,2022
10531,Consumer,2022
10532,Small Business,2022
10533,Consumer,2023
10534,Consumer,2023
10535,Enterprise,2019
10536,Consumer,2024
10537,Consumer,2024
10538,Consumer,2025
10539,Consumer,2021
10540,Consumer,2019
10541,Consumer,2021
10542,Small Business,2021
10543,Enterprise,2023
10544,Small Business,2020
10545,Consumer,2019
10546,Consumer,2020
10547,Consumer,2023
10548,Small Business,2020
10549,Consumer,2023
10550,Small Business,2023
10551,Consumer,2022
10552,Consumer,2019
10553,Enterprise,2019
10554,Consumer,2024
10555,Small Business,2023
10556,Small Business,2024
10557,Consumer,2025
10558,Consumer,2021
10559,Consumer,2025
10560,Small Business,2021
10561,Enterprise,2025
10562,Consumer,2023
10563,Small Business,2020
10564,Consumer,2019
10565,Consumer,2025
10566,Small Business,2021
10567,Small Business,2025
10568,Consumer,2020
10569,Consumer,2022
10570,Consumer,2020
10571,Consumer,2019
10572,Consumer,2022
10573,Small Business,2022
10574,Consumer,2020
10575,Consumer,2021
10576,Small Business,2021
10577,Consumer,2020
10578,Consumer,2024
10579,Small Business,2021
10580,Consumer,2023
10581,Consumer,2024
10582,Consumer,2021
10583,Consumer,2019
10584,Consumer,2019
10585,Consumer,2023
10586,Consumer,2019
10587,Small Business,2019
10588,Consumer,2022
10589,Consumer,2020
10590,Consumer,2021
10591,Enterprise,2023
10592,Consumer,2024
10593,Small Business,2021
10594,Consumer,2019
10595,Enterprise,2020
10596,Consumer,2024
10597,Consumer,2019
10598,Consumer,2020
10599,Consumer,2025
10600,Small Business,2021
10601,Consumer,2019
10602,Consumer,2025
10603,Consumer,2024
10604,Consumer,2024
10605,Consumer,2023
10606,Enterprise,2022
10607,Small Business,2023
10608,Consumer,2019
10609,Small Business,2019
10610,Consumer,2023
10611,Consumer,2022
10612,Consumer,2024
10613,Consumer,2025
10614,Consumer,2020
10615,Consumer,2021
10616,Small Business,2020
10617,Consumer,2024
10618,Consumer,2022
10619,Consumer,2021
10620,Consumer,2024
10621,Small Business,2022
10622,Consumer,2022
10623,Consumer,2024
10624,Consumer,2020
10625,Small Business,2023
10626,Consumer,2025
10627,Small Business,2025
10628,Consumer,2025
10629,Consumer,2020
10630,Consumer,2023
10631,Consumer,2023
10632,Consumer,2019
10633,Consumer,2022
10634,Consumer,2020
10635,Consumer,2022
10636,Consumer,2023
10637,Consumer,2023
10638,Consumer,2024
10639,Consumer,2023
10640,Consumer,2022
10641,Small Business,2025
10642,Consumer,2021
10643,Consumer,2021
10644,Consumer,2025
10645,Enterprise,2025
10646,Consumer,2021
10647,Consumer,2025
10648,Consumer,2025
10649,Consumer,2024
10650,Small Business,2022
10651,Consumer,2024
10652,Consumer,2023
10653,Consumer,2019
10654,Enterprise,2019
10655,Small Business,2025
10656,Small Business,2020
10657,Small Business,2020
10658,Small Business,2025
10659,Consumer,2021
10660,Consumer,2024
10661,Consumer,2024
10662,Consumer,2022
10663,Consumer,2023
10664,Consumer,2022
10665,Consumer,2022
10666,Consumer,2019
10667,Consumer,2019
10668,Consumer,2024
10669,Consumer,2024
10670,Consumer,2019
10671,Consumer,2021
10672,Consumer,2021
10673,Consumer,2019
10674,Small Business,2021
10675,Consumer,2025
10676,Consumer,2023
10677,Small Business,2025
10678,Small Business,2021
10679,Consumer,2024
10680,Consumer,2025
10681,Consumer,2022
10682,Consumer,2024
10683,Consumer,2020
10684,Small Business,2025
10685,Small Business,2025
10686,Consumer,2022
10687,Consumer,2019
10688,Small Business,2021
10689,Small Business,2021
10690,Small Business,2025
10691,Consumer,2019
10692,Consumer,2019
10693,Small Business,2024
10694,Enterprise,2025
10695,Consumer,2020
10696,Consumer,2019
10697,Consumer,2025
10698,Consumer,2024
10699,Small Business,2024
10700,Consumer,2024
10701,Consumer,2025
10702,Consumer,2023
10703,Consumer,2019
10704,Small Business,2024
10705,Consumer,2019
10706,Consumer,2019
10707,Enterprise,2022
10708,Consumer,2021
10709,Consumer,2022
10710,Consumer,2021
10711,Consumer,2024
10712,Consumer,2025
10713,Consumer,2025
10714,Consumer,2022
10715,Consumer,2022
10716,Consumer,2019
10717,Consumer,2025
10718,Consumer,2020
10719,Consumer,2020
10720,Consumer,2024
10721,Small Business,2025
10722,Consumer,2025
10723,Consumer,2019
10724,Consumer,2025
10725,Consumer,2021
10726,Consumer,2020
10727,Consumer,2020
10728,Consumer,2023
10729,Small Business,2024
10730,Consumer,2021
10731,Consumer,2023
10732,Small Business,2024
10733,Consumer,2021
10734,Consumer,2024
10735,Consumer,2021
10736,Consumer,2020
10737,Small Business,2022
10738,Consumer,2022
10739,Consumer,2021
10740,Small Business,2021
10741,Consumer,2021
10742,Consumer,2022
10743,Consumer,2023
10744,Consumer,2021
10745,Consumer,2023
10746,Consumer,2021
10747,Consumer,2020
10748,Consumer,2020
10749,Consumer,2024
10750,Small Business,2021
10751,Consumer,2023
10752,Enterprise,2023
10753,Consumer,2023
10754,Small Business,2023
10755,Small Business,2025
10756,Consumer,2025
10757,Consumer,2021
10758,Small Business,2021
10759,Small Business,2021
10760,Consumer,2023
10761,Small Business,2022
10762,Consumer,2025
10763,Consumer,2024
10764,Consumer,2022
10765,Small Business,2021
10766,Consumer,2024
10767,Consumer,2024
10768,Consumer,2025
10769,Consumer,2022
10770,Consumer,2024
10771,Consumer,2025
10772,Small Business,2019
10773,Consumer,2020
10774,Consumer,2020
10775,Consumer,2020
10776,Consumer,2021
10777,Consumer,2019
10778,Consumer,2023
10779,Consumer,2023
10780,Consumer,2023
10781,Consumer,2024
10782,Small Business,2019
10783,Consumer,2021
10784,Consumer,2022
10785,Consumer,2020
10786,Consumer,2021
10787,Consumer,2022
10788,Consumer,2023
10789,Consumer,2020
10790,Consumer,2020
10791,Consumer,2020
10792,Consumer,2020
10793,Enterprise,2024
10794,Consumer,2023
10795,Consumer,2024
10796,Consumer,2019
10797,Consumer,2023
10798,Consumer,2023
10799,Consumer,2024
10800,Consumer,2022
10801,Consumer,2024
10802,Consumer,2022
10803,Consumer,2024
10804,Consumer,2024
10805,Small Business,2024
10806,Consumer,2020
10807,Enterprise,2024
10808,Small Business,2020
10809,Consumer,2022
10810,Consumer,2025
10811,Small Business,2019
10812,Consumer,2024
10813,Consumer,2021
10814,Consumer,2020
10815,Consumer,2019
10816,Small Business,2024
10817,Small Business,2024
10818,Small Business,2022
10819,Small Business,2020
10820,Consumer,2023
10821,Consumer,2025
10822,Enterprise,2024
10823,Enterprise,2024
10824,Small Business,2019
10825,Small Business,2025
10826,Consumer,2023
10827,Consumer,2023
10828,Small Business,2021
10829,Consumer,2025
10830,Consumer,2022
10831,Consumer,2020
10832,Consumer,2021
10833,Consumer,2020
10834,Consumer,2025
10835,Consumer,2024
10836,Consumer,2023
10837,Consumer,2024
10838,Consumer,2024
10839,Consumer,2021
10840,Consumer,2020
10841,Consumer,2025
10842,Consumer,2021
10843,Consumer,2019
10844,Small Business,2024
10845,Consumer,2020
10846,Consumer,2020
10847,Consumer,2023
10848,Consumer,2025
10849,Small Business,2019
10850,Enterprise,2023
10851,Consumer,2021
10852,Enterprise,2025
10853,Consumer,2025
10854,Consumer,2019
10855,Consumer,2019
10856,Consumer,2021
10857,Consumer,2019
10858,Consumer,2021
10859,Consumer,2020
10860,Consumer,2025
10861,Consumer,2023
10862,Consumer,2020
10863,Consumer,2023
10864,Consumer,2024
10865,Consumer,2024
10866,Consumer,2023
10867,Small Business,2023
10868,Consumer,2024
10869,Consumer,2020
10870,Enterprise,2025
10871,Consumer,2020
10872,Consumer,2024
10873,Consumer,2025
10874,Consumer,2020
10875,Consumer,2023
10876,Consumer,2024
10877,Consumer,2021
10878,Small Business,2022
10879,Consumer,2024
10880,Consumer,2023
10881,Small Business,2024
10882,Consumer,2020
10883,Small Business,2022
10884,Consumer,2024
10885,Consumer,2020
10886,Small Business,2022
10887,Consumer,2022
10888,Small Business,2024
10889,Consumer,2024
10890,Small Business,2021
10891,Consumer,2025
10892,Consumer,2023
10893,Consumer,2023
10894,Enterprise,2019
10895,Consumer,2020
10896,Consumer,2019
10897,Small Business,2019
10898,Consumer,2025
10899,Consumer,2020
10900,Consumer,2024
10901,Consumer,2022
10902,Consumer,2020
10903,Consumer,2024
10904,Consumer,2023
10905,Consumer,2024
10906,Consumer,2024
10907,Consumer,2024
10908,Consumer,2023
10909,Consumer,2020
10910,Consumer,2022
10911,Consumer,2024
10912,Consumer,2024
10913,Consumer,2022
10914,Consumer,2019
10915,Small Business,2025
10916,Consumer,2023
10917,Small Business,2022
10918,Consumer,2022
10919,Consumer,2022
10920,Enterprise,2023
10921,Small Business,2023
10922,Consumer,2021
10923,Consumer,2021
10924,Consumer,2020
10925,Consumer,2021
10926,Consumer,2025
10927,Consumer,2020
10928,Consumer,2025
10929,Consumer,2022
10930,Consumer,2025
10931,Consumer,2023
10932,Consumer,2024
10933,Small Business,2021
10934,Consumer,2019
10935,Enterprise,2021
10936,Small Business,2023
10937,Small Business,2020
10938,Consumer,2021
10939,Small Business,2019
10940,Enterprise,2021
10941,Small Business,2019
10942,Consumer,2020
10943,Consumer,2021
10944,Consumer,2020
10945,Consumer,2019
10946,Consumer,2019
10947,Small Business,2023
10948,Consumer,2019
10949,Consumer,2019
10950,Small Business,2023
10951,Consumer,2022
10952,Consumer,2025
10953,Small Business,2021
10954,Small Business,2021
10955,Consumer,2019
10956,Consumer,2019
10957,Consumer,2024
10958,Consumer,2020
10959,Small Business,2019
10960,Small Business,2024
10961,Consumer,2025
10962,Consumer,2021
10963,Consumer,2021
10964,Consumer,2023
10965,Consumer,2019
10966,Consumer,2020
10967,Small Business,2025
10968,Consumer,2024
10969,Consumer,2020
10970,Consumer,2023
10971,Small Business,2025
10972,Enterprise,2020
10973,Consumer,2020
10974,Consumer,2025
10975,Small Business,2025
10976,Consumer,2022
10977,Consumer,2022
10978,Consumer,2020
10979,Small Business,2019
10980,Consumer,2022
10981,Consumer,2020
10982,Consumer,2021
10983,Consumer,2025
10984,Consumer,2025
10985,Small Business,2022
10986,Small Business,2021
10987,Consumer,2025
10988,Consumer,2025
10989,Small Business,2023
10990,Small Business,2024
10991,Consumer,2022
10992,Consumer,2023
10993,Consumer,2022
10994,Consumer,2020
10995,Consumer,2019
10996,Consumer,2019
10997,Consumer,2024
10998,Small Business,2025
10999,Small Business,2022
11000,Small Business,2022
11001,Consumer,2025
11002,Consumer,2025
11003,Consumer,2024
11004,Consumer,2022
11005,Consumer,2022
11006,Consumer,2023
11007,Enterprise,2024
11008,Small Business,2025
11009,Consumer,2023
11010,Small Business,2024
11011,Consumer,2019
11012,Consumer,2021
11013,Consumer,2020
11014,Consumer,2024
11015,Consumer,2020
11016,Consumer,2021
11017,Consumer,2023
11018,Enterprise,2022
11019,Consumer,2021
11020,Consumer,2020
11021,Consumer,2025
11022,Consumer,2025
11023,Consumer,2019
11024,Consumer,2025
11025,Small Business,2024
11026,Consumer,2025
11027,Consumer,2022
11028,Consumer,2021
11029,Small Business,2023
11030,Consumer,2024
11031,Consumer,2025
11032,Enterprise,2020
11033,Consumer,2025
11034,Consumer,2021
11035,Consumer,2023
11036,Consumer,2024
11037,Enterprise,2023
11038,Consumer,2019
11039,Consumer,2025
11040,Consumer,2019
11041,Consumer,2022
11042,Consumer,2023
11043,Small Business,2020
11044,Consumer,2024
11045,Small Business,2023
11046,Small Business,2021
11047,Consumer,2020
11048,Small Business,2023
11049,Small Business,2019
11050,Consumer,2025
11051,Consumer,2019
11052,Consumer,2019
11053,Consumer,2020
11054,Small Business,2024
11055,Consumer,2024
11056,Consumer,2023
11057,Consumer,2024
11058,Consumer,2021
11059,Small Business,2025
11060,Small Business,2019
11061,Small Business,2023
11062,Consumer,2021
11063,Consumer,2021
11064,Small Business,2024
11065,Consumer,2024
11066,Consumer,2022
11067,Consumer,2025
11068,Consumer,2020
11069,Consumer,2019
11070,Consumer,2020
11071,Consumer,2019
11072,Small Business,2024
11073,Consumer,2022
11074,Consumer,2022
11075,Consumer,2022
11076,Consumer,2019
11077,Consumer,2023
11078,Enterprise,2025
11079,Consumer,2019
11080,Consumer,2020
11081,Small Business,2024
11082,Consumer,2024
11083,Consumer,2020
11084,Consumer,2019
11085,Consumer,2024
11086,Consumer,2020
11087,Consumer,2024
11088,Small Business,2021
11089,Consumer,2025
11090,Consumer,2025
11091,Small Business,2019
11092,Enterprise,2024
11093,Consumer,2024
11094,Small Business,2021
11095,Small Business,2025
11096,Consumer,2024
11097,Consumer,2020
11098,Consumer,2024
11099,Consumer,2023
11100,Consumer,2022
11101,Consumer,2025
11102,Small Business,2022
11103,Consumer,2020
11104,Consumer,2022
11105,Small Business,2022
11106,Enterprise,2020
11107,Small Business,2023
11108,Consumer,2024
11109,Consumer,2025
11110,Consumer,2024
11111,Consumer,2022
11112,Consumer,2024
11113,Small Business,2025
11114,Consumer,2024
11115,Consumer,2024
11116,Consumer,2024
11117,Consumer,2022
11118,Consumer,2024
11119,Consumer,2021
11120,Consumer,2025
11121,Small Business,2025
11122,Consumer,2023
11123,Consumer,2024
11124,Enterprise,2024
11125,Consumer,2023
11126,Consumer,2024
11127,Consumer,2024
11128,Consumer,2020
11129,Consumer,2020
11130,Consumer,2022
11131,Consumer,2019
11132,Consumer,2024
11133,Consumer,2023
11134,Small Business,2019
11135,Small Business,2021
11136,Consumer,2022
11137,Consumer,2024
11138,Consumer,2019
11139,Consumer,2022
11140,Consumer,2020
11141,Small Business,2021
11142,Consumer,2022
11143,Consumer,2020
11144,Consumer,2021
11145,Small Business,2021
11146,Consumer,2024
11147,Consumer,2021
11148,Enterprise,2023
11149,Consumer,2021
11150,Consumer,2020
11151,Consumer,2019
11152,Consumer,2019
11153,Consumer,2021
11154,Consumer,2020
11155,Consumer,2024
11156,Consumer,2022
11157,Small Business,2019
11158,Consumer,2024
11159,Small Business,2021
11160,Enterprise,2023
11161,Small Business,2019
11162,Consumer,2019
11163,Consumer,2019
11164,Consumer,2022
11165,Consumer,2025
11166,Consumer,2025
11167,Consumer,2024
11168,Consumer,2025
11169,Consumer,2024
11170,Small Business,2024
11171,Consumer,2021
11172,Consumer,2020
11173,Consumer,2023
11174,Consumer,2019
11175,Consumer,2020
11176,Consumer,2022
11177,Consumer,2023
11178,Consumer,2021
11179,Consumer,2024
11180,Enterprise,2023
11181,Small Business,2020
11182,Consumer,2019
11183,Consumer,2020
11184,Consumer,2025
11185,Small Business,2020
11186,Consumer,2024
11187,Consumer,2023
11188,Small Business,2025
11189,Consumer,2025
11190,Consumer,2025
11191,Consumer,2021
11192,Consumer,2022
11193,Consumer,2022
11194,Small Business,2023
11195,Consumer,2020
11196,Consumer,2024
11197,Consumer,2023
11198,Enterprise,2020
11199,Consumer,2019
11200,Consumer,2019
11201,Consumer,2021
11202,Consumer,2021
11203,Small Business,2020
11204,Enterprise,2022
11205,Small Business,2019
11206,Small Business,2023
11207,Consumer,2022
11208,Consumer,2020
11209,Consumer,2022
11210,Consumer,2022
11211,Consumer,2024
11212,Small Business,2023
11213,Consumer,2020
11214,Consumer,2024
11215,Consumer,2021
11216,Small Business,2020
11217,Small Business,2024
11218,Consumer,2024
11219,Small Business,2019
11220,Small Business,2025
11221,Consumer,2023
11222,Small Business,2021
11223,Consumer,2024
11224,Consumer,2022
11225,Consumer,2025
11226,Consumer,2019
11227,Consumer,2022
11228,Consumer,2023
11229,Consumer,2019
11230,Consumer,2025
11231,Consumer,2021
11232,Consumer,2019
11233,Consumer,2021
11234,Consumer,2024
11235,Small Business,2025
11236,Small Business,2020
11237,Consumer,2021
11238,Consumer,2024
11239,Consumer,2019
11240,Enterprise,2022
11241,Consumer,2022
11242,Consumer,2021
11243,Consumer,2021
11244,Consumer,2025
11245,Consumer,2021
11246,Consumer,2023
11247,Consumer,2024
11248,Consumer,2019
11249,Consumer,2024
11250,Consumer,2024
11251,Small Business,2020
11252,Consumer,2020
11253,Enterprise,2022
11254,Consumer,2025
11255,Small Business,2025
11256,Small Business,2020
11257,Small Business,2023
11258,Small Business,2022
11259,Consumer,2023
11260,Consumer,2022
11261,Consumer,2023
11262,Consumer,2022
11263,Enterprise,2019
11264,Consumer,2022
11265,Consumer,2020
11266,Small Business,2022
11267,Consumer,2022
11268,Consumer,2023
11269,Consumer,2024
11270,Small Business,2020
11271,Small Business,2023
11272,Consumer,2024
11273,Consumer,2021
11274,Consumer,2019
11275,Consumer,2025
11276,Consumer,2024
11277,Enterprise,2023
11278,Consumer,2024
11279,Consumer,2021
11280,Consumer,2024
11281,Consumer,2025
11282,Consumer,2021
11283,Consumer,2022
11284,Consumer,2024
11285,Small Business,2020
11286,Consumer,2023
11287,Consumer,2019
11288,Small Business,2025
11289,Consumer,2019
11290,Consumer,2019
11291,Consumer,2021
11292,Consumer,2024
11293,Consumer,2020
11294,Consumer,2023
11295,Consumer,2021
11296,Consumer,2025
11297,Consumer,2022
11298,Consumer,2022
11299,Consumer,2019
11300,Enterprise,2020
11301,Consumer,2019
11302,Consumer,2025
11303,Consumer,2022
11304,Consumer,2021
11305,Consumer,2020
11306,Consumer,2023
11307,Consumer,2023
11308,Consumer,2021
11309,Small Business,2020
11310,Consumer,2025
11311,Consumer,2019
11312,Consumer,2022
11313,Consumer,2025
11314,Consumer,2021
11315,Consumer,2019
11316,Small Business,2024
11317,Consumer,2025
11318,Consumer,2019
11319,Consumer,2021
11320,Consumer,2019
11321,Small Business,2025
11322,Consumer,2024
11323,Consumer,2024
11324,Small Business,2021
11325,Consumer,2024
11326,Consumer,2020
11327,Consumer,2020
11328,Consumer,2023
11329,Consumer,2025
11330,Small Business,2020
11331,Enterprise,2022
11332,Consumer,2025
11333,Small Business,2021
11334,Enterprise,2024
11335,Consumer,2023
11336,Small Business,2025
11337,Consumer,2021
11338,Consumer,2024
11339,Consumer,2024
11340,Consumer,2025
11341,Small Business,2025
11342,Consumer,2021
11343,Small Business,2024
11344,Consumer,2023
11345,Consumer,2019
11346,Consumer,2025
11347,Consumer,2024
11348,Consumer,2023
11349,Consumer,2019
11350,Consumer,2025
11351,Consumer,2025
11352,Consumer,2025
11353,Consumer,2021
11354,Consumer,2019
11355,Consumer,2024
11356,Small Business,2022
11357,Consumer,2020
11358,Small Business,2020
11359,Consumer,2023
11360,Consumer,2025
11361,Small Business,2023
11362,Small Business,2025
11363,Consumer,2022
11364,Consumer,2022
11365,Consumer,2021
11366,Consumer,2019
11367,Small Business,2020
11368,Consumer,2021
11369,Consumer,2023
11370,Consumer,2020
11371,Consumer,2022
11372,Consumer,2022
11373,Consumer,2022
11374,Small Business,2025
11375,Consumer,2020
11376,Consumer,2021
11377,Consumer,2021
11378,Consumer,2024
11379,Consumer,2023
11380,Consumer,2024
11381,Enterprise,2022
11382,Enterprise,2024
11383,Small Business,2019
11384,Small Business,2020
11385,Consumer,2023
11386,Consumer,2020
11387,Consumer,2021
11388,Small Business,2020
11389,Consumer,2019
11390,Consumer,2021
11391,Consumer,2025
11392,Consumer,2019
11393,Consumer,2025
11394,Consumer,2022
11395,Consumer,2024
11396,Consumer,2024
11397,Small Business,2019
11398,Consumer,2020
11399,Consumer,2025
11400,Consumer,2023
11401,Consumer,2021
11402,Small Business,2022
11403,Consumer,2022
11404,Enterprise,2019
11405,Consumer,2025
11406,Consumer,2020
11407,Enterprise,2025
11408,Consumer,2020
11409,Small Business,2023
11410,Consumer,2022
11411,Consumer,2025
11412,Consumer,2023
11413,Consumer,2023
11414,Small Business,2021
11415,Consumer,2025
11416,Consumer,2019
11417,Consumer,2022
11418,Consumer,2020
11419,Consumer,2022
11420,Enterprise,2019
11421,Consumer,2023
11422,Consumer,2024
11423,Consumer,2023
11424,Consumer,2023
11425,Consumer,2019
11426,Consumer,2023
11427,Consumer,2021
11428,Small Business,2023
11429,Consumer,2023
11430,Consumer,2021
11431,Small Business,2019
11432,Small Business,2019
11433,Small Business,2022
11434,Consumer,2023
11435,Enterprise,2019
11436,Small Business,2024
11437,Small Business,2020
11438,Consumer,2024
11439,Enterprise,2023
11440,Consumer,2024
11441,Small Business,2020
11442,Consumer,2023
11443,Small Business,2023
11444,Small Business,2024
11445,Consumer,2022
11446,Consumer,2024
11447,Consumer,2022
11448,Small Business,2025
11449,Consumer,2023
11450,Small Business,2019
11451,Small Business,2024
11452,Consumer,2020
11453,Consumer,2019
11454,Consumer,2023
11455,Small Business,2022
11456,Consumer,2021
11457,Small Business,2021
11458,Enterprise,2021
11459,Consumer,2025
11460,Small Business,2024
11461,Consumer,2024
11462,Consumer,2022
11463,Consumer,2024
11464,Consumer,2022
11465,Consumer,2025
11466,Consumer,2019
11467,Consumer,2024
11468,Consumer,2022
11469,Consumer,2021
11470,Consumer,2023
11471,Small Business,2025
11472,Consumer,2020
11473,Consumer,2022
11474,Enterprise,2020
11475,Small Business,2024
11476,Consumer,2022
11477,Small Business,2021
11478,Consumer,2025
11479,Small Business,2020
11480,Consumer,2019
11481,Consumer,2020
11482,Consumer,2021
11483,Small Business,2020
11484,Consumer,2019
11485,Consumer,2025
11486,Consumer,2021
11487,Small Business,2025
11488,Consumer,2023
11489,Consumer,2024
11490,Consumer,2021
11491,Small Business,2023
11492,Consumer,2021
11493,Enterprise,2021
11494,Consumer,2025
11495,Consumer,2025
11496,Consumer,2021
11497,Consumer,2019
11498,Consumer,2022
11499,Consumer,2025
11500,Small Business,2025
11501,Consumer,2022
11502,Consumer,2022
11503,Consumer,2025
11504,Consumer,2020
11505,Consumer,2020
11506,Consumer,2020
11507,Consumer,2023
11508,Consumer,2025
11509,Small Business,2021
11510,Consumer,2025
11511,Small Business,2022
11512,Consumer,2020
11513,Small Business,2025
11514,Consumer,2023
11515,Consumer,2022
11516,Small Business,2020
11517,Consumer,2022
11518,Consumer,2020
11519,Small Business,2021
11520,Consumer,2025
11521,Consumer,2025
11522,Consumer,2021
11523,Consumer,2021
11524,Enterprise,2020
11525,Consumer,2020
11526,Consumer,2022
11527,Consumer,2025
11528,Small Business,2024
11529,Small Business,2021
11530,Consumer,2024
11531,Enterprise,2022
11532,Consumer,2023
11533,Small Business,2020
11534,Consumer,2024
11535,Consumer,2022
11536,Consumer,2024
11537,Enterprise,2020
11538,Small Business,2025
11539,Consumer,2021
11540,Consumer,2023
11541,Consumer,2022
11542,Consumer,2023
11543,Consumer,2020
11544,Consumer,2025
11545,Consumer,2020
11546,Consumer,2021
11547,Small Business,2022
11548,Consumer,2022
11549,Consumer,2020
11550,Consumer,2025
11551,Consumer,2023
11552,Consumer,2025
11553,Small Business,2021
11554,Consumer,2021
11555,Consumer,2022
11556,Small Business,2023
11557,Consumer,2020
11558,Consumer,2024
11559,Small Business,2025
11560,Consumer,2022
11561,Consumer,2021
11562,Small Business,2021
11563,Small Business,2019
11564,Consumer,2019
11565,Consumer,2021
11566,Consumer,2020
11567,Consumer,2021
11568,Consumer,2021
11569,Consumer,2020
11570,Consumer,2021
11571,Consumer,2019
11572,Consumer,2024
11573,Consumer,2023
11574,Consumer,2020
11575,Small Business,2020
11576,Consumer,2019
11577,Consumer,2020
11578,Small Business,2023
11579,Consumer,2019
11580,Consumer,2019
11581,Consumer,2022
11582,Small Business,2025
11583,Consumer,2022
11584,Small Business,2020
11585,Consumer,2024
11586,Consumer,2024
11587,Consumer,2024
11588,Enterprise,2021
11589,Consumer,2019
11590,Consumer,2025
11591,Consumer,2025
11592,Consumer,2022
11593,Consumer,2024
11594,Consumer,2025
11595,Consumer,2019
11596,Enterprise,2022
11597,Consumer,2025
11598,Enterprise,2023
11599,Consumer,2019
11600,Consumer,2019
11601,Small Business,2021
11602,Small Business,2022
11603,Consumer,2019
11604,Consumer,2020
11605,Small Business,2022
11606,Small Business,2024
11607,Consumer,2022
11608,Consumer,2022
11609,Consumer,2024
11610,Consumer,2023
11611,Consumer,2020
11612,Consumer,2020
11613,Consumer,2019
11614,Consumer,2019
11615,Consumer,2024
11616,Consumer,2023
11617,Consumer,2023
11618,Consumer,2022
11619,Small Business,2019
11620,Consumer,2021
11621,Consumer,2020
11622,Consumer,2025
11623,Consumer,2021
11624,Consumer,2019
11625,Consumer,2020
11626,Consumer,2023
11627,Consumer,2022
11628,Consumer,2019
11629,Consumer,2021
11630,Consumer,2023
11631,Consumer,2022
11632,Consumer,2022
11633,Small Business,2023
11634,Consumer,2024
11635,Consumer,2021
11636,Consumer,2024
11637,Consumer,2025
11638,Consumer,2019
11639,Consumer,2024
11640,Consumer,2020
11641,Consumer,2019
11642,Consumer,2020
11643,Consumer,2025
11644,Enterprise,2023
11645,Enterprise,2022
11646,Small Business,2020
11647,Consumer,2022
11648,Consumer,2022
11649,Consumer,2021
11650,Small Business,2022
11651,Consumer,2024
11652,Consumer,2023
11653,Consumer,2019
11654,Small Business,2021
11655,Small Business,2019
11656,Consumer,2025
11657,Consumer,2021
11658,Small Business,2025
11659,Small Business,2020
11660,Small Business,2021
11661,Consumer,2021
11662,Consumer,2025
11663,Small Business,2019
11664,Consumer,2024
11665,Consumer,2023
11666,Consumer,2020
11667,Consumer,2024
11668,Small Business,2022
11669,Consumer,2022
11670,Consumer,2021
11671,Consumer,2021
11672,Small Business,2024
11673,Small Business,2025
11674,Consumer,2025
11675,Consumer,2021
11676,Consumer,2023
11677,Small Business,2025
11678,Consumer,2023
11679,Consumer,2019
11680,Enterprise,2024
11681,Consumer,2022
11682,Consumer,2022
11683,Consumer,2019
11684,Consumer,2022
11685,Consumer,2024
11686,Consumer,2022
11687,Consumer,2020
11688,Enterprise,2024
11689,Consumer,2022
11690,Consumer,2023
11691,Consumer,2019
11692,Small Business,2020
11693,Consumer,2020
11694,Consumer,2019
11695,Enterprise,2021
11696,Consumer,2021
11697,Consumer,2019
11698,Small Business,2023
11699,Consumer,2022
11700,Consumer,2021
11701,Consumer,2020
11702,Small Business,2021
11703,Small Business,2020
11704,Consumer,2025
11705,Consumer,2022
11706,Consumer,2025
11707,Consumer,2024
11708,Consumer,2022
11709,Consumer,2021
11710,Consumer,2024
11711,Consumer,2021
11712,Consumer,2022
11713,Consumer,2021
11714,Consumer,2023
11715,Consumer,2019
11716,Consumer,2020
11717,Consumer,2023
11718,Consumer,2022
11719,Consumer,2023
11720,Small Business,2023
11721,Small Business,2021
11722,Small Business,2022
11723,Consumer,2019
11724,Small Business,2024
11725,Consumer,2022
11726,Consumer,2020
11727,Consumer,2022
11728,Consumer,2019
11729,Consumer,2021
11730,Consumer,2025
11731,Small Business,2021
11732,Consumer,2021
11733,Consumer,2022
11734,Small Business,2020
11735,Consumer,2020
11736,Consumer,2022
11737,Consumer,2023
11738,Consumer,2020
11739,Enterprise,2020
11740,Consumer,2024
11741,Small Business,2022
11742,Consumer,2021
11743,Consumer,2024
11744,Small Business,2025
11745,Consumer,2024
11746,Consumer,2020
11747,Consumer,2025
11748,Consumer,2021
11749,Small Business,2019
11750,Consumer,2022
11751,Consumer,2025
11752,Small Business,2019
11753,Consumer,2019
11754,Consumer,2019
11755,Small Business,2024
11756,Small Business,2020
11757,Consumer,2022
11758,Consumer,2019
11759,Enterprise,2025
11760,Small Business,2024
11761,Consumer,2022
11762,Consumer,2025
11763,Consumer,2020
11764,Small Business,2021
11765,Small Business,2025
11766,Consumer,2022
11767,Consumer,2021
11768,Consumer,2023
11769,Consumer,2025
11770,Consumer,2019
11771,Consumer,2025
11772,Consumer,2022
11773,Small Business,2019
11774,Consumer,2025
11775,Consumer,2022
11776,Small Business,2020
11777,Consumer,2020
11778,Consumer,2019
11779,Consumer,2022
11780,Small Business,2020
11781,Consumer,2021
11782,Consumer,2022
11783,Consumer,2025
11784,Consumer,2025
11785,Small Business,2019
11786,Consumer,2021
11787,Consumer,2020
11788,Consumer,2021
11789,Consumer,2025
11790,Consumer,2021
11791,Small Business,2023
11792,Consumer,2024
11793,Consumer,2020
11794,Consumer,2022
11795,Small Business,2024
11796,Consumer,2021
11797,Enterprise,2023
11798,Consumer,2020
11799,Consumer,2025
11800,Consumer,2019
11801,Consumer,2023
11802,Enterprise,2025
11803,Enterprise,2019
11804,Consumer,2022
11805,Consumer,2025
11806,Consumer,2019
11807,Consumer,2021
11808,Small Business,2025
11809,Small Business,2019
11810,Consumer,2025
11811,Consumer,2024
11812,Consumer,2020
11813,Consumer,2020
11814,Consumer,2021
11815,Consumer,2022
11816,Small Business,2025
11817,Enterprise,2024
11818,Consumer,2019
11819,Consumer,2023
11820,Consumer,2021
11821,Consumer,2022
11822,Consumer,2022
11823,Small Business,2023
11824,Consumer,2024
11825,Consumer,2020
11826,Consumer,2021
11827,Consumer,2019
11828,Small Business,2021
11829,Consumer,2025
11830,Consumer,2024
11831,Small Business,2023
11832,Consumer,2024
11833,Consumer,2022
11834,Consumer,2019
11835,Consumer,2023
11836,Consumer,2019
11837,Small Business,2020
11838,Consumer,2023
11839,Consumer,2025
11840,Small Business,2021
11841,Consumer,2021
11842,Consumer,2023
11843,Consumer,2021
11844,Consumer,2020
11845,Consumer,2020
11846,Consumer,2024
11847,Consumer,2023
11848,Consumer,2021
11849,Consumer,2025
11850,Consumer,2021
11851,Consumer,2023
11852,Consumer,2020
11853,Consumer,2025
11854,Consumer,2020
11855,Consumer,2022
11856,Consumer,2023
11857,Consumer,2022
11858,Consumer,2023
11859,Small Business,2024
11860,Consumer,2024
11861,Consumer,2021
11862,Enterprise,2023
11863,Consumer,2022
11864,Small Business,2021
11865,Small Business,2022
11866,Consumer,2024
11867,Consumer,2023
11868,Consumer,2019
11869,Small Business,2019
11870,Consumer,2023
11871,Small Business,2022
11872,Consumer,2022
11873,Consumer,2024
11874,Consumer,2020
11875,Consumer,2020
11876,Consumer,2023
11877,Small Business,2024
11878,Consumer,2025
11879,Small Business,2025
11880,Enterprise,2021
11881,Consumer,2020
11882,Consumer,2023
11883,Consumer,2020
11884,Consumer,2022
11885,Enterprise,2021
11886,Small Business,2021
11887,Small Business,2025
11888,Consumer,2021
11889,Consumer,2024
11890,Consumer,2020
11891,Small Business,2021
11892,Consumer,2020
11893,Consumer,2024
11894,Consumer,2024
11895,Consumer,2019
11896,Consumer,2021
11897,Consumer,2025
11898,Small Business,2022
11899,Small Business,2020
11900,Consumer,2020
11901,Small Business,2022
11902,Consumer,2020
11903,Small Business,2022
11904,Consumer,2023
11905,Consumer,2022
11906,Consumer,2023
11907,Consumer,2019
11908,Consumer,2022
11909,Small Business,2019
11910,Small Business,2023
11911,Consumer,2022
11912,Consumer,2023
11913,Small Business,2021
11914,Consumer,2020
11915,Consumer,2023
11916,Consumer,2019
11917,Consumer,2022
11918,Consumer,2020
11919,Consumer,2021
11920,Consumer,2022
11921,Consumer,2022
11922,Small Business,2020
11923,Consumer,2019
11924,Consumer,2022
11925,Small Business,2020
11926,Small Business,2019
11927,Consumer,2024
11928,Consumer,2022
11929,Consumer,2019
11930,Consumer,2021
11931,Consumer,2019
11932,Small Business,2025
11933,Small Business,2022
11934,Enterprise,2025
11935,Consumer,2021
11936,Enterprise,2025
11937,Small Business,2025
11938,Consumer,2023
11939,Consumer,2021
11940,Consumer,2025
11941,Consumer,2023
11942,Consumer,2020
11943,Consumer,2019
11944,Consumer,2022
11945,Consumer,2020
11946,Consumer,2024
11947,Consumer,2022
11948,Small Business,2022
11949,Enterprise,2020
11950,Consumer,2020
11951,Consumer,2020
11952,Small Business,2023
11953,Consumer,2024
11954,Enterprise,2025
11955,Consumer,2023
11956,Consumer,2022
11957,Consumer,2023
11958,Consumer,2020
11959,Consumer,2025
11960,Consumer,2019
11961,Small Business,2025
11962,Consumer,2019
11963,Consumer,2025
11964,Consumer,2024
11965,Consumer,2021
11966,Consumer,2022
11967,Consumer,2021
11968,Consumer,2020
11969,Small Business,2021
11970,Consumer,2025
11971,Consumer,2020
11972,Small Business,2022
11973,Consumer,2023
11974,Consumer,2024
11975,Consumer,2021
11976,Small Business,2024
11977,Consumer,2020
11978,Consumer,2024
11979,Small Business,2019
11980,Consumer,2025
11981,Small Business,2019
11982,Consumer,2025
11983,Consumer,2024
11984,Consumer,2019
11985,Small Business,2024
11986,Small Business,2021
11987,Consumer,2025
11988,Consumer,2025
11989,Consumer,2025
11990,Consumer,2023
11991,Small Business,2025
11992,Consumer,2022
11993,Consumer,2019
11994,Consumer,2025
11995,Consumer,2019
11996,Consumer,2023
11997,Consumer,2022
11998,Consumer,2021
11999,Enterprise,2024
12000,Consumer,2020
12001,Small Business,2025
12002,Consumer,2024
12003,Consumer,2025
12004,Small Business,2024
12005,Consumer,2024
12006,Consumer,2025
12007,Consumer,2025
12008,Consumer,2024
12009,Small Business,2024
12010,Consumer,2020
12011,Consumer,2020
12012,Consumer,2021
12013,Consumer,2021
12014,Small Business,2021
12015,Consumer,2021
12016,Small Business,2020
12017,Consumer,2022
12018,Consumer,2024
12019,Consumer,2024
12020,Consumer,2019
12021,Small Business,2022
12022,Consumer,2022
12023,Consumer,2024
12024,Small Business,2025
12025,Consumer,2021
12026,Consumer,2024
12027,Consumer,2023
12028,Consumer,2020
12029,Small Business,2022
12030,Consumer,2019
12031,Consumer,2019
12032,Consumer,2021
12033,Consumer,2025
12034,Consumer,2023
12035,Consumer,2023
12036,Small Business,2024
12037,Consumer,2022
12038,Consumer,2022
12039,Consumer,2020
12040,Consumer,2020
12041,Consumer,2025
12042,Consumer,2023
12043,Small Business,2019
12044,Consumer,2021
12045,Consumer,2024
12046,Consumer,2024
12047,Consumer,2023
12048,Consumer,2019
12049,Consumer,2021
12050,Consumer,2021
12051,Consumer,2020
12052,Consumer,2021
12053,Consumer,2021
12054,Consumer,2023
12055,Consumer,2021
12056,Enterprise,2021
12057,Consumer,2025
12058,Consumer,2021
12059,Small Business,2020
12060,Consumer,2024
12061,Consumer,2020
12062,Consumer,2020
12063,Consumer,2024
12064,Consumer,2020
12065,Consumer,2019
12066,Small Business,2019
12067,Small Business,2024
12068,Consumer,2020
12069,Consumer,2021
12070,Consumer,2022
12071,Consumer,2020
12072,Consumer,2020
12073,Consumer,2019
12074,Consumer,2019
12075,Small Business,2025
12076,Consumer,2025
12077,Consumer,2023
12078,Consumer,2022
12079,Consumer,2024
12080,Consumer,2024
12081,Consumer,2022
12082,Consumer,2024
12083,Small Business,2019
12084,Enterprise,2020
12085,Consumer,2024
12086,Consumer,2022
12087,Consumer,2024
12088,Consumer,2022
12089,Enterprise,2019
12090,Consumer,2020
12091,Consumer,2022
12092,Small Business,2019
12093,Consumer,2024
12094,Consumer,2020
12095,Consumer,2023
12096,Consumer,2020
12097,Consumer,2024
12098,Enterprise,2020
12099,Consumer,2022
12100,Consumer,2020
12101,Consumer,2025
12102,Consumer,2022
12103,Consumer,2022
12104,Small Business,2021
12105,Consumer,2020
12106,Consumer,2024
12107,Consumer,2019
12108,Consumer,2019
12109,Consumer,2023
12110,Small Business,2023
12111,Consumer,2021
12112,Small Business,2024
12113,Small Business,2019
12114,Consumer,2022
12115,Consumer,2025
12116,Small Business,2021
12117,Enterprise,2024
12118,Consumer,2021
12119,Consumer,2020
12120,Consumer,2021
12121,Small Business,2021
12122,Small Business,2019
12123,Small Business,2025
12124,Consumer,2023
12125,Consumer,2025
12126,Small Business,2023
12127,Consumer,2025
12128,Small Business,2021
12129,Consumer,2020
12130,Small Business,2025
12131,Consumer,2024
12132,Consumer,2025
12133,Consumer,2025
12134,Consumer,2021
12135,Consumer,2022
12136,Small Business,2024
12137,Consumer,2025
12138,Consumer,2019
12139,Consumer,2025
12140,Enterprise,2024
12141,Small Business,2022
12142,Small Business,2024
12143,Small Business,2020
12144,Consumer,2021
12145,Small Business,2020
12146,Consumer,2021
12147,Consumer,2021
12148,Consumer,2023
12149,Consumer,2022
12150,Small Business,2020
12151,Consumer,2021
12152,Small Business,2023
12153,Enterprise,2024
12154,Consumer,2025
12155,Consumer,2020
12156,Consumer,2022
12157,Consumer,2023
12158,Small Business,2020
12159,Consumer,2024
12160,Consumer,2022
12161,Consumer,2019
12162,Consumer,2023
12163,Consumer,2020
12164,Consumer,2022
12165,Consumer,2021
12166,Small Business,2019
12167,Consumer,2023
12168,Consumer,2023
12169,Consumer,2020
12170,Consumer,2019
12171,Consumer,2025
12172,Small Business,2021
12173,Consumer,2024
12174,Consumer,2021
12175,Consumer,2024
12176,Consumer,2024
12177,Consumer,2023
12178,Small Business,2025
12179,Enterprise,2019
12180,Consumer,2024
12181,Enterprise,2024
12182,Consumer,2024
12183,Consumer,2023
12184,Consumer,2020
12185,Consumer,2023
12186,Consumer,2024
12187,Consumer,2025
12188,Consumer,2024
12189,Consumer,2024
12190,Small Business,2024
12191,Consumer,2019
12192,Small Business,2024
12193,Consumer,2023
12194,Consumer,2020
12195,Consumer,2020
12196,Consumer,2020
12197,Consumer,2023
12198,Consumer,2024
12199,Consumer,2025
12200,Consumer,2020
12201,Enterprise,2025
12202,Consumer,2019
12203,Consumer,2023
12204,Consumer,2025
12205,Consumer,2021
12206,Consumer,2025
12207,Small Business,2023
12208,Consumer,2021
12209,Consumer,2025
12210,Consumer,2019
12211,Consumer,2024
12212,Consumer,2021
12213,Small Business,2024
12214,Consumer,2019
12215,Consumer,2025
12216,Small Business,2020
12217,Consumer,2023
12218,Small Business,2020
12219,Small Business,2025
12220,Consumer,2024
12221,Consumer,2024
12222,Consumer,2021
12223,Consumer,2020
12224,Consumer,2019
12225,Consumer,2020
12226,Small Business,2023
12227,Consumer,2021
12228,Consumer,2019
12229,Consumer,2025
12230,Consumer,2025
12231,Consumer,2022
12232,Consumer,2020
12233,Consumer,2022
12234,Consumer,2020
12235,Consumer,2019
12236,Consumer,2021
12237,Consumer,2020
12238,Small Business,2019
12239,Consumer,2025
12240,Consumer,2019
12241,Consumer,2024
12242,Consumer,2025
12243,Consumer,2022
12244,Enterprise,2025
12245,Consumer,2022
12246,Consumer,2025
12247,Small Business,2024
12248,Consumer,2023
12249,Consumer,2023
12250,Consumer,2019
12251,Small Business,2020
12252,Consumer,2025
12253,Consumer,2025
12254,Small Business,2023
12255,Small Business,2022
12256,Enterprise,2021
12257,Consumer,2021
12258,Enterprise,2024
12259,Consumer,2020
12260,Consumer,2022
12261,Small Business,2023
12262,Consumer,2023
12263,Consumer,2020
12264,Consumer,2024
12265,Small Business,2022
12266,Consumer,2025
12267,Small Business,2022
12268,Consumer,2024
12269,Consumer,2019
12270,Consumer,2025
12271,Small Business,2019
12272,Consumer,2022
12273,Consumer,2024
12274,Consumer,2021
12275,Small Business,2025
12276,Small Business,2023
12277,Consumer,2025
12278,Consumer,2022
12279,Consumer,2023
12280,Consumer,2019
12281,Small Business,2019
12282,Consumer,2023
12283,Consumer,2021
12284,Consumer,2021
12285,Consumer,2023
12286,Consumer,2021
12287,Consumer,2025
12288,Consumer,2024
12289,Consumer,2023
12290,Consumer,2025
12291,Consumer,2019
12292,Consumer,2020
12293,Consumer,2024
12294,Consumer,2024
12295,Consumer,2023
12296,Consumer,2020
12297,Consumer,2021
12298,Consumer,2023
12299,Consumer,2019
12300,Small Business,2024
12301,Consumer,2021
12302,Small Business,2025
12303,Consumer,2022
12304,Consumer,2021
12305,Consumer,2019
12306,Consumer,2024
12307,Consumer,2023
12308,Small Business,2025
12309,Small Business,2020
12310,Consumer,2020
12311,Consumer,2020
12312,Consumer,2021
12313,Consumer,2021
12314,Consumer,2024
12315,Consumer,2025
12316,Consumer,2019
12317,Small Business,2022
12318,Consumer,2023
12319,Consumer,2020
12320,Consumer,2021
12321,Small Business,2024
12322,Consumer,2022
12323,Consumer,2019
12324,Consumer,2021
12325,Consumer,2021
12326,Consumer,2020
12327,Small Business,2019
12328,Small Business,2021
12329,Enterprise,2025
12330,Consumer,2025
12331,Consumer,2020
12332,Consumer,2023
12333,Consumer,2024
12334,Consumer,2022
12335,Consumer,2019
12336,Consumer,2023
12337,Enterprise,2020
12338,Small Business,2020
12339,Consumer,2020
12340,Consumer,2019
12341,Consumer,2025
12342,Consumer,2022
12343,Consumer,2024
12344,Consumer,2019
12345,Consumer,2020
12346,Small Business,2020
12347,Small Business,2019
12348,Consumer,2024
12349,Small Business,2020
12350,Consumer,2025
12351,Consumer,2024
12352,Consumer,2020
12353,Consumer,2020
12354,Consumer,2021
12355,Consumer,2022
12356,Consumer,2023
12357,Small Business,2022
12358,Consumer,2024
12359,Consumer,2024
12360,Enterprise,2020
12361,Consumer,2021
12362,Consumer,2024
12363,Small Business,2024
12364,Consumer,2025
12365,Consumer,2019
12366,Consumer,2019
12367,Consumer,2022
12368,Small Business,2020
12369,Consumer,2024
12370,Consumer,2024
12371,Consumer,2022
12372,Enterprise,2019
12373,Consumer,2021
12374,Consumer,2020
12375,Small Business,2021
12376,Consumer,2024
12377,Consumer,2024
12378,Consumer,2023
12379,Small Business,2019
12380,Consumer,2023
12381,Consumer,2022
12382,Small Business,2023
12383,Consumer,2021
12384,Consumer,2022
12385,Consumer,2021
12386,Small Business,2024
12387,Consumer,2021
12388,Consumer,2025
12389,Consumer,2025
12390,Consumer,2024
12391,Small Business,2022
12392,Consumer,2022
12393,Consumer,2022
12394,Small Business,2024
12395,Consumer,2025
12396,Consumer,2024
12397,Small Business,2024
12398,Consumer,2022
12399,Consumer,2020
12400,Consumer,2021
12401,Consumer,2025
12402,Consumer,2021
12403,Consumer,2022
12404,Small Business,2022
12405,Small Business,2021
12406,Small Business,2020
12407,Consumer,2020
12408,Consumer,2020
12409,Small Business,2020
12410,Consumer,2019
12411,Consumer,2025
12412,Small Business,2019
12413,Consumer,2019
12414,Consumer,2022
12415,Consumer,2025
12416,Consumer,2023
12417,Consumer,2019
12418,Consumer,2023
12419,Small Business,2023
12420,Consumer,2024
12421,Consumer,2021
12422,Small Business,2021
12423,Small Business,2025
12424,Enterprise,2024
12425,Consumer,2020
12426,Small Business,2024
12427,Small Business,2025
12428,Consumer,2023
12429,Consumer,2023
12430,Consumer,2024
12431,Consumer,2022
12432,Consumer,2020
12433,Consumer,2022
12434,Small Business,2022
12435,Consumer,2024
12436,Small Business,2024
12437,Consumer,2019
12438,Small Business,2019
12439,Consumer,2020
12440,Consumer,2020
12441,Consumer,2020
12442,Small Business,2022
12443,Consumer,2024
12444,Consumer,2021
12445,Enterprise,2022
12446,Consumer,2025
12447,Consumer,2024
12448,Consumer,2024
12449,Consumer,2024
12450,Consumer,2019
12451,Consumer,2024
12452,Consumer,2022
12453,Consumer,2023
12454,Small Business,2024
12455,Enterprise,2019
12456,Consumer,2023
12457,Consumer,2025
12458,Consumer,2022
12459,Small Business,2023
12460,Consumer,2019
12461,Consumer,2024
12462,Consumer,2025
12463,Consumer,2021
12464,Small Business,2021
12465,Consumer,2022
12466,Consumer,2020
12467,Consumer,2019
12468,Consumer,2019
12469,Consumer,2020
12470,Small Business,2024
12471,Consumer,2023
12472,Consumer,2023
12473,Consumer,2019
12474,Consumer,2020
12475,Small Business,2025
12476,Consumer,2022
12477,Consumer,2019
12478,Consumer,2025
12479,Enterprise,2022
12480,Small Business,2022
12481,Consumer,2023
12482,Consumer,2021
12483,Small Business,2023
12484,Small Business,2021
12485,Consumer,2021
12486,Small Business,2020
12487,Consumer,2020
12488,Consumer,2025
12489,Consumer,2020
12490,Consumer,2020
12491,Consumer,2022
12492,Consumer,2019
12493,Small Business,2021
12494,Small Business,2019
12495,Consumer,2020
12496,Consumer,2020
12497,Consumer,2025
12498,Consumer,2021
12499,Consumer,2019
12500,Small Business,2025
12501,Consumer,2025
12502,Consumer,2019
12503,Small Business,2019
12504,Consumer,2020
12505,Consumer,2020
12506,Consumer,2022
12507,Small Business,2024
12508,Consumer,2025
12509,Consumer,2025
12510,Consumer,2025
12511,Consumer,2019
12512,Consumer,2025
12513,Consumer,2023
12514,Consumer,2019
12515,Small Business,2025
12516,Consumer,2023
12517,Small Business,2024
12518,Consumer,2023
12519,Small Business,2024
12520,Consumer,2019
12521,Consumer,2022
12522,Consumer,2023
12523,Small Business,2025
12524,Consumer,2023
12525,Consumer,2020
12526,Consumer,2023
12527,Consumer,2020
12528,Consumer,2020
12529,Small Business,2023
12530,Consumer,2021
12531,Consumer,2021
12532,Consumer,2022
12533,Enterprise,2020
12534,Consumer,2019
12535,Consumer,2022
12536,Consumer,2020
12537,Consumer,2024
12538,Consumer,2023
12539,Consumer,2025
12540,Consumer,2020
12541,Small Business,2024
12542,Consumer,2019
12543,Consumer,2023
12544,Consumer,2020
12545,Consumer,2024
12546,Consumer,2019
12547,Consumer,2019
12548,Consumer,2020
12549,Consumer,2021
12550,Consumer,2024
12551,Consumer,2020
12552,Consumer,2024
12553,Consumer,2022
12554,Consumer,2019
12555,Consumer,2025
12556,Consumer,2022
12557,Small Business,2024
12558,Consumer,2019
12559,Consumer,2022
12560,Enterprise,2020
12561,Enterprise,2022
12562,Consumer,2024
12563,Consumer,2024
12564,Small Business,2025
12565,Enterprise,2020
12566,Small Business,2020
12567,Consumer,2024
12568,Consumer,2024
12569,Enterprise,2021
12570,Consumer,2021
12571,Consumer,2020
12572,Small Business,2024
12573,Consumer,2019
12574,Consumer,2022
12575,Consumer,2021
12576,Consumer,2022
12577,Consumer,2025
12578,Consumer,2024
12579,Consumer,2025
12580,Consumer,2023
12581,Consumer,2021
12582,Enterprise,2025
12583,Consumer,2022
12584,Enterprise,2021
12585,Consumer,2024
12586,Consumer,2025
12587,Small Business,2022
12588,Small Business,2024
12589,Consumer,2022
12590,Consumer,2022
12591,Consumer,2022
12592,Consumer,2022
12593,Consumer,2025
12594,Consumer,2025
12595,Consumer,2024
12596,Small Business,2023
12597,Consumer,2019
12598,Small Business,2021
12599,Small Business,2019
12600,Enterprise,2019
12601,Consumer,2023
12602,Consumer,2021
12603,Consumer,2019
12604,Consumer,2020
12605,Consumer,2019
12606,Small Business,2019
12607,Consumer,2022
12608,Consumer,2023
12609,Small Business,2024
12610,Small Business,2021
12611,Consumer,2024
12612,Consumer,2019
12613,Consumer,2019
12614,Small Business,2021
12615,Consumer,2023
12616,Consumer,2019
12617,Consumer,2019
12618,Consumer,2023
12619,Small Business,2021
12620,Consumer,2021
12621,Consumer,2021
12622,Consumer,2025
12623,Consumer,2019
12624,Consumer,2023
12625,Consumer,2024
12626,Small Business,2024
12627,Small Business,2019
12628,Consumer,2021
12629,Small Business,2025
12630,Consumer,2024
12631,Consumer,2025
12632,Consumer,2024
12633,Consumer,2019
12634,Consumer,2025
12635,Consumer,2024
12636,Small Business,2023
12637,Consumer,2019
12638,Enterprise,2025
12639,Consumer,2025
12640,Consumer,2025
12641,Consumer,2021
12642,Consumer,2025
12643,Consumer,2019
12644,Small Business,2023
12645,Small Business,2024
12646,Consumer,2020
12647,Consumer,2025
12648,Consumer,2023
12649,Consumer,2020
12650,Consumer,2025
12651,Consumer,2019
12652,Small Business,2025
12653,Consumer,2025
12654,Consumer,2025
12655,Consumer,2021
12656,Small Business,2022
12657,Consumer,2024
12658,Consumer,2024
12659,Consumer,2020
12660,Small Business,2022
12661,Consumer,2021
12662,Consumer,2023
12663,Consumer,2024
12664,Small Business,2022
12665,Consumer,2025
12666,Consumer,2021
12667,Enterprise,2024
12668,Consumer,2022
12669,Consumer,2019
12670,Consumer,2021
12671,Small Business,2024
12672,Small Business,2021
12673,Consumer,2024
12674,Consumer,2023
12675,Small Business,2021
12676,Small Business,2020
12677,Consumer,2024
12678,Consumer,2023
12679,Small Business,2021
12680,Consumer,2019
12681,Consumer,2021
12682,Consumer,2019
12683,Small Business,2024
12684,Consumer,2020
12685,Consumer,2021
12686,Consumer,2020
12687,Consumer,2025
12688,Consumer,2024
12689,Consumer,2025
12690,Consumer,2024
12691,Enterprise,2019
12692,Consumer,2023
12693,Small Business,2022
12694,Consumer,2023
12695,Consumer,2023
12696,Consumer,2023
12697,Consumer,2023
12698,Consumer,2024
12699,Consumer,2025
12700,Enterprise,2022
12701,Consumer,2019
12702,Small Business,2019
12703,Consumer,2019
12704,Consumer,2025
12705,Consumer,2022
12706,Consumer,2022
12707,Consumer,2020
12708,Consumer,2025
12709,Consumer,2020
12710,Small Business,2025
12711,Consumer,2023
12712,Enterprise,2021
12713,Consumer,2023
12714,Consumer,2025
12715,Consumer,2019
12716,Consumer,2019
12717,Small Business,2020
12718,Small Business,2023
12719,Consumer,2022
12720,Consumer,2023
12721,Small Business,2021
12722,Consumer,2024
12723,Consumer,2022
12724,Consumer,2022
12725,Consumer,2022
12726,Consumer,2020
12727,Consumer,2025
12728,Small Business,2019
12729,Consumer,2019
12730,Small Business,2022
12731,Small Business,2023
12732,Consumer,2022
12733,Consumer,2024
12734,Consumer,2021
12735,Small Business,2020
12736,Consumer,2023
12737,Small Business,2020
12738,Consumer,2022
12739,Consumer,2023
12740,Consumer,2019
12741,Consumer,2020
12742,Consumer,2019
12743,Consumer,2020
12744,Consumer,2025
12745,Consumer,2019
12746,Consumer,2024
12747,Consumer,2020
12748,Consumer,2022
12749,Consumer,2019
12750,Small Business,2022
12751,Consumer,2025
12752,Consumer,2019
12753,Consumer,2021
12754,Consumer,2020
12755,Small Business,2023
12756,Consumer,2024
12757,Consumer,2020
12758,Consumer,2019
12759,Consumer,2025
12760,Consumer,2019
12761,Consumer,2025
12762,Consumer,2022
12763,Enterprise,2024
12764,Consumer,2024
12765,Consumer,2023
12766,Small Business,2021
12767,Enterprise,2021
12768,Consumer,2023
12769,Small Business,2022
12770,Consumer,2025
12771,Small Business,2024
12772,Consumer,2025
12773,Consumer,2021
12774,Consumer,2022
12775,Consumer,2025
12776,Consumer,2021
12777,Consumer,2024
12778,Consumer,2023
12779,Consumer,2021
12780,Small Business,2025
12781,Consumer,2020
12782,Consumer,2023
12783,Consumer,2021
12784,Consumer,2025
12785,Consumer,2022
12786,Consumer,2023
12787,Consumer,2021
12788,Consumer,2019
12789,Consumer,2025
12790,Small Business,2022
12791,Consumer,2023
12792,Consumer,2025
12793,Small Business,2021
12794,Consumer,2019
12795,Consumer,2024
12796,Enterprise,2023
12797,Consumer,2023
12798,Enterprise,2021
12799,Consumer,2025
12800,Consumer,2021
12801,Consumer,2019
12802,Consumer,2022
12803,Enterprise,2024
12804,Consumer,2021
12805,Enterprise,2022
12806,Consumer,2025
12807,Small Business,2023
12808,Enterprise,2021
12809,Consumer,2021
12810,Enterprise,2024
12811,Small Business,2024
12812,Consumer,2019
12813,Consumer,2024
12814,Consumer,2021
12815,Consumer,2019
12816,Consumer,2020
12817,Consumer,2025
12818,Consumer,2020
12819,Consumer,2022
12820,Consumer,2022
12821,Consumer,2022
12822,Small Business,2021
12823,Enterprise,2019
12824,Small Business,2019
12825,Consumer,2022
12826,Consumer,2025
12827,Enterprise,2024
12828,Consumer,2023
12829,Consumer,2020
12830,Consumer,2025
12831,Consumer,2021
12832,Consumer,2024
12833,Consumer,2019
12834,Small Business,2022
12835,Consumer,2020
12836,Consumer,2022
12837,Consumer,2024
12838,Consumer,2025
12839,Small Business,2019
12840,Consumer,2021
12841,Consumer,2019
12842,Consumer,2022
12843,Small Business,2025
12844,Enterprise,2021
12845,Consumer,2021
12846,Consumer,2020
12847,Small Business,2024
12848,Consumer,2024
12849,Consumer,2024
12850,Consumer,2020
12851,Consumer,2020
12852,Consumer,2020
12853,Consumer,2020
12854,Consumer,2024
12855,Consumer,2022
12856,Consumer,2024
12857,Consumer,2023
12858,Small Business,2025
12859,Consumer,2019
12860,Consumer,2023
12861,Consumer,2019
12862,Consumer,2021
12863,Consumer,2022
12864,Consumer,2022
12865,Consumer,2020
12866,Small Business,2020
12867,Small Business,2020
12868,Small Business,2020
12869,Consumer,2023
12870,Small Business,2025
12871,Small Business,2021
12872,Small Business,2024
12873,Small Business,2024
12874,Small Business,2020
12875,Small Business,2020
12876,Consumer,2021
12877,Consumer,2019
12878,Consumer,2025
12879,Consumer,2024
12880,Consumer,2021
12881,Consumer,2022
12882,Consumer,2021
12883,Consumer,2019
12884,Enterprise,2020
12885,Consumer,2019
12886,Consumer,2021
12887,Consumer,2021
12888,Consumer,2021
12889,Consumer,2023
12890,Consumer,2024
12891,Consumer,2022
12892,Consumer,2021
12893,Consumer,2021
12894,Consumer,2022
12895,Small Business,2024
12896,Small Business,2021
12897,Consumer,2023
12898,Small Business,2021
12899,Small Business,2022
12900,Small Business,2020
12901,Consumer,2019
12902,Consumer,2022
12903,Consumer,2023
12904,Consumer,2022
12905,Consumer,2024
12906,Consumer,2019
12907,Consumer,2019
12908,Small Business,2025
12909,Consumer,2022
12910,Enterprise,2021
12911,Small Business,2023
12912,Small Business,2024
12913,Small Business,2025
12914,Consumer,2025
12915,Consumer,2021
12916,Small Business,2019
12917,Consumer,2021
12918,Consumer,2019
12919,Consumer,2022
12920,Consumer,2020
12921,Consumer,2023
12922,Consumer,2025
12923,Consumer,2020
12924,Consumer,2022
12925,Consumer,2025
12926,Consumer,2021
12927,Consumer,2024
12928,Consumer,2019
12929,Consumer,2023
12930,Consumer,2019
12931,Small Business,2019
12932,Consumer,2023
12933,Small Business,2025
12934,Consumer,2023
12935,Consumer,2021
12936,Consumer,2021
12937,Small Business,2022
12938,Consumer,2021
12939,Consumer,2019
12940,Consumer,2024
12941,Consumer,2022
12942,Small Business,2025
12943,Enterprise,2023
12944,Consumer,2021
12945,Consumer,2019
12946,Consumer,2024
12947,Enterprise,2023
12948,Consumer,2025
12949,Consumer,2020
12950,Enterprise,2021
12951,Enterprise,2020
12952,Consumer,2020
12953,Consumer,2025
12954,Consumer,2021
12955,Small Business,2019
12956,Consumer,2019
12957,Consumer,2021
12958,Consumer,2019
12959,Consumer,2025
12960,Consumer,2024
12961,Small Business,2025
12962,Consumer,2024
12963,Consumer,2019
12964,Small Business,2023
12965,Consumer,2024
12966,Consumer,2024
12967,Enterprise,2022
12968,Consumer,2025
12969,Small Business,2020
12970,Consumer,2023
12971,Consumer,2020
12972,Consumer,2025
12973,Consumer,2025
12974,Consumer,2025
12975,Consumer,2019
12976,Consumer,2020
12977,Consumer,2021
12978,Small Business,2025
12979,Consumer,2023
12980,Consumer,2025
12981,Consumer,2025
12982,Consumer,2020
12983,Consumer,2020
12984,Consumer,2023
12985,Consumer,2024
12986,Consumer,2020
12987,Consumer,2023
12988,Small Business,2021
12989,Consumer,2024
12990,Consumer,2023
12991,Consumer,2023
12992,Small Business,2019
12993,Consumer,2024
12994,Consumer,2023
12995,Consumer,2020
12996,Consumer,2022
12997,Consumer,2020
12998,Consumer,2019
12999,Small Business,2022
13000,Enterprise,2023
13001,Consumer,2024
13002,Consumer,2025
13003,Consumer,2023
13004,Consumer,2019
13005,Consumer,2021
13006,Small Business,2022
13007,Consumer,2025
13008,Consumer,2019
13009,Consumer,2025
13010,Enterprise,2020
13011,Consumer,2023
13012,Small Business,2022
13013,Small Business,2025
13014,Consumer,2021
13015,Consumer,2022
13016,Consumer,2023
13017,Consumer,2020
13018,Consumer,2020
13019,Consumer,2024
13020,Consumer,2024
13021,Small Business,2023
13022,Consumer,2020
13023,Consumer,2020
13024,Consumer,2025
13025,Consumer,2025
13026,Consumer,2021
13027,Consumer,2022
13028,Small Business,2019
13029,Consumer,2023
13030,Small Business,2019
13031,Consumer,2019
13032,Consumer,2022
13033,Small Business,2024
13034,Consumer,2025
13035,Consumer,2022
13036,Small Business,2022
13037,Consumer,2022
13038,Consumer,2022
13039,Consumer,2024
13040,Consumer,2024
13041,Consumer,2022
13042,Small Business,2020
13043,Consumer,2024
13044,Consumer,2023
13045,Consumer,2021
13046,Consumer,2020
13047,Small Business,2021
13048,Consumer,2024
13049,Consumer,2021
13050,Consumer,2025
13051,Small Business,2020
13052,Consumer,2020
13053,Consumer,2019
13054,Small Business,2020
13055,Consumer,2020
13056,Consumer,2024
13057,Small Business,2022
13058,Small Business,2023
13059,Consumer,2019
13060,Small Business,2023
13061,Consumer,2023
13062,Enterprise,2022
13063,Consumer,2023
13064,Consumer,2019
13065,Consumer,2022
13066,Small Business,2024
13067,Enterprise,2019
13068,Consumer,2020
13069,Consumer,2024
13070,Consumer,2022
13071,Consumer,2020
13072,Small Business,2021
13073,Consumer,2025
13074,Enterprise,2021
13075,Small Business,2021
13076,Consumer,2024
13077,Consumer,2020
13078,Enterprise,2022
13079,Small Business,2021
13080,Consumer,2022
13081,Consumer,2020
13082,Consumer,2025
13083,Small Business,2019
13084,Consumer,2022
13085,Consumer,2023
13086,Small Business,2024
13087,Consumer,2019
13088,Consumer,2025
13089,Consumer,2020
13090,Small Business,2023
13091,Consumer,2019
13092,Consumer,2020
13093,Enterprise,2022
13094,Consumer,2019
13095,Consumer,2022
13096,Small Business,2022
13097,Consumer,2022
13098,Enterprise,2019
13099,Small Business,2024
13100,Consumer,2021
13101,Consumer,2024
13102,Consumer,2020
13103,Consumer,2020
13104,Consumer,2019
13105,Consumer,2024
13106,Enterprise,2021
13107,Consumer,2019
13108,Small Business,2020
13109,Consumer,2019
13110,Consumer,2019
13111,Consumer,2019
13112,Consumer,2024
13113,Consumer,2023
13114,Consumer,2025
13115,Small Business,2025
13116,Consumer,2023
13117,Consumer,2022
13118,Small Business,2025
13119,Consumer,2025
13120,Consumer,2020
13121,Consumer,2023
13122,Consumer,2024
13123,Consumer,2025
13124,Consumer,2021
13125,Consumer,2023
13126,Consumer,2022
13127,Consumer,2023
13128,Enterprise,2023
13129,Consumer,2023
13130,Consumer,2024
13131,Small Business,2019
13132,Consumer,2019
13133,Consumer,2024
13134,Consumer,2021
13135,Small Business,2021
13136,Consumer,2024
13137,Consumer,2022
13138,Enterprise,2022
13139,Consumer,2025
13140,Consumer,2021
13141,Consumer,2020
13142,Consumer,2019
13143,Small Business,2025
13144,Enterprise,2019
13145,Consumer,2021
13146,Consumer,2021
13147,Consumer,2025
13148,Consumer,2022
13149,Small Business,2019
13150,Consumer,2020
13151,Consumer,2022
13152,Small Business,2024
13153,Enterprise,2019
13154,Consumer,2024
13155,Small Business,2020
13156,Consumer,2020
13157,Consumer,2019
13158,Consumer,2020
13159,Small Business,2023
13160,Consumer,2025
13161,Consumer,2019
13162,Small Business,2025
13163,Consumer,2020
13164,Consumer,2025
13165,Consumer,2024
13166,Small Business,2023
13167,Consumer,2022
13168,Small Business,2025
13169,Consumer,2022
13170,Consumer,2020
13171,Small Business,2021
13172,Consumer,2020
13173,Consumer,2020
13174,Consumer,2019
13175,Consumer,2022
13176,Consumer,2022
13177,Enterprise,2022
13178,Consumer,2020
13179,Consumer,2020
13180,Consumer,2022
13181,Consumer,2021
13182,Consumer,2019
13183,Small Business,2024
13184,Consumer,2022
13185,Small Business,2020
13186,Consumer,2025
13187,Consumer,2020
13188,Small Business,2024
13189,Consumer,2019
13190,Consumer,2021
13191,Small Business,2020
13192,Small Business,2019
13193,Consumer,2022
13194,Consumer,2020
13195,Consumer,2020
13196,Enterprise,2022
13197,Consumer,2025
13198,Consumer,2020
13199,Consumer,2020
13200,Consumer,2024
13201,Consumer,2021
13202,Consumer,2025
13203,Consumer,2023
13204,Small Business,2020
13205,Consumer,2024
13206,Consumer,2019
13207,Consumer,2022
13208,Consumer,2019
13209,Consumer,2024
13210,Consumer,2024
13211,Consumer,2025
13212,Consumer,2019
13213,Consumer,2024
13214,Consumer,2024
13215,Consumer,2024
13216,Consumer,2021
13217,Consumer,2023
13218,Consumer,2021
13219,Consumer,2023
13220,Consumer,2024
13221,Small Business,2021
13222,Consumer,2021
13223,Consumer,2025
13224,Consumer,2024
13225,Consumer,2019
13226,Small Business,2019
13227,Consumer,2024
13228,Consumer,2024
13229,Enterprise,2020
13230,Consumer,2025
13231,Consumer,2019
13232,Consumer,2020
13233,Enterprise,2022
13234,Consumer,2022
13235,Consumer,2020
13236,Consumer,2023
13237,Consumer,2024
13238,Consumer,2019
13239,Consumer,2024
13240,Consumer,2022
13241,Consumer,2025
13242,Consumer,2020
13243,Consumer,2023
13244,Small Business,2024
13245,Small Business,2021
13246,Enterprise,2022
13247,Consumer,2024
13248,Consumer,2021
13249,Consumer,2023
13250,Small Business,2024
13251,Consumer,2020
13252,Consumer,2024
13253,Consumer,2023
13254,Small Business,2020
13255,Small Business,2024
13256,Small Business,2019
13257,Consumer,2023
13258,Consumer,2020
13259,Enterprise,2023
13260,Consumer,2025
13261,Consumer,2023
13262,Consumer,2021
13263,Consumer,2023
13264,Consumer,2020
13265,Consumer,2019
13266,Small Business,2021
13267,Small Business,2023
13268,Consumer,2021
13269,Consumer,2019
13270,Consumer,2022
13271,Consumer,2025
13272,Consumer,2022
13273,Small Business,2022
13274,Consumer,2021
13275,Consumer,2022
13276,Small Business,2021
13277,Small Business,2025
13278,Consumer,2024
13279,Consumer,2023
13280,Consumer,2023
13281,Consumer,2021
13282,Consumer,2023
13283,Consumer,2025
13284,Consumer,2020
13285,Consumer,2025
13286,Consumer,2025
13287,Consumer,2019
13288,Consumer,2019
13289,Consumer,2022
13290,Consumer,2023
13291,Enterprise,2022
13292,Consumer,2024
13293,Consumer,2024
13294,Consumer,2020
13295,Small Business,2022
13296,Consumer,2019
13297,Consumer,2019
13298,Small Business,2024
13299,Consumer,2025
13300,Consumer,2022
13301,Consumer,2024
13302,Enterprise,2025
13303,Small Business,2019
13304,Consumer,2024
13305,Small Business,2023
13306,Consumer,2025
13307,Consumer,2021
13308,Consumer,2023
13309,Consumer,2024
13310,Consumer,2022
13311,Consumer,2020
13312,Small Business,2025
13313,Consumer,2020
13314,Consumer,2024
13315,Consumer,2024
13316,Consumer,2019
13317,Consumer,2021
13318,Consumer,2023
13319,Consumer,2019
13320,Consumer,2020
13321,Consumer,2021
13322,Small Business,2025
13323,Consumer,2021
13324,Consumer,2023
13325,Consumer,2023
13326,Consumer,2022
13327,Consumer,2019
13328,Consumer,2025
13329,Consumer,2022
13330,Enterprise,2021
13331,Consumer,2022
13332,Consumer,2022
13333,Consumer,2025
13334,Consumer,2021
13335,Consumer,2025
13336,Enterprise,2019
13337,Consumer,2020
13338,Small Business,2020
13339,Consumer,2025
13340,Small Business,2023
13341,Enterprise,2022
13342,Small Business,2019
13343,Consumer,2020
13344,Small Business,2025
13345,Consumer,2025
13346,Consumer,2021
13347,Consumer,2023
13348,Consumer,2021
13349,Consumer,2025
13350,Consumer,2019
13351,Consumer,2019
13352,Consumer,2021
13353,Consumer,2020
13354,Small Business,2023
13355,Small Business,2025
13356,Small Business,2025
13357,Small Business,2025
13358,Consumer,2020
13359,Consumer,2019
13360,Consumer,2020
13361,Consumer,2024
13362,Consumer,2019
13363,Small Business,2023
13364,Consumer,2023
13365,Small Business,2024
13366,Consumer,2019
13367,Small Business,2022
13368,Consumer,2019
13369,Small Business,2019
13370,Consumer,2024
13371,Consumer,2022
13372,Consumer,2024
13373,Consumer,2019
13374,Consumer,2021
13375,Consumer,2019
13376,Consumer,2023
13377,Small Business,2022
13378,Consumer,2024
13379,Consumer,2019
13380,Small Business,2019
13381,Consumer,2024
13382,Small Business,2023
13383,Consumer,2019
13384,Consumer,2021
13385,Consumer,2021
13386,Consumer,2021
13387,Consumer,2024
13388,Small Business,2021
13389,Consumer,2023
13390,Small Business,2024
13391,Consumer,2019
13392,Consumer,2022
13393,Small Business,2020
13394,Small Business,2024
13395,Consumer,2019
13396,Consumer,2021
13397,Consumer,2023
13398,Consumer,2022
13399,Small Business,2019
13400,Consumer,2025
13401,Consumer,2019
13402,Consumer,2022
13403,Consumer,2019
13404,Consumer,2023
13405,Consumer,2021
13406,Consumer,2023
13407,Enterprise,2023
13408,Small Business,2025
13409,Consumer,2019
13410,Consumer,2023
13411,Small Business,2021
13412,Small Business,2023
13413,Small Business,2025
13414,Consumer,2024
13415,Consumer,2025
13416,Small Business,2025
13417,Consumer,2024
13418,Consumer,2025
13419,Consumer,2023
13420,Consumer,2019
13421,Consumer,2025
13422,Consumer,2023
13423,Consumer,2025
13424,Consumer,2021
13425,Consumer,2023
13426,Small Business,2021
13427,Consumer,2019
13428,Consumer,2023
13429,Consumer,2021
13430,Consumer,2020
13431,Consumer,2020
13432,Consumer,2023
13433,Small Business,2023
13434,Consumer,2021
13435,Enterprise,2021
13436,Consumer,2024
13437,Consumer,2022
13438,Consumer,2021
13439,Consumer,2024
13440,Enterprise,2019
13441,Small Business,2023
13442,Consumer,2023
13443,Consumer,2021
13444,Enterprise,2024
13445,Consumer,2020
13446,Consumer,2023
13447,Consumer,2020
13448,Consumer,2024
13449,Consumer,2021
13450,Consumer,2024
13451,Small Business,2023
13452,Consumer,2019
13453,Consumer,2023
13454,Consumer,2019
13455,Small Business,2024
13456,Consumer,2020
13457,Small Business,2025
13458,Consumer,2020
13459,Consumer,2022
13460,Small Business,2022
13461,Small Business,2019
13462,Consumer,2020
13463,Consumer,2025
13464,Consumer,2021
13465,Consumer,2024
13466,Small Business,2022
13467,Small Business,2020
13468,Consumer,2023
13469,Enterprise,2019
13470,Consumer,2025
13471,Small Business,2023
13472,Small Business,2023
13473,Small Business,2019
13474,Small Business,2020
13475,Enterprise,2021
13476,Consumer,2021
13477,Consumer,2019
13478,Consumer,2019
13479,Small Business,2023
13480,Consumer,2021
13481,Small Business,2020
13482,Consumer,2023
13483,Small Business,2025
13484,Consumer,2025
13485,Small Business,2025
13486,Enterprise,2020
13487,Consumer,2020
13488,Consumer,2020
13489,Consumer,2021
13490,Small Business,2019
13491,Small Business,2021
13492,Consumer,2023
13493,Consumer,2020
13494,Consumer,2025
13495,Consumer,2024
13496,Small Business,2021
13497,Consumer,2021
13498,Enterprise,2022
13499,Enterprise,2021
13500,Small Business,2019
13501,Consumer,2021
13502,Consumer,2022
13503,Small Business,2020
13504,Consumer,2020
13505,Enterprise,2022
13506,Consumer,2019
13507,Consumer,2024
13508,Enterprise,2023
13509,Small Business,2025
13510,Consumer,2020
13511,Small Business,2024
13512,Consumer,2019
13513,Consumer,2024
13514,Consumer,2020
13515,Consumer,2024
13516,Consumer,2019
13517,Consumer,2024
13518,Consumer,2023
13519,Consumer,2019
13520,Consumer,2020
13521,Consumer,2022
13522,Consumer,2023
13523,Consumer,2024
13524,Consumer,2022
13525,Consumer,2023
13526,Small Business,2021
13527,Small Business,2021
13528,Enterprise,2020
13529,Enterprise,2023
13530,Consumer,2023
13531,Small Business,2025
13532,Consumer,2022
13533,Small Business,2023
13534,Enterprise,2024
13535,Small Business,2025
13536,Consumer,2022
13537,Consumer,2024
13538,Consumer,2024
13539,Consumer,2023
13540,Small Business,2022
13541,Consumer,2023
13542,Consumer,2024
13543,Consumer,2022
13544,Consumer,2022
13545,Consumer,2020
13546,Consumer,2025
13547,Consumer,2019
13548,Small Business,2024
13549,Small Business,2021
13550,Small Business,2020
13551,Consumer,2020
13552,Consumer,2024
13553,Consumer,2021
13554,Consumer,2019
13555,Consumer,2022
13556,Consumer,2025
13557,Small Business,2025
13558,Consumer,2021
13559,Small Business,2023
13560,Consumer,2022
13561,Consumer,2021
13562,Small Business,2019
13563,Small Business,2020
13564,Small Business,2025
13565,Small Business,2025
13566,Consumer,2025
13567,Enterprise,2025
13568,Small Business,2022
13569,Consumer,2019
13570,Consumer,2020
13571,Consumer,2024
13572,Small Business,2023
13573,Enterprise,2025
13574,Small Business,2021
13575,Consumer,2021
13576,Consumer,2025
13577,Consumer,2025
13578,Consumer,2021
13579,Consumer,2025
13580,Consumer,2023
13581,Consumer,2025
13582,Consumer,2019
13583,Small Business,2023
13584,Consumer,2025
13585,Consumer,2025
13586,Consumer,2023
13587,Enterprise,2019
13588,Small Business,2025
13589,Consumer,2020
13590,Small Business,2021
13591,Consumer,2025
13592,Consumer,2022
13593,Consumer,2020
13594,Consumer,2019
13595,Consumer,2020
13596,Consumer,2024
13597,Consumer,2024
13598,Consumer,2020
13599,Consumer,2025
13600,Consumer,2021
13601,Consumer,2023
13602,Consumer,2023
13603,Consumer,2019
13604,Consumer,2019
13605,Consumer,2023
13606,Consumer,2024
13607,Consumer,2025
13608,Consumer,2024
13609,Consumer,2023
13610,Consumer,2022
13611,Consumer,2021
13612,Consumer,2023
13613,Small Business,2025
13614,Consumer,2019
13615,Consumer,2022
13616,Consumer,2022
13617,Small Business,2021
13618,Consumer,2024
13619,Small Business,2022
13620,Consumer,2019
13621,Consumer,2023
13622,Consumer,2025
13623,Small Business,2020
13624,Enterprise,2022
13625,Small Business,2020
13626,Consumer,2019
13627,Small Business,2022
13628,Consumer,2021
13629,Consumer,2025
13630,Consumer,2022
13631,Enterprise,2023
13632,Consumer,2025
13633,Consumer,2022
13634,Consumer,2023
13635,Consumer,2022
13636,Consumer,2023
13637,Small Business,2020
13638,Consumer,2025
13639,Consumer,2021
13640,Consumer,2021
13641,Consumer,2021
13642,Consumer,2021
13643,Consumer,2021
13644,Consumer,2024
13645,Consumer,2024
13646,Enterprise,2023
13647,Consumer,2021
13648,Consumer,2020
13649,Small Business,2023
13650,Consumer,2024
13651,Small Business,2021
13652,Enterprise,2020
13653,Small Business,2022
13654,Consumer,2022
13655,Small Business,2019
13656,Consumer,2024
13657,Consumer,2024
13658,Enterprise,2020
13659,Consumer,2024
13660,Small Business,2024
13661,Consumer,2022
13662,Consumer,2025
13663,Consumer,2020
13664,Small Business,2021
13665,Consumer,2025
13666,Small Business,2020
13667,Consumer,2024
13668,Small Business,2025
13669,Consumer,2021
13670,Small Business,2022
13671,Consumer,2025
13672,Consumer,2021
13673,Small Business,2021
13674,Consumer,2019
13675,Consumer,2021
13676,Small Business,2020
13677,Small Business,2020
13678,Small Business,2022
13679,Small Business,2024
13680,Enterprise,2024
13681,Consumer,2021
13682,Consumer,2022
13683,Small Business,2019
13684,Consumer,2020
13685,Consumer,2021
13686,Consumer,2025
13687,Consumer,2024
13688,Small Business,2021
13689,Consumer,2020
13690,Small Business,2020
13691,Small Business,2022
13692,Consumer,2025
13693,Consumer,2023
13694,Consumer,2021
13695,Consumer,2024
13696,Consumer,2022
13697,Consumer,2020
13698,Small Business,2024
13699,Consumer,2025
13700,Consumer,2021
13701,Consumer,2025
13702,Small Business,2022
13703,Consumer,2020
13704,Consumer,2025
13705,Small Business,2019
13706,Consumer,2020
13707,Consumer,2021
13708,Consumer,2025
13709,Small Business,2025
13710,Small Business,2020
13711,Consumer,2019
13712,Small Business,2024
13713,Small Business,2022
13714,Small Business,2021
13715,Small Business,2019
13716,Small Business,2022
13717,Consumer,2019
13718,Consumer,2022
13719,Small Business,2020
13720,Consumer,2020
13721,Consumer,2019
13722,Small Business,2020
13723,Small Business,2023
13724,Small Business,2023
13725,Small Business,2022
13726,Consumer,2024
13727,Small Business,2025
13728,Enterprise,2019
13729,Consumer,2020
13730,Consumer,2024
13731,Small Business,2023
13732,Consumer,2021
13733,Consumer,2023
13734,Consumer,2023
13735,Consumer,2023
13736,Consumer,2022
13737,Small Business,2019
13738,Consumer,2024
13739,Small Business,2020
13740,Consumer,2022
13741,Consumer,2022
13742,Consumer,2019
13743,Small Business,2021
13744,Enterprise,2020
13745,Consumer,2020
13746,Enterprise,2021
13747,Consumer,2021
13748,Consumer,2023
13749,Small Business,2019
13750,Consumer,2020
13751,Small Business,2022
13752,Consumer,2021
13753,Small Business,2021
13754,Consumer,2019
13755,Consumer,2020
13756,Consumer,2021
13757,Enterprise,2019
13758,Consumer,2022
13759,Consumer,2019
13760,Consumer,2025
13761,Consumer,2019
13762,Consumer,2020
13763,Small Business,2022
13764,Consumer,2019
13765,Consumer,2023
13766,Consumer,2021
13767,Consumer,2019
13768,Consumer,2023
13769,Consumer,2019
13770,Consumer,2023
13771,Small Business,2023
13772,Consumer,2021
13773,Consumer,2023
13774,Consumer,2019
13775,Small Business,2025
13776,Enterprise,2025
13777,Consumer,2020
13778,Consumer,2022
13779,Consumer,2021
13780,Small Business,2024
13781,Consumer,2020
13782,Consumer,2021
13783,Consumer,2021
13784,Consumer,2024
13785,Consumer,2022
13786,Consumer,2024
13787,Small Business,2019
13788,Small Business,2019
13789,Consumer,2025
13790,Consumer,2019
13791,Small Business,2023
13792,Small Business,2020
13793,Small Business,2022
13794,Enterprise,2024
13795,Consumer,2022
13796,Consumer,2020
13797,Consumer,2020
13798,Consumer,2021
13799,Consumer,2025
13800,Consumer,2023
13801,Consumer,2022
13802,Consumer,2023
13803,Small Business,2022
13804,Consumer,2021
13805,Consumer,2020
13806,Consumer,2022
13807,Consumer,2020
13808,Consumer,2021
13809,Consumer,2021
13810,Consumer,2019
13811,Small Business,2022
13812,Consumer,2020
13813,Consumer,2021
13814,Small Business,2025
13815,Consumer,2024
13816,Small Business,2025
13817,Consumer,2020
13818,Consumer,2024
13819,Consumer,2024
13820,Consumer,2021
13821,Enterprise,2021
13822,Consumer,2020
13823,Consumer,2025
13824,Consumer,2022
13825,Small Business,2021
13826,Consumer,2019
13827,Consumer,2022
13828,Enterprise,2025
13829,Consumer,2021
13830,Consumer,2024
13831,Consumer,2021
13832,Consumer,2025
13833,Small Business,2023
13834,Consumer,2024
13835,Enterprise,2023
13836,Consumer,2021
13837,Consumer,2019
13838,Consumer,2021
13839,Consumer,2020
13840,Consumer,2024
13841,Consumer,2022
13842,Consumer,2023
13843,Small Business,2025
13844,Consumer,2025
13845,Consumer,2023
13846,Consumer,2021
13847,Consumer,2019
13848,Consumer,2022
13849,Enterprise,2025
13850,Consumer,2022
13851,Consumer,2025
13852,Consumer,2020
13853,Consumer,2019
13854,Consumer,2022
13855,Consumer,2021
13856,Consumer,2019
13857,Consumer,2025
13858,Small Business,2021
13859,Consumer,2020
13860,Consumer,2022
13861,Consumer,2024
13862,Consumer,2020
13863,Consumer,2021
13864,Consumer,2024
13865,Consumer,2023
13866,Consumer,2020
13867,Consumer,2019
13868,Small Business,2024
13869,Enterprise,2020
13870,Small Business,2019
13871,Consumer,2025
13872,Small Business,2023
13873,Consumer,2022
13874,Consumer,2021
13875,Small Business,2025
13876,Small Business,2024
13877,Consumer,2022
13878,Enterprise,2022
13879,Consumer,2022
13880,Consumer,2021
13881,Consumer,2022
13882,Consumer,2023
13883,Enterprise,2023
13884,Consumer,2021
13885,Consumer,2024
13886,Small Business,2021
13887,Small Business,2024
13888,Small Business,2021
13889,Small Business,2025
13890,Small Business,2023
13891,Consumer,2024
13892,Consumer,2023
13893,Small Business,2020
13894,Consumer,2025
13895,Consumer,2023
13896,Consumer,2019
13897,Consumer,2021
13898,Consumer,2020
13899,Small Business,2019
13900,Consumer,2022
13901,Consumer,2024
13902,Consumer,2023
13903,Consumer,2025
13904,Consumer,2019
13905,Consumer,2023
13906,Consumer,2021
13907,Consumer,2019
13908,Consumer,2025
13909,Consumer,2019
13910,Consumer,2021
13911,Consumer,2022
13912,Consumer,2021
13913,Consumer,2020
13914,Small Business,2020
13915,Small Business,2023
13916,Consumer,2019
13917,Consumer,2019
13918,Consumer,2020
13919,Consumer,2025
13920,Consumer,2020
13921,Consumer,2023
13922,Consumer,2021
13923,Small Business,2022
13924,Small Business,2020
13925,Small Business,2025
13926,Small Business,2021
13927,Consumer,2019
13928,Consumer,2020
13929,Consumer,2021
13930,Consumer,2025
13931,Consumer,2019
13932,Consumer,2021
13933,Consumer,2020
13934,Small Business,2020
13935,Consumer,2025
13936,Consumer,2024
13937,Small Business,2025
13938,Small Business,2024
13939,Consumer,2025
13940,Consumer,2022
13941,Small Business,2022
13942,Consumer,2021
13943,Consumer,2019
13944,Enterprise,2024
13945,Consumer,2021
13946,Consumer,2023
13947,Consumer,2025
13948,Consumer,2021
13949,Consumer,2019
13950,Consumer,2021
13951,Consumer,2025
13952,Consumer,2019
13953,Small Business,2020
13954,Small Business,2019
13955,Consumer,2024
13956,Small Business,2019
13957,Consumer,2020
13958,Consumer,2020
13959,Consumer,2019
13960,Consumer,2025
13961,Consumer,2021
13962,Consumer,2024
13963,Consumer,2022
13964,Consumer,2019
13965,Consumer,2020
13966,Consumer,2019
13967,Consumer,2020
13968,Consumer,2023
13969,Consumer,2019
13970,Small Business,2021
13971,Small Business,2019
13972,Small Business,2024
13973,Consumer,2021
13974,Consumer,2025
13975,Small Business,2021
13976,Consumer,2022
13977,Consumer,2022
13978,Consumer,2020
13979,Consumer,2024
13980,Consumer,2025
13981,Consumer,2025
13982,Consumer,2021
13983,Consumer,2024
13984,Consumer,2021
13985,Small Business,2020
13986,Consumer,2023
13987,Consumer,2021
13988,Consumer,2021
13989,Consumer,2019
13990,Small Business,2020
13991,Consumer,2021
13992,Consumer,2024
13993,Consumer,2021
13994,Consumer,2020
13995,Consumer,2021
13996,Small Business,2019
13997,Consumer,2022
13998,Small Business,2022
13999,Consumer,2023
14000,Consumer,2019
14001,Small Business,2023
14002,Consumer,2024
14003,Small Business,2024
14004,Consumer,2025
14005,Consumer,2023
14006,Consumer,2025
14007,Consumer,2021
14008,Small Business,2020
14009,Consumer,2019
14010,Consumer,2025
14011,Small Business,2019
14012,Consumer,2019
14013,Small Business,2024
14014,Small Business,2021
14015,Consumer,2022
14016,Consumer,2019
14017,Enterprise,2021
14018,Consumer,2024
14019,Consumer,2023
14020,Small Business,2020
14021,Consumer,2020
14022,Small Business,2023
14023,Consumer,2023
14024,Small Business,2024
14025,Consumer,2019
14026,Consumer,2021
14027,Small Business,2019
14028,Consumer,2024
14029,Consumer,2020
14030,Small Business,2021
14031,Enterprise,2022
14032,Enterprise,2020
14033,Consumer,2024
14034,Consumer,2022
14035,Consumer,2022
14036,Consumer,2023
14037,Consumer,2023
14038,Consumer,2019
14039,Consumer,2019
14040,Consumer,2024
14041,Consumer,2025
14042,Consumer,2020
14043,Consumer,2019
14044,Small Business,2023
14045,Enterprise,2025
14046,Consumer,2019
14047,Enterprise,2019
14048,Small Business,2021
14049,Consumer,2023
14050,Consumer,2022
14051,Consumer,2022
14052,Consumer,2022
14053,Consumer,2025
14054,Consumer,2020
14055,Small Business,2019
14056,Consumer,2022
14057,Consumer,2022
14058,Enterprise,2020
14059,Enterprise,2025
14060,Small Business,2020
14061,Small Business,2019
14062,Enterprise,2019
14063,Consumer,2025
14064,Small Business,2025
14065,Consumer,2025
14066,Consumer,2019
14067,Consumer,2019
14068,Consumer,2021
14069,Consumer,2022
14070,Consumer,2020
14071,Consumer,2023
14072,Consumer,2023
14073,Consumer,2023
14074,Small Business,2021
14075,Consumer,2019
14076,Consumer,2021
14077,Consumer,2020
14078,Small Business,2025
14079,Consumer,2024
14080,Consumer,2025
14081,Consumer,2024
14082,Small Business,2019
14083,Enterprise,2022
14084,Small Business,2023
14085,Small Business,2019
14086,Consumer,2025
14087,Consumer,2024
14088,Consumer,2025
14089,Consumer,2021
14090,Enterprise,2021
14091,Enterprise,2023
14092,Consumer,2024
14093,Consumer,2020
14094,Consumer,2021
14095,Consumer,2021
14096,Consumer,2023
14097,Consumer,2019
14098,Consumer,2022
14099,Consumer,2020
14100,Consumer,2023
14101,Small Business,2024
14102,Consumer,2025
14103,Consumer,2021
14104,Consumer,2019
14105,Small Business,2020
14106,Consumer,2020
14107,Small Business,2019
14108,Consumer,2023
14109,Consumer,2023
14110,Consumer,2021
14111,Small Business,2020
14112,Enterprise,2022
14113,Small Business,2020
14114,Small Business,2024
14115,Consumer,2020
14116,Consumer,2023
14117,Consumer,2023
14118,Consumer,2024
14119,Consumer,2022
14120,Small Business,2020
14121,Small Business,2019
14122,Small Business,2019
14123,Consumer,2019
14124,Small Business,2025
14125,Small Business,2019
14126,Small Business,2022
14127,Consumer,2022
14128,Consumer,2023
14129,Small Business,2019
14130,Enterprise,2019
14131,Consumer,2024
14132,Consumer,2023
14133,Consumer,2023
14134,Consumer,2019
14135,Small Business,2023
14136,Consumer,2024
14137,Consumer,2024
14138,Consumer,2019
14139,Consumer,2022
14140,Consumer,2019
14141,Consumer,2021
14142,Consumer,2021
14143,Enterprise,2019
14144,Small Business,2020
14145,Enterprise,2025
14146,Consumer,2025
14147,Small Business,2022
14148,Consumer,2022
14149,Consumer,2025
14150,Consumer,2022
14151,Consumer,2022
14152,Consumer,2019
14153,Small Business,2019
14154,Small Business,2022
14155,Consumer,2021
14156,Consumer,2019
14157,Small Business,2024
14158,Consumer,2023
14159,Consumer,2019
14160,Small Business,2025
14161,Consumer,2020
14162,Small Business,2021
14163,Consumer,2020
14164,Small Business,2024
14165,Consumer,2025
14166,Small Business,2025
14167,Consumer,2019
14168,Small Business,2025
14169,Small Business,2019
14170,Consumer,2024
14171,Consumer,2023
14172,Consumer,2025
14173,Consumer,2022
14174,Consumer,2021
14175,Consumer,2023
14176,Consumer,2023
14177,Enterprise,2020
14178,Consumer,2023
14179,Consumer,2023
14180,Consumer,2020
14181,Consumer,2023
14182,Consumer,2021
14183,Small Business,2022
14184,Consumer,2021
14185,Consumer,2023
14186,Consumer,2019
14187,Consumer,2020
14188,Small Business,2022
14189,Consumer,2023
14190,Consumer,2024
14191,Consumer,2020
14192,Consumer,2023
14193,Consumer,2025
14194,Consumer,2023
14195,Enterprise,2019
14196,Consumer,2023
14197,Consumer,2021
14198,Small Business,2019
14199,Consumer,2021
14200,Consumer,2019
14201,Small Business,2019
14202,Small Business,2020
14203,Small Business,2020
14204,Small Business,2025
14205,Consumer,2020
14206,Small Business,2024
14207,Consumer,2020
14208,Consumer,2023
14209,Small Business,2021
14210,Small Business,2021
14211,Small Business,2022
14212,Consumer,2025
14213,Small Business,2023
14214,Consumer,2019
14215,Small Business,2025
14216,Consumer,2019
14217,Consumer,2022
14218,Small Business,2023
14219,Consumer,2022
14220,Consumer,2022
14221,Enterprise,2023
14222,Consumer,2025
14223,Consumer,2020
14224,Consumer,2024
14225,Consumer,2019
14226,Consumer,2025
14227,Consumer,2021
14228,Consumer,2024
14229,Consumer,2020
14230,Consumer,2025
14231,Consumer,2022
14232,Consumer,2023
14233,Small Business,2020
14234,Consumer,2022
14235,Consumer,2024
14236,Consumer,2023
14237,Consumer,2020
14238,Small Business,2025
14239,Consumer,2020
14240,Consumer,2019
14241,Small Business,2023
14242,Consumer,2022
14243,Small Business,2022
14244,Consumer,2021
14245,Consumer,2019
14246,Small Business,2023
14247,Consumer,2020
14248,Consumer,2023
14249,Enterprise,2025
14250,Consumer,2021
14251,Small Business,2022
14252,Consumer,2023
14253,Consumer,2023
14254,Small Business,2022
14255,Consumer,2022
14256,Consumer,2020
14257,Small Business,2023
14258,Consumer,2023
14259,Consumer,2021
14260,Small Business,2019
14261,Consumer,2019
14262,Consumer,2024
14263,Small Business,2019
14264,Consumer,2025
14265,Small Business,2019
14266,Small Business,2019
14267,Consumer,2020
14268,Consumer,2020
14269,Enterprise,2021
14270,Small Business,2019
14271,Consumer,2019
14272,Consumer,2024
14273,Consumer,2025
14274,Small Business,2019
14275,Small Business,2023
14276,Small Business,2022
14277,Consumer,2023
14278,Small Business,2021
14279,Consumer,2020
14280,Consumer,2024
14281,Consumer,2023
14282,Consumer,2023
14283,Consumer,2020
14284,Consumer,2022
14285,Consumer,2025
14286,Small Business,2022
14287,Consumer,2025
14288,Consumer,2024
14289,Consumer,2021
14290,Consumer,2022
14291,Consumer,2021
14292,Consumer,2021
14293,Consumer,2020
14294,Consumer,2019
14295,Small Business,2024
14296,Consumer,2020
14297,Small Business,2025
14298,Consumer,2021
14299,Small Business,2023
14300,Consumer,2023
14301,Consumer,2020
14302,Consumer,2023
14303,Consumer,2022
14304,Small Business,2025
14305,Consumer,2021
14306,Consumer,2020
14307,Small Business,2019
14308,Small Business,2022
14309,Consumer,2022
14310,Consumer,2024
14311,Small Business,2020
14312,Small Business,2021
14313,Small Business,2020
14314,Small Business,2022
14315,Consumer,2020
14316,Consumer,2021
14317,Consumer,2025
14318,Consumer,2021
14319,Small Business,2025
14320,Consumer,2019
14321,Consumer,2022
14322,Consumer,2019
14323,Consumer,2022
14324,Consumer,2021
14325,Consumer,2020
14326,Small Business,2025
14327,Consumer,2023
14328,Consumer,2020
14329,Consumer,2023
14330,Consumer,2019
14331,Small Business,2022
14332,Consumer,2023
14333,Small Business,2019
14334,Consumer,2025
14335,Consumer,2019
14336,Consumer,2019
14337,Small Business,2022
14338,Enterprise,2024
14339,Consumer,2022
14340,Consumer,2019
14341,Consumer,2019
14342,Consumer,2019
14343,Consumer,2025
14344,Small Business,2025
14345,Consumer,2019
14346,Small Business,2023
14347,Small Business,2024
14348,Consumer,2022
14349,Consumer,2020
14350,Small Business,2020
14351,Consumer,2023
14352,Consumer,2022
14353,Small Business,2020
14354,Consumer,2019
14355,Small Business,2022
14356,Consumer,2021
14357,Consumer,2025
14358,Consumer,2023
14359,Consumer,2021
14360,Consumer,2022
14361,Consumer,2022
14362,Consumer,2023
14363,Consumer,2023
14364,Consumer,2019
14365,Consumer,2022
14366,Consumer,2024
14367,Consumer,2025
14368,Consumer,2025
14369,Consumer,2023
14370,Consumer,2025
14371,Consumer,2019
14372,Small Business,2019
14373,Consumer,2020
14374,Consumer,2019
14375,Small Business,2023
14376,Consumer,2022
14377,Consumer,2022
14378,Consumer,2022
14379,Consumer,2022
14380,Consumer,2024
14381,Consumer,2020
14382,Consumer,2021
14383,Consumer,2019
14384,Consumer,2022
14385,Consumer,2021
14386,Consumer,2020
14387,Consumer,2022
14388,Consumer,2025
14389,Consumer,2024
14390,Consumer,2019
14391,Consumer,2021
14392,Small Business,2025
14393,Small Business,2020
14394,Consumer,2025
14395,Consumer,2025
14396,Consumer,2019
14397,Small Business,2025
14398,Consumer,2024
14399,Consumer,2022
14400,Small Business,2021
14401,Consumer,2022
14402,Small Business,2020
14403,Consumer,2024
14404,Consumer,2021
14405,Small Business,2022
14406,Consumer,2025
14407,Consumer,2019
14408,Small Business,2021
14409,Small Business,2023
14410,Consumer,2020
14411,Enterprise,2020
14412,Consumer,2022
14413,Consumer,2020
14414,Small Business,2021
14415,Consumer,2019
14416,Small Business,2019
14417,Consumer,2024
14418,Consumer,2020
14419,Consumer,2019
14420,Consumer,2019
14421,Small Business,2022
14422,Consumer,2022
14423,Consumer,2023
14424,Consumer,2023
14425,Consumer,2023
14426,Consumer,2024
14427,Consumer,2024
14428,Consumer,2020
14429,Consumer,2019
14430,Consumer,2024
14431,Consumer,2019
14432,Consumer,2021
14433,Consumer,2023
14434,Consumer,2019
14435,Consumer,2025
14436,Consumer,2025
14437,Small Business,2024
14438,Consumer,2023
14439,Small Business,2024
14440,Consumer,2022
14441,Consumer,2024
14442,Small Business,2019
14443,Consumer,2020
14444,Consumer,2019
14445,Consumer,2019
14446,Consumer,2022
14447,Consumer,2024
14448,Small Business,2025
14449,Consumer,2020
14450,Consumer,2023
14451,Consumer,2024
14452,Consumer,2019
14453,Small Business,2021
14454,Consumer,2023
14455,Small Business,2019
14456,Consumer,2021
14457,Consumer,2022
14458,Consumer,2019
14459,Small Business,2019
14460,Consumer,2024
14461,Consumer,2019
14462,Small Business,2023
14463,Consumer,2021
14464,Consumer,2024
14465,Small Business,2025
14466,Consumer,2020
14467,Consumer,2025
14468,Consumer,2019
14469,Small Business,2025
14470,Consumer,2022
14471,Small Business,2019
14472,Consumer,2022
14473,Consumer,2025
14474,Consumer,2023
14475,Small Business,2019
14476,Consumer,2024
14477,Consumer,2024
14478,Consumer,2023
14479,Small Business,2021
14480,Consumer,2023
14481,Consumer,2021
14482,Consumer,2020
14483,Consumer,2024
14484,Enterprise,2021
14485,Consumer,2024
14486,Small Business,2023
14487,Small Business,2025
14488,Consumer,2022
14489,Small Business,2021
14490,Enterprise,2021
14491,Small Business,2022
14492,Consumer,2025
14493,Consumer,2020
14494,Small Business,2019
14495,Consumer,2020
14496,Small Business,2025
14497,Consumer,2023
14498,Consumer,2024
14499,Small Business,2022
14500,Consumer,2023
14501,Consumer,2023
14502,Small Business,2019
14503,Small Business,2023
14504,Consumer,2022
14505,Small Business,2024
14506,Small Business,2019
14507,Small Business,2022
14508,Consumer,2025
14509,Consumer,2024
14510,Small Business,2020
14511,Small Business,2024
14512,Consumer,2021
14513,Consumer,2024
14514,Consumer,2023
14515,Small Business,2022
14516,Small Business,2019
14517,Consumer,2024
14518,Consumer,2022
14519,Consumer,2022
14520,Small Business,2024
14521,Consumer,2025
14522,Consumer,2020
14523,Consumer,2025
14524,Small Business,2020
14525,Consumer,2023
14526,Consumer,2022
14527,Consumer,2024
14528,Enterprise,2022
14529,Consumer,2023
14530,Consumer,2022
14531,Consumer,2023
14532,Consumer,2021
14533,Small Business,2021
14534,Small Business,2021
14535,Consumer,2020
14536,Small Business,2021
14537,Consumer,2019
14538,Small Business,2020
14539,Consumer,2021
14540,Consumer,2022
14541,Small Business,2023
14542,Small Business,2021
14543,Small Business,2023
14544,Consumer,2022
14545,Small Business,2022
14546,Consumer,2019
14547,Consumer,2024
14548,Consumer,2023
14549,Consumer,2019
14550,Consumer,2019
14551,Small Business,2024
14552,Consumer,2020
14553,Consumer,2025
14554,Consumer,2024
14555,Small Business,2021
14556,Consumer,2025
14557,Small Business,2022
14558,Consumer,2025
14559,Consumer,2019
14560,Small Business,2023
14561,Consumer,2024
14562,Small Business,2020
14563,Consumer,2024
14564,Consumer,2024
14565,Consumer,2024
14566,Small Business,2023
14567,Consumer,2019
14568,Consumer,2025
14569,Consumer,2025
14570,Enterprise,2022
14571,Small Business,2021
14572,Small Business,2022
14573,Consumer,2025
14574,Consumer,2019
14575,Small Business,2022
14576,Small Business,2020
14577,Small Business,2024
14578,Small Business,2023
14579,Small Business,2025
14580,Consumer,2025
14581,Consumer,2019
14582,Enterprise,2022
14583,Consumer,2025
14584,Consumer,2019
14585,Consumer,2025
14586,Consumer,2021
14587,Small Business,2022
14588,Small Business,2019
14589,Consumer,2021
14590,Consumer,2025
14591,Consumer,2025
14592,Small Business,2019
14593,Consumer,2022
14594,Consumer,2019
14595,Consumer,2025
14596,Consumer,2022
14597,Consumer,2020
14598,Consumer,2022
14599,Consumer,2020
14600,Consumer,2024
14601,Consumer,2021
14602,Consumer,2021
14603,Consumer,2024
14604,Small Business,2025
14605,Consumer,2020
14606,Small Business,2023
14607,Consumer,2021
14608,Small Business,2019
14609,Consumer,2020
14610,Consumer,2019
14611,Consumer,2024
14612,Consumer,2022
14613,Consumer,2022
14614,Small Business,2022
14615,Consumer,2020
14616,Enterprise,2022
14617,Consumer,2020
14618,Consumer,2019
14619,Small Business,2020
14620,Consumer,2019
14621,Consumer,2022
14622,Consumer,2019
14623,Small Business,2021
14624,Consumer,2024
14625,Consumer,2023
14626,Consumer,2023
14627,Consumer,2021
14628,Consumer,2019
14629,Consumer,2020
14630,Small Business,2022
14631,Consumer,2025
14632,Consumer,2025
14633,Enterprise,2019
14634,Small Business,2019
14635,Consumer,2022
14636,Consumer,2020
14637,Consumer,2019
14638,Small Business,2021
14639,Consumer,2025
14640,Consumer,2020
14641,Consumer,2019
14642,Consumer,2020
14643,Consumer,2023
14644,Small Business,2025
14645,Consumer,2025
14646,Consumer,2024
14647,Small Business,2022
14648,Consumer,2024
14649,Consumer,2019
14650,Consumer,2025
14651,Small Business,2024
14652,Consumer,2020
14653,Small Business,2021
14654,Consumer,2025
14655,Consumer,2022
14656,Consumer,2025
14657,Consumer,2021
14658,Consumer,2023
14659,Small Business,2019
14660,Consumer,2025
14661,Consumer,2024
14662,Enterprise,2024
14663,Consumer,2024
14664,Consumer,2021
14665,Consumer,2019
14666,Consumer,2021
14667,Enterprise,2023
14668,Enterprise,2023
14669,Consumer,2025
14670,Enterprise,2022
14671,Consumer,2021
14672,Enterprise,2021
14673,Small Business,2025
14674,Consumer,2019
14675,Consumer,2023
14676,Small Business,2019
14677,Consumer,2022
14678,Consumer,2019
14679,Consumer,2020
14680,Consumer,2021
14681,Consumer,2021
14682,Consumer,2019
14683,Small Business,2024
14684,Consumer,2020
14685,Consumer,2023
14686,Consumer,2025
14687,Consumer,2020
14688,Consumer,2022
14689,Consumer,2023
14690,Consumer,2025
14691,Consumer,2021
14692,Consumer,2020
14693,Consumer,2019
14694,Small Business,2021
14695,Consumer,2024
14696,Small Business,2023
14697,Consumer,2020
14698,Consumer,2025
14699,Consumer,2023
14700,Consumer,2023
14701,Consumer,2019
14702,Small Business,2025
14703,Small Business,2019
14704,Consumer,2019
14705,Enterprise,2023
14706,Consumer,2021
14707,Consumer,2025
14708,Small Business,2025
14709,Consumer,2022
14710,Consumer,2022
14711,Consumer,2020
14712,Consumer,2020
14713,Consumer,2019
14714,Consumer,2020
14715,Consumer,2022
14716,Small Business,2024
14717,Small Business,2019
14718,Consumer,2020
14719,Consumer,2021
14720,Consumer,2022
14721,Consumer,2021
14722,Consumer,2020
14723,Consumer,2024
14724,Small Business,2020
14725,Consumer,2019
14726,Consumer,2021
14727,Consumer,2025
14728,Small Business,2019
14729,Consumer,2019
14730,Small Business,2023
14731,Small Business,2023
14732,Consumer,2020
14733,Consumer,2023
14734,Consumer,2024
14735,Consumer,2023
14736,Consumer,2022
14737,Consumer,2022
14738,Small Business,2021
14739,Consumer,2019
14740,Consumer,2023
14741,Consumer,2024
14742,Consumer,2021
14743,Consumer,2024
14744,Consumer,2019
14745,Consumer,2019
14746,Consumer,2021
14747,Consumer,2021
14748,Small Business,2022
14749,Consumer,2019
14750,Small Business,2019
14751,Consumer,2024
14752,Small Business,2024
14753,Consumer,2024
14754,Consumer,2021
14755,Consumer,2023
14756,Small Business,2020
14757,Consumer,2025
14758,Consumer,2019
14759,Small Business,2023
14760,Consumer,2019
14761,Consumer,2024
14762,Small Business,2020
14763,Consumer,2019
14764,Enterprise,2021
14765,Small Business,2025
14766,Enterprise,2020
14767,Small Business,2020
14768,Consumer,2022
14769,Consumer,2025
14770,Consumer,2020
14771,Small Business,2021
14772,Consumer,2025
14773,Small Business,2023
14774,Consumer,2022
14775,Consumer,2021
14776,Consumer,2024
14777,Consumer,2025
14778,Consumer,2021
14779,Consumer,2025
14780,Consumer,2020
14781,Consumer,2024
14782,Enterprise,2022
14783,Consumer,2020
14784,Consumer,2021
14785,Consumer,2021
14786,Consumer,2023
14787,Consumer,2024
14788,Consumer,2025
14789,Consumer,2019
14790,Consumer,2020
14791,Consumer,2024
14792,Small Business,2019
14793,Consumer,2021
14794,Consumer,2024
14795,Consumer,2022
14796,Small Business,2019
14797,Consumer,2020
14798,Small Business,2024
14799,Small Business,2021
14800,Enterprise,2024
14801,Small Business,2023
14802,Consumer,2024
14803,Enterprise,2023
14804,Small Business,2019
14805,Consumer,2019
14806,Consumer,2020
14807,Small Business,2020
14808,Consumer,2022
14809,Small Business,2022
14810,Consumer,2021
14811,Small Business,2022
14812,Consumer,2024
14813,Small Business,2021
14814,Consumer,2022
14815,Small Business,2025
14816,Consumer,2022
14817,Consumer,2019
14818,Consumer,2020
14819,Consumer,2020
14820,Enterprise,2022
14821,Consumer,2021
14822,Consumer,2021
14823,Small Business,2024
14824,Consumer,2022
14825,Consumer,2022
14826,Consumer,2020
14827,Consumer,2022
14828,Small Business,2023
14829,Consumer,2025
14830,Consumer,2024
14831,Consumer,2019
14832,Small Business,2019
14833,Consumer,2024
14834,Small Business,2020
14835,Consumer,2019
14836,Consumer,2023
14837,Small Business,2025
14838,Consumer,2023
14839,Consumer,2019
14840,Consumer,2021
14841,Small Business,2021
14842,Consumer,2021
14843,Consumer,2023
14844,Consumer,2024
14845,Small Business,2021
14846,Consumer,2022
14847,Consumer,2022
14848,Consumer,2021
14849,Consumer,2020
14850,Consumer,2019
14851,Small Business,2025
14852,Consumer,2023
14853,Consumer,2024
14854,Consumer,2021
14855,Consumer,2020
14856,Consumer,2023
14857,Consumer,2023
14858,Consumer,2024
14859,Small Business,2022
14860,Consumer,2022
14861,Consumer,2022
14862,Enterprise,2020
14863,Consumer,2020
14864,Consumer,2020
14865,Consumer,2021
14866,Enterprise,2023
14867,Consumer,2025
14868,Consumer,2025
14869,Consumer,2021
14870,Consumer,2025
14871,Consumer,2025
14872,Consumer,2024
14873,Small Business,2019
14874,Small Business,2023
14875,Consumer,2020
14876,Consumer,2025
14877,Consumer,2020
14878,Consumer,2021
14879,Consumer,2020
14880,Consumer,2025
14881,Small Business,2023
14882,Consumer,2022
14883,Consumer,2024
14884,Small Business,2023
14885,Consumer,2023
14886,Small Business,2020
14887,Small Business,2021
14888,Consumer,2022
14889,Consumer,2021
14890,Consumer,2021
14891,Small Business,2025
14892,Consumer,2021
14893,Enterprise,2023
14894,Consumer,2023
14895,Small Business,2020
14896,Consumer,2025
14897,Enterprise,2020
14898,Consumer,2024
14899,Consumer,2023
14900,Small Business,2021
14901,Consumer,2020
14902,Consumer,2024
14903,Small Business,2022
14904,Small Business,2022
14905,Consumer,2021
14906,Consumer,2021
14907,Consumer,2020
14908,Consumer,2025
14909,Consumer,2025
14910,Consumer,2020
14911,Consumer,2019
14912,Consumer,2024
14913,Small Business,2021
14914,Consumer,2020
14915,Consumer,2020
14916,Small Business,2025
14917,Small Business,2020
14918,Consumer,2024
14919,Enterprise,2022
14920,Consumer,2022
14921,Consumer,2021
14922,Consumer,2019
14923,Consumer,2019
14924,Consumer,2020
14925,Consumer,2021
14926,Small Business,2020
14927,Consumer,2020
14928,Consumer,2024
14929,Consumer,2019
14930,Consumer,2023
14931,Enterprise,2022
14932,Consumer,2020
14933,Small Business,2021
14934,Small Business,2021
14935,Consumer,2020
14936,Consumer,2021
14937,Consumer,2021
14938,Small Business,2023
14939,Consumer,2023
14940,Consumer,2021
14941,Consumer,2021
14942,Consumer,2024
14943,Consumer,2024
14944,Consumer,2023
14945,Consumer,2023
14946,Consumer,2020
14947,Small Business,2023
14948,Small Business,2021
14949,Consumer,2022
14950,Small Business,2022
14951,Small Business,2024
14952,Consumer,2025
14953,Small Business,2021
14954,Small Business,2019
14955,Consumer,2019
14956,Consumer,2021
14957,Consumer,2022
14958,Consumer,2023
14959,Enterprise,2021
14960,Consumer,2021
14961,Consumer,2024
14962,Enterprise,2021
14963,Consumer,2019
14964,Consumer,2022
14965,Small Business,2023
14966,Consumer,2020
14967,Consumer,2019
14968,Consumer,2023
14969,Small Business,2020
14970,Consumer,2025
14971,Consumer,2021
14972,Consumer,2025
14973,Small Business,2019
14974,Consumer,2022
14975,Consumer,2021
14976,Enterprise,2021
14977,Small Business,2021
14978,Consumer,2021
14979,Consumer,2019
14980,Consumer,2020
14981,Consumer,2020
14982,Consumer,2023
14983,Small Business,2021
14984,Consumer,2019
14985,Small Business,2023
14986,Consumer,2021
14987,Small Business,2019
14988,Consumer,2020
14989,Consumer,2022
14990,Consumer,2020
14991,Consumer,2025
14992,Consumer,2023
14993,Consumer,2021
14994,Small Business,2025
14995,Consumer,2024
14996,Consumer,2023
14997,Consumer,2019
14998,Small Business,2020
14999,Consumer,2023
15000,Consumer,2021
15001,Consumer,2024
15002,Consumer,2023
15003,Consumer,2019
15004,Consumer,2025
15005,Consumer,2025
15006,Small Business,2023
15007,Consumer,2024
15008,Consumer,2020
15009,Consumer,2024
15010,Small Business,2023
15011,Consumer,2019
15012,Consumer,2020
15013,Small Business,2022
15014,Consumer,2021
15015,Consumer,2023
15016,Consumer,2025
15017,Consumer,2023
15018,Consumer,2025
15019,Consumer,2019
15020,Consumer,2020
15021,Consumer,2025
15022,Enterprise,2024
15023,Consumer,2021
15024,Enterprise,2021
15025,Consumer,2024
15026,Small Business,2019
15027,Small Business,2019
15028,Consumer,2024
15029,Consumer,2024
15030,Consumer,2024
15031,Consumer,2022
15032,Consumer,2021
15033,Enterprise,2021
15034,Consumer,2024
15035,Consumer,2020
15036,Consumer,2019
15037,Consumer,2022
15038,Consumer,2022
15039,Consumer,2021
15040,Small Business,2025
15041,Consumer,2023
15042,Consumer,2024
15043,Consumer,2020
15044,Consumer,2023
15045,Consumer,2021
15046,Consumer,2021
15047,Consumer,2019
15048,Small Business,2024
15049,Consumer,2022
15050,Consumer,2025
15051,Enterprise,2023
15052,Enterprise,2020
15053,Consumer,2024
15054,Enterprise,2019
15055,Small Business,2024
15056,Consumer,2021
15057,Consumer,2019
15058,Consumer,2022
15059,Consumer,2022
15060,Small Business,2020
15061,Consumer,2019
15062,Consumer,2023
15063,Consumer,2022
15064,Consumer,2021
15065,Small Business,2022
15066,Consumer,2025
15067,Consumer,2025
15068,Consumer,2020
15069,Small Business,2021
15070,Consumer,2024
15071,Consumer,2019
15072,Consumer,2025
15073,Consumer,2021
15074,Consumer,2022
15075,Consumer,2025
15076,Consumer,2020
15077,Small Business,2020
15078,Consumer,2025
15079,Consumer,2024
15080,Enterprise,2021
15081,Consumer,2019
15082,Small Business,2022
15083,Consumer,2024
15084,Small Business,2019
15085,Consumer,2020
15086,Small Business,2021
15087,Small Business,2020
15088,Consumer,2022
15089,Consumer,2025
15090,Consumer,2023
15091,Consumer,2022
15092,Enterprise,2025
15093,Consumer,2024
15094,Small Business,2023
15095,Consumer,2019
15096,Consumer,2020
15097,Enterprise,2025
15098,Consumer,2022
15099,Consumer,2025
15100,Consumer,2019
15101,Consumer,2020
15102,Consumer,2020
15103,Consumer,2019
15104,Consumer,2021
15105,Small Business,2025
15106,Consumer,2019
15107,Consumer,2025
15108,Consumer,2019
15109,Consumer,2019
15110,Small Business,2019
15111,Consumer,2024
15112,Consumer,2020
15113,Consumer,2019
15114,Consumer,2024
15115,Consumer,2023
15116,Consumer,2021
15117,Consumer,2024
15118,Consumer,2025
15119,Consumer,2022
15120,Consumer,2025
15121,Consumer,2021
15122,Consumer,2025
15123,Consumer,2023
15124,Consumer,2020
15125,Consumer,2023
15126,Consumer,2021
15127,Consumer,2019
15128,Consumer,2022
15129,Consumer,2019
15130,Consumer,2022
15131,Consumer,2025
15132,Consumer,2019
15133,Consumer,2023
15134,Consumer,2020
15135,Consumer,2023
15136,Small Business,2023
15137,Enterprise,2024
15138,Consumer,2023
15139,Consumer,2020
15140,Consumer,2021
15141,Small Business,2023
15142,Consumer,2021
15143,Consumer,2024
15144,Small Business,2023
15145,Consumer,2023
15146,Consumer,2023
15147,Consumer,2021
15148,Consumer,2023
15149,Small Business,2023
15150,Consumer,2024
15151,Consumer,2021
15152,Consumer,2023
15153,Consumer,2025
15154,Small Business,2021
15155,Small Business,2024
15156,Small Business,2021
15157,Small Business,2019
15158,Consumer,2019
15159,Consumer,2022
15160,Consumer,2021
15161,Consumer,2020
15162,Consumer,2025
15163,Consumer,2024
15164,Consumer,2023
15165,Small Business,2024
15166,Consumer,2023
15167,Consumer,2023
15168,Small Business,2020
15169,Consumer,2019
15170,Consumer,2023
15171,Consumer,2019
15172,Small Business,2020
15173,Small Business,2022
15174,Consumer,2021
15175,Consumer,2021
15176,Consumer,2023
15177,Consumer,2024
15178,Small Business,2019
15179,Consumer,2020
15180,Small Business,2021
15181,Enterprise,2020
15182,Consumer,2019
15183,Small Business,2020
15184,Consumer,2020
15185,Consumer,2025
15186,Small Business,2021
15187,Consumer,2021
15188,Enterprise,2023
15189,Consumer,2023
15190,Consumer,2020
15191,Small Business,2021
15192,Consumer,2019
15193,Consumer,2020
15194,Consumer,2021
15195,Consumer,2021
15196,Consumer,2020
15197,Small Business,2025
15198,Consumer,2024
15199,Small Business,2022
15200,Small Business,2024
15201,Consumer,2021
15202,Consumer,2023
15203,Consumer,2024
15204,Small Business,2023
15205,Consumer,2021
15206,Consumer,2024
15207,Enterprise,2019
15208,Consumer,2021
15209,Consumer,2024
15210,Enterprise,2023
15211,Consumer,2021
15212,Consumer,2021
15213,Consumer,2021
15214,Small Business,2022
15215,Small Business,2020
15216,Small Business,2024
15217,Enterprise,2019
15218,Consumer,2024
15219,Consumer,2022
15220,Consumer,2021
15221,Small Business,2024
15222,Small Business,2025
15223,Consumer,2021
15224,Small Business,2022
15225,Consumer,2022
15226,Consumer,2022
15227,Consumer,2021
15228,Enterprise,2022
15229,Consumer,2019
15230,Consumer,2024
15231,Enterprise,2019
15232,Consumer,2025
15233,Consumer,2021
15234,Consumer,2023
15235,Consumer,2019
15236,Consumer,2021
15237,Consumer,2025
15238,Small Business,2022
15239,Consumer,2022
15240,Consumer,2021
15241,Small Business,2023
15242,Consumer,2023
15243,Small Business,2022
15244,Small Business,2025
15245,Enterprise,2022
15246,Consumer,2025
15247,Consumer,2022
15248,Consumer,2022
15249,Small Business,2023
15250,Enterprise,2021
15251,Consumer,2024
15252,Consumer,2022
15253,Consumer,2020
15254,Consumer,2021
15255,Small Business,2021
15256,Small Business,2025
15257,Consumer,2021
15258,Enterprise,2020
15259,Consumer,2023
15260,Consumer,2024
15261,Consumer,2021
15262,Consumer,2021
15263,Small Business,2023
15264,Consumer,2023
15265,Consumer,2019
15266,Consumer,2025
15267,Consumer,2021
15268,Consumer,2023
15269,Consumer,2019
15270,Consumer,2023
15271,Consumer,2019
15272,Small Business,2019
15273,Consumer,2025
15274,Consumer,2019
15275,Consumer,2024
15276,Consumer,2022
15277,Consumer,2020
15278,Consumer,2021
15279,Consumer,2019
15280,Consumer,2023
15281,Consumer,2024
15282,Enterprise,2021
15283,Consumer,2025
15284,Consumer,2020
15285,Consumer,2025
15286,Consumer,2024
15287,Consumer,2019
15288,Small Business,2024
15289,Consumer,2019
15290,Consumer,2025
15291,Enterprise,2023
15292,Consumer,2020
15293,Consumer,2025
15294,Consumer,2021
15295,Consumer,2019
15296,Small Business,2020
15297,Consumer,2025
15298,Enterprise,2025
15299,Consumer,2025
15300,Consumer,2023
15301,Consumer,2020
15302,Consumer,2025
15303,Consumer,2022
15304,Consumer,2025
15305,Consumer,2019
15306,Consumer,2020
15307,Enterprise,2020
15308,Consumer,2021
15309,Consumer,2024
15310,Small Business,2021
15311,Consumer,2023
15312,Small Business,2022
15313,Enterprise,2025
15314,Consumer,2025
15315,Consumer,2025
15316,Consumer,2020
15317,Consumer,2024
15318,Consumer,2024
15319,Consumer,2021
15320,Small Business,2020
15321,Consumer,2025
15322,Consumer,2024
15323,Consumer,2020
15324,Enterprise,2020
15325,Small Business,2023
15326,Small Business,2022
15327,Small Business,2024
15328,Consumer,2023
15329,Consumer,2024
15330,Consumer,2022
15331,Consumer,2025
15332,Consumer,2025
15333,Consumer,2025
15334,Enterprise,2023
15335,Consumer,2021
15336,Small Business,2020
15337,Consumer,2022
15338,Consumer,2021
15339,Consumer,2020
15340,Small Business,2021
15341,Small Business,2024
15342,Consumer,2021
15343,Consumer,2019
15344,Consumer,2020
15345,Consumer,2020
15346,Consumer,2020
15347,Consumer,2022
15348,Small Business,2025
15349,Consumer,2021
15350,Consumer,2025
15351,Small Business,2025
15352,Consumer,2020
15353,Small Business,2023
15354,Consumer,2024
15355,Consumer,2023
15356,Small Business,2020
15357,Consumer,2023
15358,Small Business,2022
15359,Enterprise,2020
15360,Consumer,2020
15361,Consumer,2021
15362,Consumer,2020
15363,Consumer,2022
15364,Consumer,2021
15365,Small Business,2019
15366,Consumer,2023
15367,Consumer,2019
15368,Consumer,2022
15369,Enterprise,2019
15370,Enterprise,2024
15371,Consumer,2021
15372,Consumer,2019
15373,Small Business,2020
15374,Consumer,2023
15375,Enterprise,2024
15376,Small Business,2019
15377,Small Business,2021
15378,Consumer,2019
15379,Consumer,2020
15380,Enterprise,2021
15381,Consumer,2023
15382,Small Business,2019
15383,Consumer,2023
15384,Enterprise,2024
15385,Consumer,2025
15386,Consumer,2022
15387,Consumer,2022
15388,Consumer,2023
15389,Consumer,2025
15390,Small Business,2019
15391,Consumer,2020
15392,Enterprise,2020
15393,Consumer,2020
15394,Consumer,2022
15395,Enterprise,2019
15396,Consumer,2019
15397,Small Business,2023
15398,Enterprise,2020
15399,Consumer,2021
15400,Small Business,2019
15401,Consumer,2024
15402,Consumer,2025
15403,Consumer,2023
15404,Small Business,2022
15405,Consumer,2021
15406,Consumer,2019
15407,Small Business,2020
15408,Consumer,2022
15409,Enterprise,2019
15410,Consumer,2025
15411,Consumer,2023
15412,Consumer,2020
15413,Consumer,2025
15414,Consumer,2020
15415,Small Business,2023
15416,Small Business,2025
15417,Consumer,2021
15418,Consumer,2024
15419,Consumer,2025
15420,Consumer,2022
15421,Consumer,2023
15422,Consumer,2020
15423,Small Business,2024
15424,Enterprise,2020
15425,Small Business,2021
15426,Consumer,2025
15427,Consumer,2020
15428,Consumer,2023
15429,Consumer,2021
15430,Consumer,2021
15431,Enterprise,2025
15432,Consumer,2019
15433,Consumer,2024
15434,Consumer,2019
15435,Enterprise,2024
15436,Consumer,2024
15437,Small Business,2023
15438,Consumer,2023
15439,Consumer,2019
15440,Small Business,2021
15441,Consumer,2024
15442,Small Business,2023
15443,Consumer,2020
15444,Consumer,2024
15445,Consumer,2021
15446,Small Business,2023
15447,Small Business,2023
15448,Consumer,2020
15449,Consumer,2019
15450,Consumer,2025
15451,Consumer,2024
15452,Consumer,2019
15453,Consumer,2020
15454,Enterprise,2022
15455,Consumer,2025
15456,Consumer,2020
15457,Small Business,2022
15458,Consumer,2023
15459,Small Business,2025
15460,Consumer,2022
15461,Consumer,2021
15462,Consumer,2020
15463,Consumer,2022
15464,Consumer,2022
15465,Consumer,2025
15466,Consumer,2022
15467,Consumer,2024
15468,Consumer,2021
15469,Consumer,2022
15470,Small Business,2019
15471,Consumer,2022
15472,Consumer,2020
15473,Consumer,2021
15474,Consumer,2025
15475,Consumer,2023
15476,Small Business,2020
15477,Consumer,2022
15478,Consumer,2022
15479,Consumer,2024
15480,Consumer,2021
15481,Small Business,2023
15482,Consumer,2024
15483,Consumer,2024
15484,Enterprise,2023
15485,Consumer,2019
15486,Small Business,2024
15487,Consumer,2025
15488,Consumer,2023
15489,Consumer,2023
15490,Consumer,2022
15491,Consumer,2019
15492,Consumer,2025
15493,Consumer,2021
15494,Consumer,2023
15495,Consumer,2022
15496,Consumer,2023
15497,Consumer,2019
15498,Small Business,2023
15499,Consumer,2022
15500,Enterprise,2022
15501,Consumer,2024
15502,Consumer,2023
15503,Consumer,2024
15504,Consumer,2023
15505,Consumer,2024
15506,Consumer,2025
15507,Small Business,2024
15508,Consumer,2025
15509,Consumer,2022
15510,Consumer,2022
15511,Consumer,2019
15512,Enterprise,2023
15513,Consumer,2023
15514,Consumer,2021
15515,Consumer,2019
15516,Consumer,2024
15517,Enterprise,2019
15518,Consumer,2023
15519,Small Business,2025
15520,Consumer,2025
15521,Consumer,2020
15522,Consumer,2023
15523,Consumer,2025
15524,Consumer,2023
15525,Consumer,2021
15526,Enterprise,2019
15527,Small Business,2022
15528,Consumer,2023
15529,Consumer,2020
15530,Consumer,2021
15531,Consumer,2021
15532,Consumer,2022
15533,Consumer,2019
15534,Consumer,2021
15535,Consumer,2024
15536,Consumer,2021
15537,Consumer,2024
15538,Consumer,2024
15539,Consumer,2025
15540,Enterprise,2022
15541,Consumer,2021
15542,Small Business,2020
15543,Enterprise,2022
15544,Consumer,2024
15545,Enterprise,2024
15546,Enterprise,2019
15547,Small Business,2025
15548,Enterprise,2021
15549,Consumer,2020
15550,Consumer,2021
15551,Small Business,2021
15552,Small Business,2020
15553,Consumer,2021
15554,Consumer,2024
15555,Consumer,2019
15556,Small Business,2023
15557,Consumer,2025
15558,Consumer,2023
15559,Consumer,2022
15560,Consumer,2023
15561,Enterprise,2022
15562,Consumer,2021
15563,Consumer,2024
15564,Consumer,2023
15565,Small Business,2019
15566,Consumer,2024
15567,Consumer,2020
15568,Consumer,2022
15569,Small Business,2020
15570,Small Business,2022
15571,Consumer,2020
15572,Consumer,2020
15573,Enterprise,2025
15574,Consumer,2019
15575,Consumer,2021
15576,Enterprise,2019
15577,Small Business,2020
15578,Small Business,2023
15579,Small Business,2022
15580,Consumer,2021
15581,Consumer,2019
15582,Consumer,2023
15583,Consumer,2020
15584,Consumer,2022
15585,Consumer,2019
15586,Enterprise,2022
15587,Consumer,2025
15588,Small Business,2023
15589,Consumer,2022
15590,Consumer,2020
15591,Consumer,2020
15592,Consumer,2025
15593,Consumer,2025
15594,Consumer,2021
15595,Consumer,2023
15596,Consumer,2024
15597,Consumer,2021
15598,Consumer,2020
15599,Consumer,2021
15600,Consumer,2022
15601,Consumer,2021
15602,Consumer,2022
15603,Consumer,2020
15604,Small Business,2021
15605,Small Business,2020
15606,Consumer,2021
15607,Consumer,2020
15608,Consumer,2022
15609,Consumer,2025
15610,Consumer,2024
15611,Consumer,2023
15612,Enterprise,2022
15613,Consumer,2021
15614,Consumer,2019
15615,Enterprise,2023
15616,Consumer,2020
15617,Consumer,2019
15618,Consumer,2025
15619,Consumer,2020
15620,Enterprise,2019
15621,Consumer,2023
15622,Consumer,2023
15623,Consumer,2020
15624,Consumer,2020
15625,Consumer,2019
15626,Consumer,2022
15627,Consumer,2021
15628,Consumer,2021
15629,Small Business,2025
15630,Small Business,2025
15631,Small Business,2025
15632,Consumer,2022
15633,Small Business,2025
15634,Small Business,2020
15635,Consumer,2024
15636,Consumer,2023
15637,Consumer,2023
15638,Enterprise,2019
15639,Small Business,2020
15640,Small Business,2025
15641,Consumer,2020
15642,Enterprise,2021
15643,Consumer,2023
15644,Consumer,2025
15645,Consumer,2021
15646,Small Business,2024
15647,Small Business,2023
15648,Consumer,2020
15649,Consumer,2022
15650,Consumer,2025
15651,Consumer,2025
15652,Small Business,2025
15653,Consumer,2019
15654,Consumer,2024
15655,Consumer,2022
15656,Consumer,2022
15657,Small Business,2021
15658,Consumer,2023
15659,Consumer,2022
15660,Enterprise,2019
15661,Consumer,2021
15662,Consumer,2025
15663,Consumer,2019
15664,Enterprise,2020
15665,Consumer,2019
15666,Consumer,2024
15667,Consumer,2024
15668,Consumer,2024
15669,Consumer,2019
15670,Consumer,2025
15671,Consumer,2025
15672,Consumer,2024
15673,Consumer,2025
15674,Consumer,2024
15675,Consumer,2019
15676,Small Business,2023
15677,Consumer,2025
15678,Small Business,2023
15679,Small Business,2025
15680,Enterprise,2019
15681,Consumer,2023
15682,Consumer,2025
15683,Consumer,2022
15684,Consumer,2022
15685,Consumer,2021
15686,Consumer,2024
15687,Consumer,2025
15688,Small Business,2021
15689,Consumer,2022
15690,Small Business,2022
15691,Small Business,2023
15692,Consumer,2022
15693,Consumer,2024
15694,Consumer,2025
15695,Small Business,2021
15696,Small Business,2020
15697,Consumer,2022
15698,Consumer,2022
15699,Consumer,2021
15700,Small Business,2020
15701,Small Business,2019
15702,Small Business,2022
15703,Consumer,2024
15704,Consumer,2022
15705,Consumer,2024
15706,Consumer,2019
15707,Consumer,2025
15708,Small Business,2023
15709,Enterprise,2023
15710,Consumer,2024
15711,Consumer,2025
15712,Consumer,2024
15713,Enterprise,2022
15714,Small Business,2024
15715,Consumer,2021
15716,Consumer,2019
15717,Consumer,2025
15718,Consumer,2023
15719,Consumer,2024
15720,Consumer,2023
15721,Consumer,2021
15722,Consumer,2024
15723,Consumer,2021
15724,Small Business,2023
15725,Consumer,2024
15726,Consumer,2023
15727,Enterprise,2022
15728,Consumer,2024
15729,Consumer,2019
15730,Consumer,2024
15731,Small Business,2022
15732,Consumer,2022
15733,Consumer,2020
15734,Consumer,2020
15735,Consumer,2021
15736,Consumer,2024
15737,Consumer,2019
15738,Consumer,2023
15739,Consumer,2025
15740,Consumer,2023
15741,Consumer,2021
15742,Consumer,2021
15743,Consumer,2021
15744,Small Business,2020
15745,Consumer,2023
15746,Consumer,2024
15747,Enterprise,2022
15748,Small Business,2019
15749,Consumer,2025
15750,Small Business,2021
15751,Consumer,2022
15752,Small Business,2022
15753,Consumer,2023
15754,Consumer,2019
15755,Enterprise,2020
15756,Consumer,2023
15757,Small Business,2021
15758,Consumer,2019
15759,Consumer,2025
15760,Enterprise,2020
15761,Consumer,2020
15762,Small Business,2025
15763,Small Business,2020
15764,Consumer,2022
15765,Consumer,2022
15766,Consumer,2025
15767,Consumer,2025
15768,Consumer,2022
15769,Consumer,2019
15770,Small Business,2024
15771,Consumer,2023
15772,Consumer,2019
15773,Consumer,2019
15774,Consumer,2021
15775,Consumer,2024
15776,Consumer,2020
15777,Consumer,2025
15778,Consumer,2019
15779,Small Business,2022
15780,Small Business,2025
15781,Consumer,2023
15782,Small Business,2022
15783,Enterprise,2021
15784,Consumer,2023
15785,Enterprise,2020
15786,Consumer,2022
15787,Consumer,2019
15788,Consumer,2020
15789,Small Business,2024
15790,Small Business,2025
15791,Enterprise,2021
15792,Enterprise,2023
15793,Consumer,2022
15794,Consumer,2019
15795,Consumer,2025
15796,Consumer,2022
15797,Consumer,2019
15798,Small Business,2019
15799,Consumer,2020
15800,Consumer,2023
15801,Enterprise,2021
15802,Small Business,2022
15803,Consumer,2020
15804,Consumer,2025
15805,Small Business,2025
15806,Consumer,2025
15807,Consumer,2023
15808,Consumer,2019
15809,Consumer,2019
15810,Consumer,2019
15811,Consumer,2022
15812,Consumer,2025
15813,Consumer,2024
15814,Consumer,2022
15815,Consumer,2024
15816,Consumer,2022
15817,Consumer,2023
15818,Enterprise,2022
15819,Consumer,2023
15820,Consumer,2022
15821,Consumer,2024
15822,Consumer,2023
15823,Consumer,2020
15824,Consumer,2025
15825,Small Business,2022
15826,Small Business,2023
15827,Consumer,2022
15828,Consumer,2021
15829,Enterprise,2019
15830,Enterprise,2020
15831,Consumer,2025
15832,Small Business,2025
15833,Small Business,2020
15834,Enterprise,2023
15835,Consumer,2020
15836,Enterprise,2022
15837,Consumer,2023
15838,Consumer,2019
15839,Consumer,2025
15840,Consumer,2025
15841,Small Business,2025
15842,Consumer,2022
15843,Consumer,2024
15844,Consumer,2025
15845,Consumer,2020
15846,Consumer,2020
15847,Consumer,2024
15848,Consumer,2021
15849,Consumer,2020
15850,Consumer,2020
15851,Consumer,2023
15852,Consumer,2021
15853,Small Business,2021
15854,Small Business,2025
15855,Small Business,2025
15856,Consumer,2021
15857,Consumer,2020
15858,Small Business,2024
15859,Consumer,2024
15860,Consumer,2024
15861,Consumer,2020
15862,Consumer,2021
15863,Consumer,2019
15864,Consumer,2023
15865,Consumer,2019
15866,Consumer,2024
15867,Consumer,2021
15868,Small Business,2023
15869,Enterprise,2020
15870,Consumer,2020
15871,Consumer,2020
15872,Consumer,2025
15873,Consumer,2025
15874,Small Business,2022
15875,Consumer,2019
15876,Consumer,2025
15877,Small Business,2021
15878,Consumer,2023
15879,Consumer,2020
15880,Small Business,2022
15881,Consumer,2019
15882,Consumer,2022
15883,Small Business,2023
15884,Consumer,2025
15885,Consumer,2025
15886,Consumer,2025
15887,Consumer,2025
15888,Consumer,2021
15889,Consumer,2020
15890,Consumer,2020
15891,Consumer,2020
15892,Consumer,2019
15893,Small Business,2023
15894,Consumer,2021
15895,Consumer,2022
15896,Small Business,2021
15897,Consumer,2022
15898,Consumer,2021
15899,Consumer,2023
15900,Consumer,2020
15901,Enterprise,2025
15902,Consumer,2022
15903,Small Business,2023
15904,Consumer,2025
15905,Consumer,2019
15906,Consumer,2020
15907,Consumer,2022
15908,Consumer,2023
15909,Consumer,2022
15910,Consumer,2019
15911,Small Business,2023
15912,Small Business,2023
15913,Consumer,2019
15914,Enterprise,2025
15915,Consumer,2025
15916,Consumer,2020
15917,Consumer,2023
15918,Consumer,2024
15919,Consumer,2022
15920,Consumer,2019
15921,Small Business,2021
15922,Consumer,2021
15923,Small Business,2024
15924,Consumer,2019
15925,Consumer,2025
15926,Consumer,2021
15927,Consumer,2021
15928,Consumer,2021
15929,Small Business,2019
15930,Consumer,2023
15931,Consumer,2024
15932,Small Business,2021
15933,Consumer,2019
15934,Enterprise,2024
15935,Consumer,2023
15936,Consumer,2021
15937,Consumer,2023
15938,Consumer,2020
15939,Consumer,2023
15940,Consumer,2022
15941,Enterprise,2020
15942,Small Business,2023
15943,Consumer,2020
15944,Consumer,2025
15945,Consumer,2019
15946,Consumer,2024
15947,Consumer,2021
15948,Consumer,2022
15949,Consumer,2024
15950,Consumer,2025
15951,Small Business,2022
15952,Consumer,2021
15953,Small Business,2024
15954,Small Business,2025
15955,Consumer,2021
15956,Consumer,2021
15957,Consumer,2024
15958,Small Business,2020
15959,Consumer,2022
15960,Consumer,2021
15961,Consumer,2022
15962,Small Business,2023
15963,Consumer,2022
15964,Small Business,2022
15965,Consumer,2021
15966,Consumer,2019
15967,Consumer,2024
15968,Consumer,2021
15969,Consumer,2019
15970,Consumer,2022
15971,Small Business,2024
15972,Small Business,2023
15973,Consumer,2023
15974,Consumer,2025
15975,Consumer,2023
15976,Consumer,2025
15977,Small Business,2025
15978,Small Business,2022
15979,Small Business,2019
15980,Consumer,2022
15981,Consumer,2025
15982,Small Business,2023
15983,Consumer,2020
15984,Consumer,2024
15985,Consumer,2024
15986,Small Business,2024
15987,Consumer,2020
15988,Enterprise,2024
15989,Consumer,2025
15990,Consumer,2022
15991,Consumer,2023
15992,Small Business,2025
15993,Consumer,2024
15994,Enterprise,2023
15995,Consumer,2021
15996,Small Business,2020
15997,Small Business,2020
15998,Consumer,2023
15999,Small Business,2024
16000,Consumer,2021
16001,Small Business,2021
16002,Small Business,2020
16003,Consumer,2021
16004,Consumer,2023
16005,Enterprise,2019
16006,Enterprise,2023
16007,Consumer,2019
16008,Enterprise,2025
16009,Consumer,2024
16010,Consumer,2025
16011,Consumer,2021
16012,Consumer,2021
16013,Consumer,2022
16014,Consumer,2020
16015,Consumer,2024
16016,Consumer,2019
16017,Small Business,2024
16018,Small Business,2025
16019,Enterprise,2020
16020,Consumer,2021
16021,Small Business,2019
16022,Consumer,2021
16023,Consumer,2020
16024,Small Business,2023
16025,Consumer,2024
16026,Small Business,2019
16027,Consumer,2020
16028,Consumer,2023
16029,Consumer,2022
16030,Consumer,2025
16031,Consumer,2024
16032,Consumer,2024
16033,Consumer,2025
16034,Small Business,2021
16035,Consumer,2023
16036,Consumer,2019
16037,Consumer,2019
16038,Consumer,2020
16039,Consumer,2021
16040,Consumer,2020
16041,Small Business,2023
16042,Consumer,2021
16043,Small Business,2023
16044,Consumer,2019
16045,Consumer,2021
16046,Consumer,2023
16047,Consumer,2025
16048,Consumer,2021
16049,Consumer,2022
16050,Consumer,2022
16051,Consumer,2019
16052,Consumer,2020
16053,Small Business,2021
16054,Small Business,2022
16055,Consumer,2020
16056,Consumer,2023
16057,Consumer,2022
16058,Small Business,2019
16059,Consumer,2021
16060,Consumer,2022
16061,Enterprise,2020
16062,Consumer,2023
16063,Consumer,2024
16064,Small Business,2023
16065,Small Business,2023
16066,Consumer,2025
16067,Consumer,2022
16068,Consumer,2024
16069,Consumer,2021
16070,Consumer,2024
16071,Consumer,2023
16072,Consumer,2025
16073,Small Business,2019
16074,Enterprise,2025
16075,Small Business,2020
16076,Consumer,2024
16077,Consumer,2021
16078,Consumer,2023
16079,Consumer,2021
16080,Consumer,2024
16081,Small Business,2024
16082,Consumer,2021
16083,Consumer,2019
16084,Consumer,2025
16085,Enterprise,2025
16086,Consumer,2020
16087,Consumer,2021
16088,Consumer,2020
16089,Small Business,2020
16090,Consumer,2020
16091,Consumer,2024
16092,Small Business,2024
16093,Consumer,2023
16094,Consumer,2022
16095,Small Business,2025
16096,Consumer,2024
16097,Consumer,2019
16098,Consumer,2022
16099,Consumer,2020
16100,Consumer,2021
16101,Small Business,2021
16102,Small Business,2025
16103,Consumer,2024
16104,Small Business,2022
16105,Enterprise,2024
16106,Consumer,2023
16107,Small Business,2022
16108,Enterprise,2025
16109,Small Business,2023
16110,Consumer,2020
16111,Small Business,2021
16112,Consumer,2021
16113,Consumer,2024
16114,Consumer,2020
16115,Consumer,2022
16116,Consumer,2022
16117,Consumer,2025
16118,Consumer,2024
16119,Small Business,2020
16120,Consumer,2019
16121,Consumer,2019
16122,Consumer,2019
16123,Consumer,2021
16124,Consumer,2024
16125,Consumer,2023
16126,Consumer,2023
16127,Enterprise,2022
16128,Consumer,2021
16129,Consumer,2024
16130,Small Business,2021
16131,Consumer,2023
16132,Consumer,2020
16133,Consumer,2021
16134,Consumer,2019
16135,Consumer,2023
16136,Small Business,2022
16137,Consumer,2021
16138,Small Business,2023
16139,Consumer,2019
16140,Small Business,2025
16141,Consumer,2019
16142,Consumer,2022
16143,Consumer,2020
16144,Consumer,2020
16145,Consumer,2020
16146,Consumer,2021
16147,Consumer,2023
16148,Consumer,2024
16149,Consumer,2025
16150,Consumer,2023
16151,Consumer,2022
16152,Consumer,2024
16153,Consumer,2024
16154,Consumer,2021
16155,Consumer,2021
16156,Consumer,2019
16157,Enterprise,2019
16158,Small Business,2025
16159,Consumer,2025
16160,Consumer,2021
16161,Consumer,2025
16162,Consumer,2019
16163,Consumer,2025
16164,Consumer,2023
16165,Consumer,2022
16166,Consumer,2024
16167,Consumer,2020
16168,Consumer,2022
16169,Small Business,2020
16170,Enterprise,2023
16171,Consumer,2021
16172,Small Business,2021
16173,Small Business,2024
16174,Consumer,2024
16175,Consumer,2025
16176,Small Business,2024
16177,Consumer,2020
16178,Consumer,2024
16179,Consumer,2023
16180,Consumer,2019
16181,Consumer,2020
16182,Enterprise,2022
16183,Consumer,2021
16184,Consumer,2024
16185,Consumer,2024
16186,Consumer,2020
16187,Small Business,2019
16188,Consumer,2020
16189,Consumer,2025
16190,Consumer,2025
16191,Enterprise,2022
16192,Small Business,2024
16193,Consumer,2022
16194,Consumer,2025
16195,Consumer,2020
16196,Small Business,2022
16197,Small Business,2020
16198,Consumer,2019
16199,Small Business,2020
16200,Consumer,2019
16201,Consumer,2025
16202,Consumer,2023
16203,Consumer,2022
16204,Consumer,2024
16205,Consumer,2022
16206,Small Business,2021
16207,Enterprise,2022
16208,Consumer,2021
16209,Consumer,2021
16210,Small Business,2024
16211,Consumer,2025
16212,Small Business,2020
16213,Consumer,2024
16214,Consumer,2019
16215,Small Business,2024
16216,Consumer,2025
16217,Consumer,2024
16218,Consumer,2022
16219,Small Business,2025
16220,Small Business,2024
16221,Consumer,2024
16222,Consumer,2025
16223,Consumer,2022
16224,Consumer,2024
16225,Consumer,2025
16226,Consumer,2022
16227,Consumer,2024
16228,Consumer,2023
16229,Consumer,2025
16230,Consumer,2023
16231,Consumer,2024
16232,Consumer,2025
16233,Consumer,2019
16234,Consumer,2019
16235,Consumer,2021
16236,Consumer,2023
16237,Consumer,2022
16238,Consumer,2025
16239,Consumer,2019
16240,Consumer,2021
16241,Consumer,2020
16242,Consumer,2023
16243,Consumer,2020
16244,Consumer,2020
16245,Small Business,2023
16246,Consumer,2019
16247,Small Business,2025
16248,Consumer,2019
16249,Small Business,2021
16250,Small Business,2022
16251,Consumer,2019
16252,Consumer,2019
16253,Consumer,2025
16254,Consumer,2023
16255,Consumer,2019
16256,Enterprise,2021
16257,Consumer,2021
16258,Enterprise,2019
16259,Small Business,2022
16260,Small Business,2020
16261,Small Business,2023
16262,Consumer,2024
16263,Small Business,2021
16264,Consumer,2021
16265,Consumer,2023
16266,Consumer,2024
16267,Consumer,2021
16268,Enterprise,2024
16269,Consumer,2021
16270,Consumer,2024
16271,Consumer,2021
16272,Consumer,2023
16273,Consumer,2025
16274,Consumer,2024
16275,Consumer,2021
16276,Consumer,2022
16277,Consumer,2020
16278,Consumer,2022
16279,Consumer,2023
16280,Small Business,2019
16281,Small Business,2021
16282,Small Business,2025
16283,Consumer,2025
16284,Consumer,2024
16285,Small Business,2024
16286,Enterprise,2023
16287,Consumer,2022
16288,Consumer,2023
16289,Consumer,2020
16290,Consumer,2023
16291,Enterprise,2022
16292,Small Business,2019
16293,Enterprise,2020
16294,Consumer,2021
16295,Consumer,2023
16296,Small Business,2021
16297,Consumer,2020
16298,Consumer,2024
16299,Consumer,2022
16300,Consumer,2023
16301,Consumer,2021
16302,Small Business,2021
16303,Consumer,2023
16304,Consumer,2021
16305,Consumer,2025
16306,Consumer,2024
16307,Consumer,2025
16308,Consumer,2024
16309,Small Business,2019
16310,Consumer,2024
16311,Consumer,2020
16312,Consumer,2021
16313,Consumer,2021
16314,Consumer,2022
16315,Consumer,2024
16316,Consumer,2023
16317,Consumer,2022
16318,Consumer,2020
16319,Consumer,2024
16320,Consumer,2021
16321,Consumer,2023
16322,Consumer,2022
16323,Consumer,2023
16324,Small Business,2023
16325,Consumer,2022
16326,Small Business,2022
16327,Consumer,2023
16328,Consumer,2020
16329,Consumer,2025
16330,Consumer,2021
16331,Small Business,2025
16332,Small Business,2022
16333,Small Business,2019
16334,Consumer,2023
16335,Small Business,2022
16336,Consumer,2024
16337,Small Business,2024
16338,Consumer,2020
16339,Small Business,2024
16340,Consumer,2022
16341,Consumer,2022
16342,Enterprise,2021
16343,Consumer,2023
16344,Small Business,2023
16345,Consumer,2025
16346,Consumer,2025
16347,Consumer,2020
16348,Consumer,2022
16349,Small Business,2025
16350,Consumer,2024
16351,Consumer,2022
16352,Consumer,2019
16353,Consumer,2020
16354,Small Business,2025
16355,Small Business,2023
16356,Consumer,2024
16357,Consumer,2024
16358,Consumer,2019
16359,Consumer,2023
16360,Small Business,2023
16361,Consumer,2019
16362,Consumer,2022
16363,Consumer,2020
16364,Consumer,2025
16365,Small Business,2020
16366,Consumer,2021
16367,Consumer,2025
16368,Consumer,2023
16369,Consumer,2025
16370,Consumer,2022
16371,Small Business,2020
16372,Consumer,2020
16373,Consumer,2020
16374,Consumer,2024
16375,Small Business,2019
16376,Consumer,2024
16377,Consumer,2022
16378,Small Business,2022
16379,Consumer,2024
16380,Small Business,2025
16381,Small Business,2020
16382,Small Business,2025
16383,Consumer,2025
16384,Consumer,2024
16385,Small Business,2019
16386,Consumer,2020
16387,Consumer,2019
16388,Consumer,2025
16389,Consumer,2025
16390,Consumer,2021
16391,Enterprise,2022
16392,Consumer,2022
16393,Consumer,2021
16394,Enterprise,2025
16395,Consumer,2025
16396,Consumer,2020
16397,Consumer,2022
16398,Consumer,2020
16399,Consumer,2019
16400,Consumer,2024
16401,Consumer,2025
16402,Consumer,2019
16403,Consumer,2022
16404,Consumer,2020
16405,Consumer,2022
16406,Consumer,2021
16407,Consumer,2022
16408,Small Business,2024
16409,Consumer,2019
16410,Small Business,2022
16411,Consumer,2021
16412,Consumer,2021
16413,Consumer,2025
16414,Consumer,2025
16415,Consumer,2023
16416,Small Business,2024
16417,Small Business,2021
16418,Enterprise,2023
16419,Small Business,2022
16420,Consumer,2021
16421,Consumer,2024
16422,Consumer,2025
16423,Consumer,2021
16424,Small Business,2020
16425,Consumer,2021
16426,Consumer,2025
16427,Consumer,2024
16428,Small Business,2020
16429,Consumer,2023
16430,Small Business,2024
16431,Consumer,2021
16432,Consumer,2025
16433,Consumer,2025
16434,Small Business,2020
16435,Small Business,2023
16436,Consumer,2020
16437,Consumer,2023
16438,Consumer,2019
16439,Consumer,2023
16440,Consumer,2021
16441,Consumer,2022
16442,Consumer,2022
16443,Small Business,2025
16444,Small Business,2019
16445,Small Business,2023
16446,Enterprise,2020
16447,Enterprise,2023
16448,Consumer,2021
16449,Consumer,2020
16450,Consumer,2020
16451,Small Business,2019
16452,Consumer,2024
16453,Consumer,2025
16454,Consumer,2021
16455,Consumer,2021
16456,Consumer,2019
16457,Small Business,2020
16458,Consumer,2020
16459,Small Business,2025
16460,Consumer,2021
16461,Small Business,2024
16462,Consumer,2020
16463,Consumer,2020
16464,Enterprise,2020
16465,Small Business,2020
16466,Small Business,2020
16467,Small Business,2021
16468,Consumer,2021
16469,Consumer,2020
16470,Consumer,2022
16471,Small Business,2021
16472,Small Business,2023
16473,Enterprise,2023
16474,Small Business,2025
16475,Consumer,2023
16476,Consumer,2023
16477,Consumer,2024
16478,Consumer,2020
16479,Small Business,2025
16480,Consumer,2022
16481,Small Business,2023
16482,Consumer,2024
16483,Consumer,2020
16484,Small Business,2022
16485,Consumer,2020
16486,Small Business,2020
16487,Consumer,2025
16488,Consumer,2024
16489,Consumer,2020
16490,Consumer,2020
16491,Small Business,2019
16492,Enterprise,2021
16493,Small Business,2020
16494,Consumer,2024
16495,Enterprise,2021
16496,Consumer,2025
16497,Consumer,2022
16498,Small Business,2025
16499,Small Business,2019
16500,Enterprise,2025
16501,Small Business,2021
16502,Consumer,2021
16503,Consumer,2023
16504,Consumer,2022
16505,Consumer,2021
16506,Consumer,2020
16507,Consumer,2021
16508,Consumer,2022
16509,Consumer,2019
16510,Small Business,2024
16511,Consumer,2020
16512,Consumer,2019
16513,Consumer,2021
16514,Consumer,2021
16515,Consumer,2021
16516,Consumer,2025
16517,Enterprise,2023
16518,Small Business,2020
16519,Consumer,2022
16520,Consumer,2021
16521,Consumer,2025
16522,Consumer,2025
16523,Consumer,2023
16524,Enterprise,2021
16525,Consumer,2019
16526,Consumer,2024
16527,Small Business,2019
16528,Consumer,2021
16529,Consumer,2022
16530,Consumer,2020
16531,Consumer,2024
16532,Consumer,2020
16533,Enterprise,2024
16534,Consumer,2019
16535,Small Business,2021
16536,Consumer,2021
16537,Small Business,2025
16538,Consumer,2023
16539,Consumer,2025
16540,Consumer,2022
16541,Consumer,2025
16542,Consumer,2021
16543,Consumer,2019
16544,Small Business,2020
16545,Consumer,2021
16546,Consumer,2023
16547,Small Business,2020
16548,Consumer,2020
16549,Consumer,2023
16550,Small Business,2019
16551,Small Business,2025
16552,Consumer,2025
16553,Consumer,2024
16554,Consumer,2025
16555,Consumer,2020
16556,Small Business,2020
16557,Enterprise,2025
16558,Consumer,2020
16559,Consumer,2023
16560,Small Business,2023
16561,Consumer,2021
16562,Small Business,2021
16563,Consumer,2022
16564,Consumer,2025
16565,Consumer,2022
16566,Enterprise,2021
16567,Consumer,2023
16568,Small Business,2019
16569,Consumer,2021
16570,Consumer,2022
16571,Consumer,2023
16572,Consumer,2019
16573,Consumer,2021
16574,Consumer,2022
16575,Consumer,2019
16576,Consumer,2023
16577,Small Business,2024
16578,Small Business,2025
16579,Consumer,2023
16580,Consumer,2021
16581,Enterprise,2023
16582,Consumer,2023
16583,Small Business,2019
16584,Consumer,2019
16585,Small Business,2025
16586,Consumer,2025
16587,Consumer,2021
16588,Consumer,2021
16589,Consumer,2019
16590,Consumer,2020
16591,Enterprise,2019
16592,Consumer,2019
16593,Consumer,2024
16594,Consumer,2024
16595,Consumer,2024
16596,Consumer,2019
16597,Consumer,2021
16598,Small Business,2023
16599,Small Business,2022
16600,Consumer,2021
16601,Small Business,2021
16602,Consumer,2023
16603,Consumer,2024
16604,Small Business,2025
16605,Small Business,2023
16606,Consumer,2020
16607,Consumer,2025
16608,Consumer,2023
16609,Consumer,2024
16610,Consumer,2021
16611,Consumer,2022
16612,Small Business,2022
16613,Consumer,2024
16614,Consumer,2019
16615,Small Business,2022
16616,Small Business,2020
16617,Consumer,2020
16618,Consumer,2024
16619,Small Business,2022
16620,Enterprise,2021
16621,Consumer,2023
16622,Consumer,2019
16623,Small Business,2025
16624,Enterprise,2021
16625,Consumer,2019
16626,Consumer,2023
16627,Small Business,2024
16628,Consumer,2025
16629,Consumer,2024
16630,Consumer,2024
16631,Consumer,2021
16632,Small Business,2024
16633,Consumer,2019
16634,Small Business,2025
16635,Consumer,2024
16636,Small Business,2023
16637,Consumer,2025
16638,Consumer,2022
16639,Enterprise,2021
16640,Small Business,2022
16641,Consumer,2019
16642,Consumer,2025
16643,Consumer,2022
16644,Enterprise,2019
16645,Consumer,2023
16646,Enterprise,2022
16647,Consumer,2025
16648,Consumer,2024
16649,Consumer,2020
16650,Consumer,2019
16651,Small Business,2022
16652,Consumer,2024
16653,Enterprise,2024
16654,Consumer,2024
16655,Consumer,2024
16656,Small Business,2022
16657,Consumer,2024
16658,Consumer,2024
16659,Consumer,2019
16660,Consumer,2019
16661,Small Business,2020
16662,Consumer,2025
16663,Consumer,2025
16664,Consumer,2019
16665,Consumer,2025
16666,Small Business,2019
16667,Small Business,2024
16668,Consumer,2022
16669,Consumer,2023
16670,Consumer,2024
16671,Small Business,2025
16672,Consumer,2023
16673,Consumer,2022
16674,Consumer,2022
16675,Enterprise,2025
16676,Consumer,2024
16677,Consumer,2023
16678,Small Business,2023
16679,Enterprise,2021
16680,Consumer,2024
16681,Small Business,2024
16682,Consumer,2019
16683,Consumer,2024
16684,Consumer,2025
16685,Consumer,2024
16686,Consumer,2025
16687,Consumer,2024
16688,Consumer,2025
16689,Small Business,2023
16690,Consumer,2021
16691,Consumer,2022
16692,Consumer,2025
16693,Consumer,2023
16694,Consumer,2019
16695,Consumer,2021
16696,Consumer,2019
16697,Consumer,2025
16698,Small Business,2021
16699,Small Business,2019
16700,Consumer,2025
16701,Small Business,2024
16702,Consumer,2025
16703,Small Business,2021
16704,Consumer,2022
16705,Consumer,2022
16706,Consumer,2024
16707,Consumer,2024
16708,Enterprise,2022
16709,Consumer,2022
16710,Consumer,2019
16711,Consumer,2020
16712,Consumer,2023
16713,Consumer,2022
16714,Consumer,2020
16715,Consumer,2019
16716,Small Business,2023
16717,Consumer,2025
16718,Consumer,2020
16719,Consumer,2022
16720,Small Business,2020
16721,Small Business,2024
16722,Consumer,2023
16723,Consumer,2021
16724,Consumer,2022
16725,Consumer,2022
16726,Small Business,2024
16727,Small Business,2022
16728,Consumer,2023
16729,Small Business,2022
16730,Small Business,2021
16731,Small Business,2023
16732,Small Business,2024
16733,Consumer,2025
16734,Enterprise,2019
16735,Consumer,2025
16736,Consumer,2024
16737,Consumer,2020
16738,Small Business,2021
16739,Consumer,2023
16740,Consumer,2021
16741,Small Business,2021
16742,Consumer,2022
16743,Consumer,2023
16744,Consumer,2025
16745,Consumer,2024
16746,Consumer,2020
16747,Consumer,2020
16748,Consumer,2025
16749,Enterprise,2025
16750,Small Business,2023
16751,Consumer,2023
16752,Small Business,2020
16753,Small Business,2023
16754,Small Business,2023
16755,Consumer,2021
16756,Consumer,2024
16757,Consumer,2021
16758,Consumer,2022
16759,Consumer,2019
16760,Consumer,2019
16761,Consumer,2023
16762,Consumer,2024
16763,Consumer,2022
16764,Consumer,2024
16765,Small Business,2024
16766,Consumer,2024
16767,Consumer,2024
16768,Consumer,2024
16769,Consumer,2024
16770,Small Business,2021
16771,Consumer,2021
16772,Small Business,2022
16773,Enterprise,2022
16774,Consumer,2023
16775,Consumer,2022
16776,Consumer,2020
16777,Consumer,2021
16778,Consumer,2023
16779,Consumer,2019
16780,Consumer,2019
16781,Consumer,2025
16782,Consumer,2024
16783,Consumer,2023
16784,Consumer,2019
16785,Small Business,2020
16786,Consumer,2024
16787,Consumer,2024
16788,Consumer,2020
16789,Small Business,2019
16790,Small Business,2025
16791,Consumer,2024
16792,Consumer,2023
16793,Consumer,2025
16794,Consumer,2022
16795,Consumer,2019
16796,Consumer,2019
16797,Enterprise,2025
16798,Consumer,2023
16799,Consumer,2024
16800,Consumer,2021
16801,Consumer,2019
16802,Small Business,2024
16803,Enterprise,2024
16804,Consumer,2024
16805,Small Business,2022
16806,Consumer,2023
16807,Consumer,2021
16808,Consumer,2020
16809,Consumer,2019
16810,Consumer,2020
16811,Consumer,2022
16812,Consumer,2022
16813,Enterprise,2022
16814,Consumer,2022
16815,Consumer,2020
16816,Enterprise,2023
16817,Consumer,2022
16818,Consumer,2022
16819,Consumer,2023
16820,Consumer,2022
16821,Consumer,2022
16822,Consumer,2022
16823,Consumer,2021
16824,Consumer,2022
16825,Small Business,2023
16826,Small Business,2025
16827,Consumer,2019
16828,Enterprise,2020
16829,Small Business,2019
16830,Small Business,2019
16831,Consumer,2024
16832,Consumer,2020
16833,Consumer,2021
16834,Small Business,2021
16835,Consumer,2025
16836,Small Business,2023
16837,Small Business,2019
16838,Consumer,2024
16839,Consumer,2025
16840,Enterprise,2023
16841,Consumer,2022
16842,Consumer,2025
16843,Enterprise,2019
16844,Consumer,2019
16845,Consumer,2024
16846,Consumer,2020
16847,Small Business,2019
16848,Consumer,2019
16849,Consumer,2022
16850,Consumer,2023
16851,Consumer,2022
16852,Consumer,2021
16853,Consumer,2020
16854,Small Business,2021
16855,Consumer,2025
16856,Small Business,2021
16857,Small Business,2021
16858,Consumer,2025
16859,Consumer,2019
16860,Consumer,2019
16861,Consumer,2025
16862,Consumer,2021
16863,Consumer,2020
16864,Consumer,2022
16865,Consumer,2019
16866,Consumer,2021
16867,Consumer,2019
16868,Consumer,2023
16869,Consumer,2024
16870,Consumer,2023
16871,Consumer,2020
16872,Consumer,2024
16873,Consumer,2023
16874,Consumer,2024
16875,Consumer,2025
16876,Enterprise,2021
16877,Consumer,2025
16878,Consumer,2025
16879,Consumer,2023
16880,Small Business,2023
16881,Enterprise,2022
16882,Consumer,2025
16883,Consumer,2019
16884,Consumer,2022
16885,Small Business,2019
16886,Consumer,2019
16887,Small Business,2025
16888,Consumer,2023
16889,Consumer,2022
16890,Consumer,2025
16891,Consumer,2019
16892,Consumer,2025
16893,Small Business,2022
16894,Consumer,2020
16895,Consumer,2021
16896,Small Business,2022
16897,Small Business,2024
16898,Small Business,2025
16899,Small Business,2019
16900,Consumer,2021
16901,Small Business,2021
16902,Consumer,2022
16903,Small Business,2022
16904,Small Business,2025
16905,Consumer,2020
16906,Consumer,2022
16907,Small Business,2020
16908,Consumer,2020
16909,Consumer,2021
16910,Enterprise,2019
16911,Consumer,2024
16912,Consumer,2022
16913,Consumer,2022
16914,Consumer,2022
16915,Consumer,2022
16916,Small Business,2025
16917,Consumer,2023
16918,Small Business,2024
16919,Small Business,2024
16920,Consumer,2019
16921,Small Business,2024
16922,Small Business,2024
16923,Consumer,2023
16924,Consumer,2019
16925,Consumer,2019
16926,Consumer,2019
16927,Consumer,2023
16928,Consumer,2022
16929,Small Business,2021
16930,Small Business,2022
16931,Small Business,2022
16932,Enterprise,2021
16933,Consumer,2024
16934,Consumer,2022
16935,Consumer,2022
16936,Consumer,2025
16937,Consumer,2025
16938,Small Business,2023
16939,Consumer,2025
16940,Consumer,2021
16941,Consumer,2021
16942,Consumer,2025
16943,Consumer,2025
16944,Consumer,2020
16945,Small Business,2019
16946,Small Business,2020
16947,Consumer,2024
16948,Consumer,2020
16949,Consumer,2025
16950,Consumer,2020
16951,Consumer,2020
16952,Consumer,2019
16953,Consumer,2025
16954,Consumer,2021
16955,Consumer,2024
16956,Small Business,2022
16957,Consumer,2020
16958,Consumer,2020
16959,Consumer,2019
16960,Small Business,2019
16961,Consumer,2024
16962,Consumer,2023
16963,Consumer,2020
16964,Consumer,2021
16965,Small Business,2020
16966,Consumer,2023
16967,Consumer,2019
16968,Consumer,2020
16969,Consumer,2023
16970,Consumer,2024
16971,Consumer,2025
16972,Consumer,2025
16973,Enterprise,2023
16974,Consumer,2020
16975,Consumer,2024
16976,Small Business,2023
16977,Small Business,2025
16978,Consumer,2024
16979,Consumer,2024
16980,Consumer,2022
16981,Small Business,2024
16982,Consumer,2021
16983,Enterprise,2019
16984,Consumer,2020
16985,Consumer,2022
16986,Consumer,2023
16987,Consumer,2022
16988,Consumer,2022
16989,Small Business,2020
16990,Consumer,2024
16991,Enterprise,2020
16992,Consumer,2019
16993,Consumer,2020
16994,Consumer,2019
16995,Consumer,2025
16996,Consumer,2021
16997,Small Business,2024
16998,Consumer,2022
16999,Consumer,2025
17000,Consumer,2023
17001,Consumer,2020
17002,Consumer,2019
17003,Consumer,2020
17004,Consumer,2023
17005,Small Business,2019
17006,Consumer,2024
17007,Consumer,2021
17008,Consumer,2025
17009,Consumer,2019
17010,Small Business,2025
17011,Small Business,2025
17012,Small Business,2022
17013,Small Business,2022
17014,Consumer,2025
17015,Consumer,2024
17016,Consumer,2022
17017,Small Business,2021
17018,Small Business,2019
17019,Consumer,2025
17020,Consumer,2025
17021,Consumer,2025
17022,Enterprise,2019
17023,Consumer,2022
17024,Consumer,2021
17025,Consumer,2022
17026,Consumer,2019
17027,Consumer,2022
17028,Consumer,2022
17029,Small Business,2020
17030,Consumer,2022
17031,Small Business,2022
17032,Consumer,2023
17033,Consumer,2020
17034,Consumer,2019
17035,Consumer,2021
17036,Consumer,2019
17037,Consumer,2023
17038,Consumer,2020
17039,Consumer,2021
17040,Small Business,2019
17041,Consumer,2022
17042,Consumer,2019
17043,Consumer,2022
17044,Consumer,2020
17045,Small Business,2023
17046,Consumer,2025
17047,Enterprise,2022
17048,Small Business,2024
17049,Consumer,2020
17050,Consumer,2021
17051,Consumer,2024
17052,Small Business,2021
17053,Consumer,2025
17054,Consumer,2025
17055,Consumer,2024
17056,Small Business,2023
17057,Consumer,2021
17058,Consumer,2024
17059,Consumer,2025
17060,Small Business,2025
17061,Enterprise,2021
17062,Consumer,2020
17063,Consumer,2025
17064,Consumer,2019
17065,Consumer,2024
17066,Consumer,2020
17067,Consumer,2024
17068,Small Business,2023
17069,Consumer,2019
17070,Consumer,2025
17071,Consumer,2025
17072,Consumer,2021
17073,Consumer,2020
17074,Consumer,2024
17075,Consumer,2022
17076,Consumer,2023
17077,Small Business,2024
17078,Small Business,2023
17079,Consumer,2022
17080,Consumer,2024
17081,Consumer,2019
17082,Small Business,2022
17083,Small Business,2023
17084,Consumer,2023
17085,Consumer,2020
17086,Consumer,2024
17087,Consumer,2021
17088,Consumer,2023
17089,Consumer,2023
17090,Consumer,2019
17091,Consumer,2025
17092,Consumer,2022
17093,Consumer,2019
17094,Small Business,2023
17095,Consumer,2020
17096,Consumer,2025
17097,Small Business,2020
17098,Consumer,2019
17099,Consumer,2024
17100,Consumer,2019
17101,Consumer,2020
17102,Enterprise,2021
17103,Consumer,2025
17104,Consumer,2024
17105,Consumer,2023
17106,Enterprise,2022
17107,Small Business,2023
17108,Consumer,2021
17109,Consumer,2025
17110,Consumer,2023
17111,Consumer,2023
17112,Consumer,2022
17113,Consumer,2023
17114,Consumer,2023
17115,Small Business,2023
17116,Consumer,2021
17117,Consumer,2021
17118,Enterprise,2024
17119,Consumer,2021
17120,Consumer,2019
17121,Consumer,2019
17122,Consumer,2019
17123,Consumer,2022
17124,Consumer,2023
17125,Consumer,2021
17126,Consumer,2019
17127,Small Business,2023
17128,Consumer,2021
17129,Consumer,2024
17130,Consumer,2021
17131,Consumer,2023
17132,Consumer,2023
17133,Consumer,2020
17134,Consumer,2024
17135,Consumer,2024
17136,Consumer,2024
17137,Small Business,2021
17138,Consumer,2020
17139,Small Business,2021
17140,Consumer,2020
17141,Consumer,2025
17142,Consumer,2025
17143,Small Business,2024
17144,Consumer,2019
17145,Enterprise,2025
17146,Consumer,2024
17147,Consumer,2019
17148,Small Business,2019
17149,Enterprise,2020
17150,Small Business,2022
17151,Consumer,2021
17152,Small Business,2023
17153,Consumer,2023
17154,Small Business,2022
17155,Enterprise,2021
17156,Consumer,2022
17157,Consumer,2019
17158,Consumer,2019
17159,Enterprise,2024
17160,Small Business,2020
17161,Small Business,2025
17162,Enterprise,2022
17163,Consumer,2022
17164,Small Business,2024
17165,Consumer,2020
17166,Consumer,2022
17167,Consumer,2022
17168,Consumer,2022
17169,Consumer,2025
17170,Small Business,2025
17171,Consumer,2021
17172,Small Business,2021
17173,Consumer,2020
17174,Small Business,2021
17175,Consumer,2022
17176,Small Business,2019
17177,Consumer,2020
17178,Consumer,2024
17179,Consumer,2024
17180,Consumer,2019
17181,Consumer,2025
17182,Consumer,2019
17183,Consumer,2020
17184,Small Business,2019
17185,Consumer,2020
17186,Consumer,2020
17187,Consumer,2025
17188,Consumer,2022
17189,Consumer,2020
17190,Consumer,2019
17191,Consumer,2020
17192,Consumer,2021
17193,Consumer,2022
17194,Consumer,2022
17195,Consumer,2020
17196,Consumer,2019
17197,Small Business,2022
17198,Consumer,2019
17199,Consumer,2025
17200,Consumer,2021
17201,Small Business,2023
17202,Consumer,2023
17203,Consumer,2019
17204,Small Business,2023
17205,Consumer,2023
17206,Consumer,2019
17207,Consumer,2023
17208,Consumer,2019
17209,Small Business,2022
17210,Consumer,2020
17211,Consumer,2021
17212,Consumer,2025
17213,Enterprise,2025
17214,Consumer,2025
17215,Consumer,2025
17216,Small Business,2022
17217,Consumer,2025
17218,Small Business,2025
17219,Small Business,2020
17220,Consumer,2019
17221,Small Business,2021
17222,Enterprise,2023
17223,Consumer,2019
17224,Consumer,2023
17225,Small Business,2021
17226,Consumer,2022
17227,Consumer,2021
17228,Consumer,2024
17229,Small Business,2021
17230,Small Business,2022
17231,Enterprise,2023
17232,Consumer,2024
17233,Enterprise,2022
17234,Consumer,2019
17235,Consumer,2022
17236,Consumer,2019
17237,Consumer,2023
17238,Consumer,2021
17239,Consumer,2023
17240,Consumer,2019
17241,Consumer,2022
17242,Consumer,2020
17243,Consumer,2022
17244,Consumer,2019
17245,Consumer,2022
17246,Consumer,2022
17247,Consumer,2019
17248,Enterprise,2024
17249,Enterprise,2024
17250,Consumer,2022
17251,Consumer,2022
17252,Consumer,2021
17253,Small Business,2020
17254,Consumer,2019
17255,Small Business,2022
17256,Enterprise,2022
17257,Consumer,2019
17258,Consumer,2021
17259,Consumer,2022
17260,Consumer,2020
17261,Consumer,2023
17262,Small Business,2022
17263,Consumer,2025
17264,Small Business,2020
17265,Consumer,2019
17266,Consumer,2021
17267,Small Business,2024
17268,Small Business,2025
17269,Consumer,2023
17270,Consumer,2023
17271,Consumer,2024
17272,Consumer,2025
17273,Enterprise,2025
17274,Consumer,2023
17275,Consumer,2021
17276,Small Business,2019
17277,Consumer,2020
17278,Small Business,2023
17279,Consumer,2019
17280,Consumer,2025
17281,Consumer,2022
17282,Consumer,2025
17283,Small Business,2025
17284,Consumer,2022
17285,Consumer,2021
17286,Consumer,2019
17287,Consumer,2025
17288,Consumer,2023
17289,Consumer,2021
17290,Consumer,2020
17291,Small Business,2024
17292,Consumer,2019
17293,Consumer,2023
17294,Consumer,2020
17295,Small Business,2023
17296,Consumer,2019
17297,Consumer,2024
17298,Consumer,2022
17299,Consumer,2022
17300,Consumer,2025
17301,Consumer,2020
17302,Small Business,2023
17303,Consumer,2022
17304,Enterprise,2023
17305,Consumer,2023
17306,Consumer,2024
17307,Consumer,2021
17308,Consumer,2020
17309,Small Business,2023
17310,Consumer,2023
17311,Small Business,2025
17312,Consumer,2023
17313,Consumer,2020
17314,Consumer,2021
17315,Consumer,2023
17316,Consumer,2021
17317,Small Business,2025
17318,Consumer,2023
17319,Consumer,2021
17320,Small Business,2024
17321,Consumer,2023
17322,Small Business,2021
17323,Consumer,2021
17324,Small Business,2023
17325,Consumer,2020
17326,Enterprise,2023
17327,Consumer,2021
17328,Small Business,2025
17329,Consumer,2023
17330,Small Business,2024
17331,Small Business,2022
17332,Small Business,2020
17333,Consumer,2023
17334,Consumer,2023
17335,Small Business,2020
17336,Consumer,2025
17337,Consumer,2019
17338,Consumer,2021
17339,Consumer,2019
17340,Consumer,2024
17341,Consumer,2022
17342,Consumer,2022
17343,Consumer,2025
17344,Small Business,2022
17345,Consumer,2022
17346,Small Business,2022
17347,Consumer,2025
17348,Consumer,2021
17349,Consumer,2020
17350,Consumer,2021
17351,Consumer,2022
17352,Consumer,2024
17353,Consumer,2025
17354,Consumer,2022
17355,Consumer,2022
17356,Small Business,2025
17357,Consumer,2023
17358,Consumer,2019
17359,Consumer,2023
17360,Small Business,2024
17361,Consumer,2024
17362,Consumer,2020
17363,Small Business,2022
17364,Consumer,2024
17365,Small Business,2025
17366,Consumer,2025
17367,Small Business,2024
17368,Consumer,2024
17369,Consumer,2021
17370,Consumer,2023
17371,Consumer,2019
17372,Consumer,2019
17373,Consumer,2020
17374,Consumer,2025
17375,Small Business,2020
17376,Consumer,2021
17377,Small Business,2024
17378,Consumer,2019
17379,Consumer,2020
17380,Consumer,2019
17381,Small Business,2023
17382,Small Business,2024
17383,Consumer,2025
17384,Consumer,2024
17385,Small Business,2024
17386,Consumer,2024
17387,Consumer,2025
17388,Consumer,2022
17389,Consumer,2019
17390,Small Business,2023
17391,Small Business,2021
17392,Small Business,2025
17393,Consumer,2022
17394,Consumer,2023
17395,Consumer,2022
17396,Consumer,2021
17397,Consumer,2025
17398,Small Business,2025
17399,Consumer,2025
17400,Consumer,2025
17401,Consumer,2019
17402,Consumer,2023
17403,Consumer,2021
17404,Consumer,2022
17405,Consumer,2022
17406,Consumer,2025
17407,Small Business,2024
17408,Consumer,2024
17409,Small Business,2023
17410,Consumer,2019
17411,Consumer,2020
17412,Consumer,2025
17413,Enterprise,2019
17414,Consumer,2024
17415,Consumer,2023
17416,Enterprise,2024
17417,Enterprise,2025
17418,Consumer,2021
17419,Small Business,2023
17420,Consumer,2019
17421,Consumer,2021
17422,Consumer,2020
17423,Enterprise,2024
17424,Consumer,2021
17425,Small Business,2021
17426,Consumer,2022
17427,Consumer,2023
17428,Consumer,2023
17429,Small Business,2025
17430,Small Business,2022
17431,Small Business,2023
17432,Small Business,2021
17433,Consumer,2023
17434,Enterprise,2020
17435,Consumer,2020
17436,Consumer,2024
17437,Consumer,2023
17438,Consumer,2024
17439,Consumer,2024
17440,Consumer,2021
17441,Consumer,2024
17442,Small Business,2020
17443,Small Business,2019
17444,Consumer,2020
17445,Enterprise,2023
17446,Consumer,2023
17447,Consumer,2024
17448,Small Business,2024
17449,Consumer,2020
17450,Small Business,2024
17451,Consumer,2022
17452,Consumer,2025
17453,Consumer,2019
17454,Enterprise,2024
17455,Consumer,2023
17456,Consumer,2022
17457,Consumer,2025
17458,Consumer,2020
17459,Consumer,2021
17460,Small Business,2021
17461,Consumer,2022
17462,Consumer,2020
17463,Consumer,2023
17464,Consumer,2019
17465,Small Business,2019
17466,Small Business,2020
17467,Consumer,2022
17468,Consumer,2019
17469,Consumer,2023
17470,Small Business,2020
17471,Enterprise,2024
17472,Small Business,2024
17473,Consumer,2024
17474,Consumer,2022
17475,Enterprise,2022
17476,Consumer,2021
17477,Consumer,2019
17478,Small Business,2020
17479,Small Business,2020
17480,Consumer,2023
17481,Consumer,2019
17482,Small Business,2025
17483,Consumer,2019
17484,Small Business,2021
17485,Consumer,2021
17486,Small Business,2024
17487,Small Business,2023
17488,Consumer,2025
17489,Consumer,2025
17490,Consumer,2024
17491,Small Business,2020
17492,Consumer,2023
17493,Consumer,2023
17494,Small Business,2021
17495,Small Business,2019
17496,Small Business,2019
17497,Consumer,2021
17498,Enterprise,2024
17499,Small Business,2020
17500,Consumer,2025
17501,Enterprise,2021
17502,Consumer,2023
17503,Small Business,2019
17504,Small Business,2019
17505,Consumer,2022
17506,Consumer,2019
17507,Consumer,2023
17508,Consumer,2021
17509,Consumer,2020
17510,Small Business,2025
17511,Consumer,2021
17512,Consumer,2019
17513,Consumer,2019
17514,Consumer,2021
17515,Consumer,2022
17516,Consumer,2022
17517,Consumer,2022
17518,Consumer,2019
17519,Small Business,2020
17520,Consumer,2019
17521,Consumer,2022
17522,Small Business,2019
17523,Enterprise,2024
17524,Consumer,2022
17525,Small Business,2020
17526,Small Business,2021
17527,Small Business,2019
17528,Consumer,2019
17529,Consumer,2023
17530,Consumer,2022
17531,Small Business,2019
17532,Small Business,2024
17533,Consumer,2025
17534,Consumer,2023
17535,Consumer,2025
17536,Consumer,2023
17537,Small Business,2025
17538,Consumer,2022
17539,Consumer,2024
17540,Consumer,2024
17541,Small Business,2021
17542,Small Business,2019
17543,Consumer,2021
17544,Consumer,2020
17545,Small Business,2025
17546,Small Business,2023
17547,Consumer,2025
17548,Consumer,2021
17549,Consumer,2022
17550,Consumer,2020
17551,Consumer,2022
17552,Enterprise,2019
17553,Consumer,2021
17554,Small Business,2025
17555,Consumer,2023
17556,Consumer,2024
17557,Consumer,2024
17558,Consumer,2019
17559,Small Business,2022
17560,Consumer,2021
17561,Consumer,2019
17562,Small Business,2020
17563,Consumer,2019
17564,Consumer,2020
17565,Small Business,2023
17566,Consumer,2020
17567,Consumer,2024
17568,Consumer,2021
17569,Consumer,2019
17570,Consumer,2023
17571,Small Business,2020
17572,Consumer,2025
17573,Enterprise,2022
17574,Consumer,2019
17575,Consumer,2020
17576,Consumer,2021
17577,Consumer,2022
17578,Consumer,2023
17579,Small Business,2021
17580,Small Business,2021
17581,Small Business,2025
17582,Consumer,2020
17583,Small Business,2024
17584,Consumer,2020
17585,Small Business,2020
17586,Small Business,2023
17587,Consumer,2019
17588,Consumer,2020
17589,Small Business,2024
17590,Consumer,2019
17591,Consumer,2020
17592,Enterprise,2024
17593,Consumer,2022
17594,Consumer,2021
17595,Consumer,2024
17596,Small Business,2025
17597,Consumer,2019
17598,Consumer,2022
17599,Consumer,2025
17600,Enterprise,2019
17601,Small Business,2021
17602,Consumer,2020
17603,Enterprise,2020
17604,Consumer,2025
17605,Enterprise,2023
17606,Consumer,2019
17607,Consumer,2021
17608,Small Business,2021
17609,Consumer,2025
17610,Consumer,2021
17611,Small Business,2019
17612,Consumer,2025
17613,Consumer,2019
17614,Consumer,2025
17615,Consumer,2021
17616,Consumer,2023
17617,Consumer,2022
17618,Consumer,2020
17619,Small Business,2022
17620,Consumer,2020
17621,Consumer,2022
17622,Consumer,2019
17623,Consumer,2020
17624,Consumer,2019
17625,Consumer,2023
17626,Consumer,2025
17627,Consumer,2019
17628,Consumer,2023
17629,Consumer,2022
17630,Small Business,2020
17631,Small Business,2023
17632,Enterprise,2024
17633,Consumer,2025
17634,Consumer,2019
17635,Consumer,2020
17636,Consumer,2022
17637,Consumer,2024
17638,Consumer,2020
17639,Consumer,2021
17640,Consumer,2022
17641,Consumer,2023
17642,Consumer,2020
17643,Consumer,2021
17644,Consumer,2019
17645,Consumer,2020
17646,Consumer,2025
17647,Consumer,2024
17648,Consumer,2025
17649,Enterprise,2025
17650,Consumer,2022
17651,Consumer,2020
17652,Consumer,2024
17653,Consumer,2025
17654,Consumer,2020
17655,Enterprise,2024
17656,Consumer,2021
17657,Consumer,2025
17658,Enterprise,2020
17659,Consumer,2023
17660,Consumer,2019
17661,Consumer,2025
17662,Consumer,2021
17663,Enterprise,2022
17664,Consumer,2024
17665,Small Business,2020
17666,Consumer,2024
17667,Small Business,2019
17668,Small Business,2022
17669,Small Business,2021
17670,Small Business,2022
17671,Consumer,2023
17672,Consumer,2023
17673,Consumer,2020
17674,Consumer,2025
17675,Consumer,2023
17676,Consumer,2020
17677,Small Business,2020
17678,Small Business,2021
17679,Enterprise,2025
17680,Consumer,2025
17681,Small Business,2020
17682,Small Business,2022
17683,Enterprise,2021
17684,Small Business,2024
17685,Consumer,2024
17686,Consumer,2022
17687,Enterprise,2021
17688,Consumer,2025
17689,Small Business,2021
17690,Small Business,2025
17691,Small Business,2019
17692,Small Business,2022
17693,Small Business,2022
17694,Small Business,2019
17695,Consumer,2019
17696,Consumer,2022
17697,Consumer,2024
17698,Consumer,2020
17699,Small Business,2025
17700,Small Business,2020
17701,Consumer,2019
17702,Consumer,2022
17703,Consumer,2019
17704,Small Business,2022
17705,Consumer,2019
17706,Consumer,2025
17707,Consumer,2023
17708,Consumer,2019
17709,Consumer,2025
17710,Small Business,2021
17711,Small Business,2022
17712,Consumer,2023
17713,Consumer,2021
17714,Consumer,2023
17715,Consumer,2020
17716,Consumer,2021
17717,Consumer,2023
17718,Consumer,2020
17719,Small Business,2021
17720,Consumer,2020
17721,Small Business,2019
17722,Consumer,2025
17723,Consumer,2025
17724,Consumer,2020
17725,Consumer,2024
17726,Consumer,2022
17727,Small Business,2020
17728,Small Business,2025
17729,Consumer,2019
17730,Consumer,2019
17731,Consumer,2021
17732,Small Business,2025
17733,Consumer,2021
17734,Consumer,2024
17735,Small Business,2025
17736,Small Business,2022
17737,Consumer,2019
17738,Consumer,2025
17739,Consumer,2024
17740,Consumer,2019
17741,Consumer,2023
17742,Small Business,2024
17743,Consumer,2022
17744,Small Business,2020
17745,Consumer,2025
17746,Small Business,2021
17747,Consumer,2019
17748,Consumer,2019
17749,Consumer,2022
17750,Consumer,2022
17751,Consumer,2023
17752,Consumer,2020
17753,Small Business,2019
17754,Small Business,2020
17755,Consumer,2019
17756,Consumer,2019
17757,Consumer,2023
17758,Consumer,2021
17759,Consumer,2020
17760,Consumer,2020
17761,Consumer,2024
17762,Consumer,2023
17763,Consumer,2019
17764,Consumer,2023
17765,Consumer,2023
17766,Small Business,2023
17767,Consumer,2024
17768,Consumer,2023
17769,Small Business,2023
17770,Consumer,2019
17771,Consumer,2025
17772,Consumer,2020
17773,Consumer,2024
17774,Consumer,2024
17775,Small Business,2022
17776,Consumer,2022
17777,Consumer,2025
17778,Consumer,2023
17779,Consumer,2020
17780,Small Business,2019
17781,Consumer,2019
17782,Small Business,2021
17783,Consumer,2023
17784,Consumer,2022
17785,Consumer,2024
17786,Consumer,2023
17787,Consumer,2023
17788,Consumer,2025
17789,Consumer,2019
17790,Consumer,2023
17791,Consumer,2021
17792,Enterprise,2024
17793,Consumer,2024
17794,Consumer,2023
17795,Consumer,2024
17796,Consumer,2025
17797,Consumer,2022
17798,Consumer,2024
17799,Consumer,2019
17800,Consumer,2020
17801,Consumer,2025
17802,Consumer,2020
17803,Enterprise,2019
17804,Consumer,2025
17805,Small Business,2021
17806,Consumer,2023
17807,Consumer,2024
17808,Small Business,2022
17809,Consumer,2019
17810,Small Business,2023
17811,Consumer,2023
17812,Consumer,2020
17813,Small Business,2023
17814,Consumer,2024
17815,Enterprise,2025
17816,Small Business,2022
17817,Consumer,2019
17818,Consumer,2025
17819,Small Business,2022
17820,Consumer,2023
17821,Small Business,2025
17822,Consumer,2020
17823,Consumer,2019
17824,Consumer,2025
17825,Small Business,2020
17826,Small Business,2021
17827,Consumer,2024
17828,Consumer,2024
17829,Consumer,2020
17830,Consumer,2020
17831,Consumer,2023
17832,Consumer,2021
17833,Consumer,2022
17834,Consumer,2024
17835,Consumer,2025
17836,Consumer,2023
17837,Consumer,2020
17838,Enterprise,2025
17839,Consumer,2022
17840,Consumer,2024
17841,Small Business,2023
17842,Consumer,2021
17843,Small Business,2023
17844,Consumer,2025
17845,Consumer,2024
17846,Consumer,2025
17847,Consumer,2019
17848,Consumer,2025
17849,Consumer,2021
17850,Consumer,2025
17851,Consumer,2022
17852,Small Business,2023
17853,Consumer,2024
17854,Enterprise,2024
17855,Consumer,2021
17856,Consumer,2023
17857,Consumer,2022
17858,Consumer,2021
17859,Small Business,2019
17860,Consumer,2024
17861,Consumer,2021
17862,Small Business,2020
17863,Consumer,2021
17864,Consumer,2022
17865,Small Business,2025
17866,Consumer,2021
17867,Consumer,2019
17868,Small Business,2020
17869,Consumer,2025
17870,Consumer,2024
17871,Consumer,2019
17872,Small Business,2022
17873,Consumer,2020
17874,Consumer,2022
17875,Consumer,2023
17876,Consumer,2022
17877,Consumer,2022
17878,Consumer,2023
17879,Consumer,2023
17880,Consumer,2020
17881,Consumer,2023
17882,Consumer,2022
17883,Consumer,2021
17884,Consumer,2020
17885,Consumer,2022
17886,Consumer,2025
17887,Enterprise,2022
17888,Consumer,2019
17889,Consumer,2020
17890,Consumer,2025
17891,Consumer,2024
17892,Consumer,2019
17893,Enterprise,2024
17894,Consumer,2019
17895,Consumer,2021
17896,Consumer,2025
17897,Consumer,2023
17898,Consumer,2023
17899,Small Business,2020
17900,Small Business,2021
17901,Consumer,2019
17902,Consumer,2023
17903,Consumer,2022
17904,Consumer,2020
17905,Consumer,2021
17906,Consumer,2019
17907,Enterprise,2019
17908,Consumer,2019
17909,Small Business,2021
17910,Small Business,2020
17911,Consumer,2020
17912,Consumer,2020
17913,Consumer,2025
17914,Small Business,2021
17915,Consumer,2022
17916,Small Business,2025
17917,Consumer,2025
17918,Consumer,2021
17919,Small Business,2024
17920,Consumer,2021
17921,Small Business,2020
17922,Consumer,2019
17923,Consumer,2021
17924,Consumer,2025
17925,Consumer,2020
17926,Small Business,2020
17927,Consumer,2020
17928,Consumer,2021
17929,Consumer,2021
17930,Consumer,2025
17931,Small Business,2025
17932,Consumer,2022
17933,Enterprise,2025
17934,Consumer,2021
17935,Consumer,2021
17936,Consumer,2024
17937,Consumer,2025
17938,Consumer,2019
17939,Small Business,2023
17940,Consumer,2021
17941,Small Business,2021
17942,Consumer,2023
17943,Consumer,2022
17944,Consumer,2025
17945,Consumer,2022
17946,Consumer,2025
17947,Small Business,2023
17948,Small Business,2023
17949,Consumer,2022
17950,Consumer,2021
17951,Consumer,2023
17952,Consumer,2022
17953,Consumer,2019
17954,Consumer,2025
17955,Small Business,2025
17956,Consumer,2023
17957,Consumer,2023
17958,Small Business,2020
17959,Consumer,2023
17960,Consumer,2025
17961,Enterprise,2019
17962,Consumer,2025
17963,Consumer,2021
17964,Consumer,2020
17965,Small Business,2025
17966,Consumer,2023
17967,Consumer,2024
17968,Consumer,2025
17969,Consumer,2019
17970,Consumer,2020
17971,Consumer,2020
17972,Small Business,2025
17973,Consumer,2022
17974,Small Business,2020
17975,Small Business,2023
17976,Small Business,2021
17977,Small Business,2023
17978,Consumer,2025
17979,Small Business,2020
17980,Consumer,2025
17981,Consumer,2024
17982,Consumer,2019
17983,Consumer,2021
17984,Consumer,2025
17985,Small Business,2024
17986,Consumer,2023
17987,Consumer,2023
17988,Consumer,2025
17989,Small Business,2019
17990,Consumer,2022
17991,Consumer,2021
17992,Small Business,2025
17993,Small Business,2024
17994,Consumer,2024
17995,Consumer,2019
17996,Consumer,2024
17997,Small Business,2024
17998,Consumer,2021
17999,Consumer,2025
18000,Consumer,2021
18001,Consumer,2023
18002,Consumer,2020
18003,Consumer,2022
18004,Consumer,2019
18005,Small Business,2019
18006,Consumer,2025
18007,Small Business,2023
18008,Consumer,2023
18009,Consumer,2021
18010,Consumer,2022
18011,Consumer,2023
18012,Small Business,2021
18013,Consumer,2021
18014,Small Business,2024
18015,Consumer,2022
18016,Consumer,2021
18017,Consumer,2022
18018,Consumer,2024
18019,Small Business,2022
18020,Consumer,2019
18021,Consumer,2024
18022,Small Business,2020
18023,Consumer,2019
18024,Consumer,2020
18025,Consumer,2019
18026,Consumer,2019
18027,Small Business,2023
18028,Consumer,2023
18029,Consumer,2021
18030,Enterprise,2023
18031,Consumer,2019
18032,Consumer,2021
18033,Enterprise,2023
18034,Consumer,2024
18035,Consumer,2020
18036,Small Business,2025
18037,Consumer,2021
18038,Enterprise,2024
18039,Consumer,2020
18040,Consumer,2023
18041,Consumer,2022
18042,Consumer,2022
18043,Small Business,2020
18044,Consumer,2022
18045,Consumer,2021
18046,Consumer,2021
18047,Consumer,2022
18048,Consumer,2020
18049,Consumer,2023
18050,Consumer,2019
18051,Enterprise,2020
18052,Small Business,2022
18053,Consumer,2019
18054,Small Business,2020
18055,Consumer,2021
18056,Consumer,2022
18057,Consumer,2021
18058,Small Business,2024
18059,Consumer,2022
18060,Consumer,2021
18061,Consumer,2022
18062,Consumer,2021
18063,Small Business,2019
18064,Consumer,2022
18065,Small Business,2021
18066,Consumer,2022
18067,Consumer,2022
18068,Small Business,2020
18069,Consumer,2022
18070,Consumer,2023
18071,Consumer,2020
18072,Consumer,2019
18073,Consumer,2020
18074,Consumer,2022
18075,Small Business,2023
18076,Small Business,2023
18077,Consumer,2024
18078,Consumer,2022
18079,Consumer,2025
18080,Small Business,2025
18081,Consumer,2019
18082,Small Business,2020
18083,Consumer,2021
18084,Consumer,2022
18085,Consumer,2020
18086,Consumer,2021
18087,Consumer,2019
18088,Consumer,2025
18089,Small Business,2024
18090,Consumer,2020
18091,Small Business,2021
18092,Consumer,2022
18093,Consumer,2022
18094,Consumer,2021
18095,Consumer,2022
18096,Consumer,2025
18097,Consumer,2022
18098,Consumer,2022
18099,Small Business,2020
18100,Consumer,2022
18101,Consumer,2023
18102,Small Business,2023
18103,Consumer,2022
18104,Enterprise,2023
18105,Consumer,2020
18106,Consumer,2019
18107,Consumer,2021
18108,Consumer,2020
18109,Consumer,2025
18110,Consumer,2020
18111,Consumer,2025
18112,Consumer,2021
18113,Consumer,2024
18114,Consumer,2023
18115,Consumer,2019
18116,Consumer,2025
18117,Consumer,2022
18118,Consumer,2022
18119,Consumer,2020
18120,Consumer,2020
18121,Small Business,2019
18122,Consumer,2022
18123,Consumer,2021
18124,Consumer,2022
18125,Consumer,2025
18126,Consumer,2023
18127,Small Business,2024
18128,Consumer,2023
18129,Enterprise,2020
18130,Small Business,2023
18131,Consumer,2025
18132,Consumer,2025
18133,Consumer,2019
18134,Small Business,2019
18135,Consumer,2025
18136,Consumer,2024
18137,Consumer,2019
18138,Consumer,2024
18139,Consumer,2025
18140,Small Business,2020
18141,Consumer,2020
18142,Small Business,2024
18143,Consumer,2021
18144,Consumer,2019
18145,Consumer,2023
18146,Consumer,2022
18147,Consumer,2020
18148,Consumer,2021
18149,Consumer,2022
18150,Small Business,2020
18151,Consumer,2019
18152,Small Business,2023
18153,Consumer,2021
18154,Consumer,2021
18155,Small Business,2021
18156,Small Business,2020
18157,Small Business,2022
18158,Small Business,2023
18159,Consumer,2022
18160,Enterprise,2022
18161,Consumer,2024
18162,Consumer,2019
18163,Consumer,2024
18164,Consumer,2024
18165,Consumer,2020
18166,Consumer,2025
18167,Consumer,2022
18168,Small Business,2021
18169,Consumer,2021
18170,Consumer,2025
18171,Consumer,2022
18172,Small Business,2025
18173,Small Business,2024
18174,Consumer,2022
18175,Small Business,2019
18176,Consumer,2025
18177,Small Business,2020
18178,Consumer,2024
18179,Consumer,2019
18180,Consumer,2024
18181,Consumer,2019
18182,Consumer,2019
18183,Consumer,2021
18184,Consumer,2024
18185,Consumer,2025
18186,Consumer,2020
18187,Consumer,2023
18188,Small Business,2024
18189,Consumer,2025
18190,Consumer,2020
18191,Enterprise,2019
18192,Consumer,2024
18193,Consumer,2019
18194,Consumer,2025
18195,Enterprise,2021
18196,Consumer,2022
18197,Consumer,2022
18198,Consumer,2022
18199,Small Business,2019
18200,Consumer,2020
18201,Small Business,2021
18202,Consumer,2020
18203,Consumer,2024
18204,Consumer,2025
18205,Small Business,2020
18206,Consumer,2024
18207,Consumer,2022
18208,Consumer,2024
18209,Consumer,2024
18210,Consumer,2024
18211,Consumer,2025
18212,Consumer,2023
18213,Consumer,2025
18214,Consumer,2022
18215,Consumer,2019
18216,Small Business,2021
18217,Consumer,2023
18218,Consumer,2019
18219,Consumer,2024
18220,Consumer,2024
18221,Consumer,2020
18222,Consumer,2025
18223,Enterprise,2024
18224,Consumer,2021
18225,Consumer,2025
18226,Consumer,2022
18227,Consumer,2022
18228,Consumer,2023
18229,Small Business,2025
18230,Small Business,2023
18231,Consumer,2022
18232,Consumer,2023
18233,Consumer,2024
18234,Consumer,2020
18235,Consumer,2022
18236,Small Business,2023
18237,Consumer,2020
18238,Consumer,2024
18239,Consumer,2019
18240,Consumer,2019
18241,Small Business,2021
18242,Small Business,2023
18243,Small Business,2019
18244,Small Business,2021
18245,Consumer,2020
18246,Consumer,2025
18247,Consumer,2024
18248,Consumer,2025
18249,Consumer,2021
18250,Consumer,2023
18251,Small Business,2021
18252,Consumer,2021
18253,Small Business,2022
18254,Small Business,2025
18255,Small Business,2025
18256,Consumer,2020
18257,Consumer,2021
18258,Consumer,2022
18259,Consumer,2024
18260,Consumer,2021
18261,Small Business,2019
18262,Consumer,2020
18263,Consumer,2021
18264,Enterprise,2025
18265,Consumer,2023
18266,Small Business,2020
18267,Consumer,2023
18268,Consumer,2024
18269,Consumer,2020
18270,Consumer,2024
18271,Consumer,2023
18272,Small Business,2023
18273,Small Business,2019
18274,Consumer,2019
18275,Consumer,2022
18276,Consumer,2021
18277,Consumer,2021
18278,Consumer,2025
18279,Consumer,2020
18280,Consumer,2021
18281,Consumer,2019
18282,Consumer,2019
18283,Small Business,2021
18284,Consumer,2024
18285,Consumer,2023
18286,Consumer,2023
18287,Consumer,2024
18288,Small Business,2023
18289,Consumer,2022
18290,Small Business,2021
18291,Consumer,2019
18292,Consumer,2021
18293,Consumer,2022
18294,Consumer,2020
18295,Consumer,2019
18296,Consumer,2023
18297,Consumer,2022
18298,Consumer,2025
18299,Consumer,2024
18300,Consumer,2024
18301,Consumer,2022
18302,Enterprise,2023
18303,Consumer,2025
18304,Consumer,2022
18305,Consumer,2020
18306,Consumer,2023
18307,Consumer,2019
18308,Consumer,2022
18309,Enterprise,2024
18310,Small Business,2024
18311,Consumer,2024
18312,Small Business,2023
18313,Consumer,2021
18314,Enterprise,2020
18315,Consumer,2022
18316,Enterprise,2022
18317,Consumer,2021
18318,Consumer,2020
18319,Small Business,2024
18320,Consumer,2022
18321,Consumer,2022
18322,Consumer,2024
18323,Consumer,2025
18324,Consumer,2024
18325,Consumer,2024
18326,Consumer,2020
18327,Small Business,2025
18328,Consumer,2024
18329,Small Business,2022
18330,Consumer,2019
18331,Small Business,2022
18332,Small Business,2023
18333,Small Business,2020
18334,Consumer,2021
18335,Consumer,2024
18336,Small Business,2023
18337,Consumer,2020
18338,Consumer,2025
18339,Consumer,2024
18340,Small Business,2019
18341,Consumer,2019
18342,Consumer,2023
18343,Small Business,2019
18344,Consumer,2023
18345,Consumer,2022
18346,Consumer,2024
18347,Consumer,2019
18348,Consumer,2025
18349,Consumer,2019
18350,Consumer,2022
18351,Small Business,2024
18352,Small Business,2019
18353,Small Business,2024
18354,Consumer,2023
18355,Consumer,2025
18356,Small Business,2022
18357,Consumer,2021
18358,Consumer,2024
18359,Consumer,2020
18360,Consumer,2024
18361,Consumer,2020
18362,Consumer,2024
18363,Consumer,2019
18364,Consumer,2021
18365,Consumer,2025
18366,Consumer,2022
18367,Small Business,2019
18368,Small Business,2025
18369,Enterprise,2023
18370,Consumer,2022
18371,Consumer,2025
18372,Consumer,2023
18373,Consumer,2023
18374,Consumer,2023
18375,Small Business,2020
18376,Consumer,2019
18377,Consumer,2023
18378,Enterprise,2024
18379,Consumer,2025
18380,Small Business,2019
18381,Consumer,2019
18382,Consumer,2025
18383,Small Business,2020
18384,Small Business,2022
18385,Small Business,2022
18386,Consumer,2020
18387,Consumer,2024
18388,Consumer,2024
18389,Consumer,2020
18390,Consumer,2024
18391,Consumer,2023
18392,Consumer,2020
18393,Small Business,2020
18394,Consumer,2019
18395,Consumer,2022
18396,Consumer,2022
18397,Consumer,2020
18398,Consumer,2023
18399,Consumer,2021
18400,Consumer,2020
18401,Consumer,2020
18402,Consumer,2022
18403,Consumer,2025
18404,Consumer,2022
18405,Consumer,2023
18406,Consumer,2025
18407,Consumer,2023
18408,Consumer,2024
18409,Consumer,2022
18410,Small Business,2019
18411,Consumer,2023
18412,Consumer,2023
18413,Small Business,2022
18414,Consumer,2022
18415,Small Business,2019
18416,Consumer,2022
18417,Small Business,2025
18418,Small Business,2020
18419,Enterprise,2023
18420,Consumer,2024
18421,Consumer,2024
18422,Consumer,2025
18423,Consumer,2020
18424,Small Business,2020
18425,Consumer,2021
18426,Small Business,2019
18427,Consumer,2019
18428,Consumer,2023
18429,Consumer,2021
18430,Consumer,2025
18431,Consumer,2024
18432,Consumer,2023
18433,Enterprise,2024
18434,Small Business,2020
18435,Small Business,2023
18436,Consumer,2025
18437,Consumer,2020
18438,Consumer,2022
18439,Consumer,2025
18440,Consumer,2022
18441,Small Business,2024
18442,Consumer,2019
18443,Small Business,2021
18444,Consumer,2019
18445,Consumer,2024
18446,Consumer,2023
18447,Small Business,2020
18448,Consumer,2024
18449,Small Business,2022
18450,Consumer,2024
18451,Small Business,2023
18452,Consumer,2025
18453,Consumer,2020
18454,Small Business,2022
18455,Small Business,2020
18456,Consumer,2023
18457,Consumer,2021
18458,Small Business,2023
18459,Consumer,2019
18460,Enterprise,2021
18461,Consumer,2022
18462,Consumer,2019
18463,Consumer,2019
18464,Consumer,2024
18465,Consumer,2022
18466,Small Business,2019
18467,Consumer,2019
18468,Consumer,2025
18469,Consumer,2020
18470,Small Business,2024
18471,Small Business,2020
18472,Consumer,2019
18473,Small Business,2024
18474,Consumer,2019
18475,Consumer,2024
18476,Small Business,2024
18477,Consumer,2025
18478,Consumer,2022
18479,Consumer,2025
18480,Consumer,2023
18481,Consumer,2019
18482,Consumer,2021
18483,Small Business,2019
18484,Consumer,2025
18485,Consumer,2021
18486,Enterprise,2022
18487,Small Business,2024
18488,Consumer,2022
18489,Consumer,2025
18490,Consumer,2025
18491,Consumer,2020
18492,Consumer,2024
18493,Consumer,2020
18494,Consumer,2023
18495,Consumer,2022
18496,Consumer,2025
18497,Consumer,2020
18498,Small Business,2025
18499,Consumer,2022
18500,Consumer,2024
18501,Consumer,2024
18502,Consumer,2024
18503,Consumer,2020
18504,Consumer,2020
18505,Small Business,2019
18506,Consumer,2025
18507,Consumer,2023
18508,Consumer,2025
18509,Consumer,2021
18510,Consumer,2023
18511,Consumer,2019
18512,Consumer,2023
18513,Consumer,2025
18514,Small Business,2023
18515,Consumer,2024
18516,Small Business,2022
18517,Consumer,2022
18518,Consumer,2020
18519,Consumer,2020
18520,Consumer,2023
18521,Consumer,2021
18522,Enterprise,2021
18523,Enterprise,2022
18524,Consumer,2022
18525,Consumer,2024
18526,Small Business,2025
18527,Small Business,2019
18528,Consumer,2019
18529,Consumer,2024
18530,Consumer,2025
18531,Consumer,2022
18532,Consumer,2022
18533,Consumer,2024
18534,Consumer,2025
18535,Consumer,2021
18536,Consumer,2020
18537,Consumer,2024
18538,Consumer,2019
18539,Consumer,2019
18540,Consumer,2023
18541,Small Business,2021
18542,Consumer,2022
18543,Consumer,2022
18544,Consumer,2024
18545,Small Business,2020
18546,Consumer,2023
18547,Consumer,2024
18548,Consumer,2022
18549,Consumer,2021
18550,Small Business,2025
18551,Consumer,2019
18552,Small Business,2021
18553,Consumer,2022
18554,Small Business,2020
18555,Enterprise,2023
18556,Consumer,2024
18557,Consumer,2022
18558,Consumer,2021
18559,Consumer,2023
18560,Small Business,2022
18561,Consumer,2024
18562,Consumer,2023
18563,Consumer,2019
18564,Consumer,2021
18565,Consumer,2021
18566,Small Business,2021
18567,Consumer,2025
18568,Consumer,2019
18569,Consumer,2024
18570,Consumer,2020
18571,Consumer,2022
18572,Consumer,2021
18573,Consumer,2019
18574,Consumer,2019
18575,Consumer,2021
18576,Consumer,2024
18577,Consumer,2021
18578,Consumer,2025
18579,Consumer,2025
18580,Consumer,2020
18581,Consumer,2024
18582,Small Business,2023
18583,Consumer,2022
18584,Enterprise,2022
18585,Consumer,2025
18586,Consumer,2019
18587,Consumer,2019
18588,Small Business,2019
18589,Small Business,2025
18590,Consumer,2023
18591,Consumer,2022
18592,Enterprise,2019
18593,Small Business,2019
18594,Enterprise,2025
18595,Consumer,2025
18596,Consumer,2024
18597,Consumer,2025
18598,Small Business,2024
18599,Consumer,2024
18600,Consumer,2024
18601,Consumer,2022
18602,Consumer,2019
18603,Small Business,2019
18604,Consumer,2023
18605,Small Business,2020
18606,Consumer,2020
18607,Consumer,2025
18608,Consumer,2022
18609,Consumer,2022
18610,Consumer,2021
18611,Small Business,2020
18612,Consumer,2019
18613,Consumer,2025
18614,Consumer,2024
18615,Consumer,2025
18616,Consumer,2021
18617,Consumer,2019
18618,Consumer,2019
18619,Consumer,2025
18620,Consumer,2025
18621,Consumer,2025
18622,Consumer,2019
18623,Consumer,2021
18624,Consumer,2020
18625,Consumer,2023
18626,Consumer,2019
18627,Consumer,2021
18628,Consumer,2022
18629,Small Business,2020
18630,Consumer,2024
18631,Consumer,2019
18632,Consumer,2024
18633,Consumer,2019
18634,Consumer,2024
18635,Consumer,2023
18636,Consumer,2022
18637,Consumer,2019
18638,Consumer,2025
18639,Consumer,2025
18640,Consumer,2024
18641,Consumer,2025
18642,Consumer,2025
18643,Enterprise,2024
18644,Consumer,2020
18645,Consumer,2024
18646,Small Business,2023
18647,Consumer,2019
18648,Consumer,2019
18649,Consumer,2020
18650,Consumer,2022
18651,Consumer,2025
18652,Small Business,2025
18653,Small Business,2025
18654,Consumer,2024
18655,Consumer,2019
18656,Small Business,2024
18657,Small Business,2021
18658,Small Business,2021
18659,Consumer,2022
18660,Consumer,2021
18661,Consumer,2023
18662,Enterprise,2025
18663,Consumer,2021
18664,Small Business,2020
18665,Consumer,2025
18666,Small Business,2019
18667,Consumer,2024
18668,Small Business,2021
18669,Consumer,2025
18670,Consumer,2024
18671,Consumer,2019
18672,Small Business,2022
18673,Consumer,2020
18674,Consumer,2019
18675,Enterprise,2023
18676,Small Business,2023
18677,Consumer,2024
18678,Small Business,2024
18679,Consumer,2023
18680,Consumer,2023
18681,Consumer,2023
18682,Small Business,2020
18683,Consumer,2023
18684,Consumer,2020
18685,Consumer,2023
18686,Consumer,2021
18687,Small Business,2024
18688,Consumer,2021
18689,Small Business,2019
18690,Consumer,2019
18691,Small Business,2020
18692,Small Business,2025
18693,Consumer,2024
18694,Consumer,2025
18695,Small Business,2024
18696,Consumer,2020
18697,Consumer,2019
18698,Consumer,2022
18699,Small Business,2022
18700,Consumer,2022
18701,Consumer,2023
18702,Consumer,2021
18703,Consumer,2020
18704,Consumer,2023
18705,Small Business,2021
18706,Consumer,2022
18707,Enterprise,2024
18708,Small Business,2022
18709,Consumer,2025
18710,Consumer,2020
18711,Small Business,2023
18712,Consumer,2023
18713,Consumer,2019
18714,Small Business,2023
18715,Enterprise,2024
18716,Consumer,2019
18717,Consumer,2024
18718,Consumer,2021
18719,Small Business,2023
18720,Consumer,2020
18721,Small Business,2019
18722,Consumer,2021
18723,Consumer,2020
18724,Consumer,2019
18725,Consumer,2023
18726,Small Business,2023
18727,Consumer,2025
18728,Small Business,2023
18729,Consumer,2022
18730,Enterprise,2023
18731,Small Business,2025
18732,Consumer,2021
18733,Enterprise,2023
18734,Consumer,2024
18735,Consumer,2020
18736,Small Business,2024
18737,Small Business,2021
18738,Consumer,2021
18739,Enterprise,2020
18740,Consumer,2022
18741,Consumer,2023
18742,Consumer,2025
18743,Consumer,2021
18744,Consumer,2023
18745,Consumer,2025
18746,Consumer,2022
18747,Consumer,2020
18748,Consumer,2024
18749,Small Business,2022
18750,Consumer,2021
18751,Consumer,2025
18752,Small Business,2019
18753,Consumer,2025
18754,Small Business,2023
18755,Enterprise,2023
18756,Consumer,2023
18757,Consumer,2025
18758,Consumer,2021
18759,Consumer,2025
18760,Consumer,2019
18761,Consumer,2025
18762,Small Business,2025
18763,Consumer,2020
18764,Small Business,2024
18765,Consumer,2021
18766,Consumer,2021
18767,Consumer,2022
18768,Consumer,2020
18769,Consumer,2020
18770,Consumer,2022
18771,Consumer,2025
18772,Consumer,2019
18773,Consumer,2022
18774,Consumer,2022
18775,Consumer,2024
18776,Consumer,2025
18777,Consumer,2022
18778,Consumer,2024
18779,Small Business,2019
18780,Consumer,2025
18781,Consumer,2025
18782,Consumer,2021
18783,Consumer,2024
18784,Consumer,2019
18785,Consumer,2023
18786,Small Business,2025
18787,Enterprise,2020
18788,Consumer,2025
18789,Consumer,2025
18790,Consumer,2022
18791,Consumer,2024
18792,Consumer,2020
18793,Small Business,2022
18794,Consumer,2024
18795,Consumer,2022
18796,Consumer,2019
18797,Consumer,2024
18798,Consumer,2025
18799,Consumer,2023
18800,Consumer,2023
18801,Consumer,2020
18802,Consumer,2020
18803,Small Business,2025
18804,Consumer,2020
18805,Consumer,2025
18806,Small Business,2019
18807,Consumer,2022
18808,Consumer,2024
18809,Consumer,2019
18810,Consumer,2019
18811,Consumer,2024
18812,Small Business,2022
18813,Consumer,2024
18814,Consumer,2021
18815,Consumer,2024
18816,Consumer,2022
18817,Consumer,2019
18818,Consumer,2023
18819,Consumer,2025
18820,Small Business,2020
18821,Consumer,2024
18822,Small Business,2020
18823,Small Business,2025
18824,Small Business,2021
18825,Enterprise,2023
18826,Consumer,2025
18827,Consumer,2022
18828,Consumer,2022
18829,Consumer,2022
18830,Consumer,2020
18831,Consumer,2019
18832,Small Business,2022
18833,Small Business,2024
18834,Consumer,2020
18835,Consumer,2025
18836,Consumer,2024
18837,Consumer,2023
18838,Consumer,2021
18839,Consumer,2024
18840,Consumer,2025
18841,Consumer,2021
18842,Consumer,2023
18843,Consumer,2021
18844,Consumer,2023
18845,Enterprise,2020
18846,Consumer,2021
18847,Small Business,2025
18848,Consumer,2020
18849,Consumer,2024
18850,Enterprise,2019
18851,Small Business,2025
18852,Consumer,2024
18853,Small Business,2025
18854,Consumer,2025
18855,Small Business,2025
18856,Consumer,2020
18857,Small Business,2025
18858,Small Business,2025
18859,Small Business,2022
18860,Small Business,2023
18861,Consumer,2025
18862,Consumer,2024
18863,Consumer,2024
18864,Small Business,2025
18865,Consumer,2024
18866,Consumer,2025
18867,Small Business,2025
18868,Consumer,2022
18869,Small Business,2023
18870,Small Business,2022
18871,Consumer,2021
18872,Consumer,2023
18873,Consumer,2023
18874,Consumer,2020
18875,Enterprise,2025
18876,Consumer,2021
18877,Consumer,2022
18878,Consumer,2024
18879,Small Business,2023
18880,Consumer,2019
18881,Small Business,2021
18882,Enterprise,2022
18883,Consumer,2024
18884,Consumer,2021
18885,Consumer,2022
18886,Small Business,2023
18887,Consumer,2022
18888,Small Business,2020
18889,Small Business,2022
18890,Consumer,2025
18891,Consumer,2023
18892,Enterprise,2024
18893,Small Business,2024
18894,Consumer,2019
18895,Consumer,2022
18896,Consumer,2021
18897,Consumer,2022
18898,Enterprise,2019
18899,Consumer,2020
18900,Small Business,2019
18901,Consumer,2019
18902,Small Business,2021
18903,Consumer,2024
18904,Small Business,2021
18905,Consumer,2024
18906,Small Business,2022
18907,Consumer,2023
18908,Consumer,2021
18909,Consumer,2021
18910,Consumer,2021
18911,Consumer,2021
18912,Consumer,2025
18913,Consumer,2019
18914,Consumer,2025
18915,Consumer,2025
18916,Consumer,2019
18917,Consumer,2021
18918,Consumer,2023
18919,Small Business,2021
18920,Consumer,2019
18921,Consumer,2021
18922,Small Business,2024
18923,Small Business,2022
18924,Consumer,2024
18925,Consumer,2021
18926,Small Business,2023
18927,Small Business,2024
18928,Consumer,2023
18929,Consumer,2022
18930,Small Business,2024
18931,Small Business,2020
18932,Consumer,2019
18933,Consumer,2019
18934,Consumer,2023
18935,Consumer,2021
18936,Consumer,2019
18937,Consumer,2020
18938,Consumer,2019
18939,Consumer,2021
18940,Small Business,2023
18941,Small Business,2020
18942,Small Business,2020
18943,Small Business,2025
18944,Enterprise,2019
18945,Consumer,2024
18946,Consumer,2019
18947,Small Business,2024
18948,Consumer,2025
18949,Consumer,2021
18950,Enterprise,2020
18951,Consumer,2020
18952,Small Business,2021
18953,Consumer,2020
18954,Consumer,2020
18955,Small Business,2020
18956,Small Business,2025
18957,Consumer,2021
18958,Consumer,2019
18959,Consumer,2021
18960,Consumer,2022
18961,Consumer,2019
18962,Consumer,2022
18963,Consumer,2025
18964,Consumer,2023
18965,Consumer,2021
18966,Consumer,2025
18967,Consumer,2021
18968,Consumer,2019
18969,Enterprise,2020
18970,Enterprise,2019
18971,Small Business,2022
18972,Consumer,2021
18973,Small Business,2019
18974,Consumer,2021
18975,Consumer,2020
18976,Small Business,2025
18977,Consumer,2023
18978,Small Business,2020
18979,Consumer,2024
18980,Consumer,2024
18981,Consumer,2024
18982,Small Business,2019
18983,Consumer,2022
18984,Consumer,2019
18985,Consumer,2023
18986,Enterprise,2024
18987,Consumer,2019
18988,Enterprise,2024
18989,Consumer,2020
18990,Consumer,2019
18991,Consumer,2020
18992,Small Business,2025
18993,Consumer,2021
18994,Consumer,2019
18995,Consumer,2019
18996,Small Business,2025
18997,Consumer,2023
18998,Consumer,2020
18999,Consumer,2023
19000,Consumer,2019
19001,Small Business,2023
19002,Consumer,2024
19003,Enterprise,2024
19004,Small Business,2020
19005,Consumer,2021
19006,Small Business,2022
19007,Consumer,2019
19008,Consumer,2024
19009,Consumer,2023
19010,Small Business,2020
19011,Consumer,2024
19012,Small Business,2024
19013,Consumer,2020
19014,Consumer,2022
19015,Enterprise,2021
19016,Consumer,2020
19017,Consumer,2024
19018,Small Business,2019
19019,Consumer,2021
19020,Small Business,2020
19021,Small Business,2021
19022,Consumer,2021
19023,Consumer,2023
19024,Enterprise,2021
19025,Small Business,2022
19026,Consumer,2024
19027,Consumer,2020
19028,Consumer,2021
19029,Consumer,2022
19030,Consumer,2021
19031,Consumer,2022
19032,Consumer,2024
19033,Consumer,2023
19034,Small Business,2022
19035,Consumer,2023
19036,Consumer,2025
19037,Consumer,2019
19038,Consumer,2023
19039,Enterprise,2019
19040,Consumer,2025
19041,Consumer,2024
19042,Enterprise,2025
19043,Consumer,2023
19044,Consumer,2021
19045,Small Business,2019
19046,Small Business,2023
19047,Consumer,2025
19048,Consumer,2019
19049,Consumer,2020
19050,Consumer,2022
19051,Consumer,2022
19052,Small Business,2021
19053,Consumer,2020
19054,Small Business,2022
19055,Small Business,2022
19056,Small Business,2020
19057,Small Business,2023
19058,Consumer,2025
19059,Consumer,2019
19060,Consumer,2019
19061,Consumer,2022
19062,Consumer,2024
19063,Small Business,2019
19064,Consumer,2025
19065,Consumer,2022
19066,Small Business,2019
19067,Consumer,2022
19068,Consumer,2022
19069,Consumer,2021
19070,Consumer,2023
19071,Small Business,2020
19072,Consumer,2025
19073,Consumer,2021
19074,Consumer,2025
19075,Consumer,2024
19076,Consumer,2021
19077,Consumer,2020
19078,Small Business,2025
19079,Small Business,2023
19080,Consumer,2021
19081,Consumer,2020
19082,Small Business,2021
19083,Consumer,2023
19084,Consumer,2022
19085,Consumer,2019
19086,Consumer,2024
19087,Enterprise,2021
19088,Consumer,2020
19089,Enterprise,2023
19090,Small Business,2024
19091,Enterprise,2024
19092,Small Business,2019
19093,Small Business,2021
19094,Consumer,2020
19095,Small Business,2023
19096,Consumer,2025
19097,Small Business,2019
19098,Consumer,2023
19099,Consumer,2022
19100,Consumer,2022
19101,Consumer,2025
19102,Consumer,2024
19103,Consumer,2019
19104,Consumer,2022
19105,Consumer,2024
19106,Consumer,2019
19107,Consumer,2022
19108,Consumer,2022
19109,Consumer,2019
19110,Consumer,2025
19111,Consumer,2021
19112,Enterprise,2020
19113,Consumer,2019
19114,Consumer,2019
19115,Consumer,2020
19116,Small Business,2024
19117,Consumer,2020
19118,Consumer,2022
19119,Consumer,2023
19120,Consumer,2021
19121,Consumer,2021
19122,Enterprise,2022
19123,Enterprise,2025
19124,Consumer,2025
19125,Consumer,2021
19126,Consumer,2020
19127,Enterprise,2021
19128,Small Business,2020
19129,Consumer,2022
19130,Consumer,2022
19131,Consumer,2022
19132,Small Business,2022
19133,Consumer,2025
19134,Consumer,2020
19135,Consumer,2024
19136,Consumer,2023
19137,Small Business,2024
19138,Consumer,2023
19139,Consumer,2024
19140,Consumer,2023
19141,Consumer,2023
19142,Consumer,2021
19143,Small Business,2025
19144,Consumer,2021
19145,Consumer,2024
19146,Consumer,2021
19147,Consumer,2024
19148,Small Business,2024
19149,Consumer,2020
19150,Small Business,2023
19151,Small Business,2022
19152,Enterprise,2021
19153,Consumer,2020
19154,Consumer,2023
19155,Small Business,2024
19156,Small Business,2021
19157,Consumer,2021
19158,Small Business,2025
19159,Consumer,2024
19160,Consumer,2024
19161,Consumer,2023
19162,Consumer,2019
19163,Consumer,2020
19164,Consumer,2019
19165,Consumer,2021
19166,Consumer,2019
19167,Small Business,2022
19168,Consumer,2019
19169,Consumer,2025
19170,Consumer,2022
19171,Consumer,2019
19172,Consumer,2020
19173,Consumer,2020
19174,Small Business,2023
19175,Consumer,2024
19176,Consumer,2022
19177,Consumer,2024
19178,Consumer,2019
19179,Consumer,2021
19180,Consumer,2019
19181,Consumer,2021
19182,Small Business,2019
19183,Consumer,2024
19184,Consumer,2022
19185,Consumer,2024
19186,Consumer,2023
19187,Small Business,2019
19188,Consumer,2021
19189,Small Business,2019
19190,Consumer,2019
19191,Consumer,2025
19192,Consumer,2025
19193,Small Business,2019
19194,Consumer,2021
19195,Small Business,2021
19196,Consumer,2022
19197,Consumer,2023
19198,Consumer,2021
19199,Consumer,2024
19200,Consumer,2019
19201,Consumer,2023
19202,Small Business,2023
19203,Consumer,2022
19204,Consumer,2023
19205,Consumer,2023
19206,Consumer,2020
19207,Consumer,2024
19208,Consumer,2020
19209,Consumer,2020
19210,Consumer,2022
19211,Consumer,2023
19212,Small Business,2021
19213,Consumer,2019
19214,Consumer,2025
19215,Small Business,2024
19216,Consumer,2022
19217,Consumer,2021
19218,Consumer,2025
19219,Consumer,2021
19220,Consumer,2020
19221,Consumer,2020
19222,Consumer,2022
19223,Consumer,2024
19224,Consumer,2021
19225,Consumer,2020
19226,Consumer,2025
19227,Consumer,2019
19228,Small Business,2022
19229,Consumer,2020
19230,Small Business,2023
19231,Consumer,2021
19232,Consumer,2019
19233,Consumer,2020
19234,Consumer,2022
19235,Consumer,2020
19236,Consumer,2023
19237,Small Business,2024
19238,Small Business,2021
19239,Enterprise,2025
19240,Consumer,2024
19241,Consumer,2019
19242,Small Business,2022
19243,Consumer,2022
19244,Consumer,2022
19245,Consumer,2022
19246,Consumer,2021
19247,Consumer,2022
19248,Consumer,2023
19249,Consumer,2024
19250,Small Business,2019
19251,Consumer,2019
19252,Consumer,2022
19253,Consumer,2021
19254,Enterprise,2025
19255,Consumer,2023
19256,Consumer,2020
19257,Consumer,2024
19258,Enterprise,2025
19259,Consumer,2019
19260,Consumer,2025
19261,Consumer,2021
19262,Small Business,2020
19263,Consumer,2019
19264,Consumer,2019
19265,Consumer,2019
19266,Consumer,2024
19267,Consumer,2025
19268,Consumer,2025
19269,Consumer,2022
19270,Small Business,2020
19271,Consumer,2025
19272,Small Business,2025
19273,Consumer,2021
19274,Small Business,2020
19275,Consumer,2024
19276,Consumer,2021
19277,Consumer,2022
19278,Consumer,2025
19279,Consumer,2020
19280,Consumer,2021
19281,Small Business,2020
19282,Consumer,2024
19283,Consumer,2019
19284,Small Business,2020
19285,Consumer,2021
19286,Small Business,2021
19287,Consumer,2024
19288,Consumer,2025
19289,Small Business,2023
19290,Consumer,2020
19291,Consumer,2023
19292,Consumer,2023
19293,Consumer,2019
19294,Consumer,2025
19295,Consumer,2022
19296,Consumer,2024
19297,Consumer,2019
19298,Consumer,2025
19299,Consumer,2025
19300,Consumer,2025
19301,Small Business,2022
19302,Consumer,2019
19303,Consumer,2022
19304,Consumer,2023
19305,Consumer,2022
19306,Consumer,2021
19307,Consumer,2021
19308,Small Business,2023
19309,Small Business,2023
19310,Consumer,2024
19311,Consumer,2019
19312,Consumer,2020
19313,Small Business,2025
19314,Consumer,2024
19315,Small Business,2023
19316,Consumer,2021
19317,Consumer,2021
19318,Consumer,2023
19319,Consumer,2024
19320,Consumer,2021
19321,Consumer,2025
19322,Consumer,2021
19323,Consumer,2021
19324,Consumer,2023
19325,Consumer,2024
19326,Consumer,2022
19327,Consumer,2025
19328,Consumer,2024
19329,Consumer,2020
19330,Consumer,2024
19331,Consumer,2024
19332,Enterprise,2025
19333,Consumer,2022
19334,Consumer,2024
19335,Consumer,2024
19336,Consumer,2025
19337,Consumer,2021
19338,Consumer,2020
19339,Small Business,2024
19340,Enterprise,2023
19341,Small Business,2025
19342,Consumer,2019
19343,Consumer,2019
19344,Small Business,2022
19345,Consumer,2023
19346,Consumer,2025
19347,Enterprise,2023
19348,Consumer,2024
19349,Consumer,2021
19350,Small Business,2023
19351,Consumer,2019
19352,Small Business,2023
19353,Consumer,2019
19354,Consumer,2020
19355,Small Business,2020
19356,Small Business,2025
19357,Small Business,2020
19358,Consumer,2020
19359,Consumer,2025
19360,Consumer,2020
19361,Consumer,2022
19362,Enterprise,2019
19363,Enterprise,2022
19364,Consumer,2025
19365,Enterprise,2021
19366,Consumer,2022
19367,Small Business,2025
19368,Consumer,2022
19369,Consumer,2025
19370,Consumer,2021
19371,Consumer,2020
19372,Small Business,2019
19373,Consumer,2021
19374,Small Business,2019
19375,Consumer,2023
19376,Consumer,2019
19377,Consumer,2019
19378,Small Business,2022
19379,Small Business,2023
19380,Consumer,2020
19381,Consumer,2024
19382,Consumer,2021
19383,Small Business,2020
19384,Enterprise,2022
19385,Small Business,2025
19386,Consumer,2022
19387,Small Business,2024
19388,Consumer,2025
19389,Small Business,2020
19390,Consumer,2019
19391,Consumer,2023
19392,Consumer,2022
19393,Small Business,2021
19394,Consumer,2019
19395,Consumer,2020
19396,Small Business,2025
19397,Enterprise,2020
19398,Consumer,2025
19399,Consumer,2020
19400,Consumer,2019
19401,Consumer,2022
19402,Consumer,2019
19403,Consumer,2020
19404,Consumer,2019
19405,Consumer,2019
19406,Consumer,2019
19407,Consumer,2025
19408,Consumer,2020
19409,Consumer,2020
19410,Consumer,2020
19411,Consumer,2019
19412,Small Business,2020
19413,Small Business,2019
19414,Consumer,2020
19415,Consumer,2022
19416,Small Business,2021
19417,Consumer,2020
19418,Consumer,2020
19419,Consumer,2022
19420,Consumer,2021
19421,Consumer,2019
19422,Consumer,2025
19423,Enterprise,2021
19424,Consumer,2021
19425,Consumer,2023
19426,Enterprise,2021
19427,Consumer,2023
19428,Consumer,2025
19429,Enterprise,2024
19430,Consumer,2021
19431,Consumer,2019
19432,Consumer,2019
19433,Consumer,2020
19434,Small Business,2023
19435,Consumer,2022
19436,Small Business,2020
19437,Consumer,2020
19438,Small Business,2022
19439,Consumer,2025
19440,Small Business,2024
19441,Consumer,2020
19442,Small Business,2022
19443,Small Business,2022
19444,Consumer,2024
19445,Consumer,2021
19446,Consumer,2021
19447,Consumer,2022
19448,Consumer,2020
19449,Consumer,2025
19450,Enterprise,2021
19451,Enterprise,2025
19452,Consumer,2021
19453,Consumer,2023
19454,Consumer,2024
19455,Small Business,2024
19456,Enterprise,2023
19457,Consumer,2023
19458,Consumer,2021
19459,Consumer,2019
19460,Consumer,2025
19461,Enterprise,2024
19462,Consumer,2020
19463,Consumer,2019
19464,Consumer,2025
19465,Consumer,2019
19466,Consumer,2019
19467,Consumer,2025
19468,Consumer,2023
19469,Consumer,2023
19470,Small Business,2023
19471,Small Business,2024
19472,Consumer,2023
19473,Consumer,2024
19474,Enterprise,2024
19475,Small Business,2020
19476,Enterprise,2023
19477,Consumer,2021
19478,Consumer,2023
19479,Consumer,2020
19480,Small Business,2025
19481,Consumer,2020
19482,Consumer,2020
19483,Enterprise,2019
19484,Enterprise,2022
19485,Consumer,2021
19486,Consumer,2023
19487,Consumer,2021
19488,Consumer,2021
19489,Consumer,2021
19490,Consumer,2020
19491,Small Business,2023
19492,Small Business,2019
19493,Small Business,2025
19494,Small Business,2020
19495,Consumer,2019
19496,Consumer,2023
19497,Consumer,2023
19498,Consumer,2023
19499,Consumer,2021
19500,Consumer,2020
19501,Consumer,2025
19502,Consumer,2022
19503,Consumer,2022
19504,Consumer,2020
19505,Consumer,2024
19506,Consumer,2025
19507,Small Business,2023
19508,Consumer,2024
19509,Consumer,2023
19510,Consumer,2020
19511,Consumer,2022
19512,Consumer,2021
19513,Consumer,2021
19514,Consumer,2024
19515,Small Business,2024
19516,Small Business,2022
19517,Consumer,2019
19518,Small Business,2021
19519,Consumer,2024
19520,Consumer,2023
19521,Small Business,2022
19522,Enterprise,2021
19523,Consumer,2025
19524,Consumer,2025
19525,Consumer,2023
19526,Consumer,2025
19527,Consumer,2020
19528,Consumer,2020
19529,Small Business,2023
19530,Consumer,2023
19531,Consumer,2020
19532,Small Business,2024
19533,Consumer,2024
19534,Consumer,2020
19535,Consumer,2023
19536,Consumer,2025
19537,Consumer,2024
19538,Consumer,2021
19539,Consumer,2024
19540,Consumer,2021
19541,Small Business,2025
19542,Small Business,2025
19543,Consumer,2021
19544,Consumer,2023
19545,Small Business,2025
19546,Consumer,2021
19547,Consumer,2024
19548,Consumer,2022
19549,Consumer,2022
19550,Consumer,2023
19551,Consumer,2022
19552,Consumer,2023
19553,Small Business,2025
19554,Consumer,2020
19555,Small Business,2020
19556,Consumer,2023
19557,Consumer,2025
19558,Consumer,2024
19559,Consumer,2021
19560,Consumer,2024
19561,Small Business,2025
19562,Consumer,2021
19563,Enterprise,2019
19564,Consumer,2025
19565,Consumer,2020
19566,Consumer,2019
19567,Small Business,2021
19568,Consumer,2024
19569,Consumer,2024
19570,Consumer,2021
19571,Consumer,2023
19572,Consumer,2025
19573,Small Business,2019
19574,Consumer,2025
19575,Small Business,2023
19576,Consumer,2025
19577,Small Business,2019
19578,Enterprise,2020
19579,Consumer,2021
19580,Enterprise,2024
19581,Small Business,2023
19582,Consumer,2021
19583,Consumer,2020
19584,Consumer,2022
19585,Consumer,2020
19586,Consumer,2025
19587,Consumer,2024
19588,Consumer,2024
19589,Consumer,2022
19590,Consumer,2023
19591,Consumer,2020
19592,Enterprise,2019
19593,Consumer,2020
19594,Consumer,2022
19595,Consumer,2025
19596,Enterprise,2019
19597,Consumer,2021
19598,Consumer,2019
19599,Consumer,2022
19600,Consumer,2025
19601,Consumer,2019
19602,Consumer,2023
19603,Consumer,2020
19604,Consumer,2019
19605,Enterprise,2022
19606,Consumer,2022
19607,Enterprise,2025
19608,Consumer,2021
19609,Consumer,2023
19610,Consumer,2020
19611,Small Business,2023
19612,Small Business,2024
19613,Consumer,2021
19614,Consumer,2020
19615,Consumer,2022
19616,Consumer,2020
19617,Small Business,2023
19618,Consumer,2020
19619,Consumer,2023
19620,Consumer,2023
19621,Consumer,2025
19622,Enterprise,2020
19623,Consumer,2025
19624,Small Business,2021
19625,Consumer,2020
19626,Consumer,2025
19627,Consumer,2022
19628,Consumer,2022
19629,Consumer,2021
19630,Consumer,2020
19631,Small Business,2019
19632,Consumer,2025
19633,Consumer,2019
19634,Consumer,2022
19635,Consumer,2020
19636,Consumer,2024
19637,Consumer,2023
19638,Consumer,2019
19639,Consumer,2019
19640,Consumer,2020
19641,Small Business,2023
19642,Consumer,2019
19643,Enterprise,2020
19644,Consumer,2022
19645,Small Business,2020
19646,Enterprise,2021
19647,Consumer,2021
19648,Consumer,2021
19649,Consumer,2019
19650,Consumer,2021
19651,Consumer,2022
19652,Consumer,2021
19653,Small Business,2025
19654,Consumer,2021
19655,Small Business,2021
19656,Consumer,2020
19657,Consumer,2023
19658,Consumer,2022
19659,Consumer,2019
19660,Consumer,2025
19661,Consumer,2025
19662,Consumer,2025
19663,Consumer,2024
19664,Small Business,2019
19665,Consumer,2025
19666,Small Business,2021
19667,Consumer,2025
19668,Consumer,2020
19669,Consumer,2023
19670,Small Business,2022
19671,Consumer,2022
19672,Consumer,2021
19673,Small Business,2019
19674,Small Business,2025
19675,Small Business,2024
19676,Small Business,2025
19677,Consumer,2022
19678,Small Business,2021
19679,Consumer,2023
19680,Small Business,2021
19681,Consumer,2025
19682,Consumer,2022
19683,Consumer,2023
19684,Small Business,2023
19685,Consumer,2021
19686,Small Business,2024
19687,Consumer,2022
19688,Consumer,2019
19689,Consumer,2021
19690,Consumer,2019
19691,Consumer,2024
19692,Enterprise,2023
19693,Consumer,2025
19694,Consumer,2022
19695,Consumer,2025
19696,Small Business,2023
19697,Consumer,2021
19698,Small Business,2021
19699,Consumer,2025
19700,Small Business,2020
19701,Consumer,2019
19702,Small Business,2019
19703,Small Business,2023
19704,Small Business,2024
19705,Consumer,2022
19706,Small Business,2021
19707,Consumer,2020
19708,Consumer,2019
19709,Consumer,2024
19710,Consumer,2020
19711,Consumer,2025
19712,Consumer,2025
19713,Consumer,2024
19714,Consumer,2022
19715,Consumer,2021
19716,Consumer,2024
19717,Consumer,2019
19718,Consumer,2025
19719,Consumer,2024
19720,Small Business,2019
19721,Consumer,2020
19722,Consumer,2025
19723,Small Business,2023
19724,Small Business,2021
19725,Consumer,2024
19726,Small Business,2023
19727,Enterprise,2025
19728,Consumer,2021
19729,Consumer,2023
19730,Consumer,2023
19731,Small Business,2019
19732,Consumer,2023
19733,Consumer,2024
19734,Small Business,2019
19735,Small Business,2024
19736,Consumer,2022
19737,Enterprise,2021
19738,Small Business,2020
19739,Small Business,2024
19740,Enterprise,2019
19741,Consumer,2025
19742,Small Business,2023
19743,Consumer,2020
19744,Small Business,2023
19745,Small Business,2024
19746,Small Business,2020
19747,Small Business,2025
19748,Small Business,2019
19749,Consumer,2019
19750,Consumer,2025
19751,Consumer,2024
19752,Small Business,2022
19753,Consumer,2021
19754,Consumer,2023
19755,Consumer,2023
19756,Consumer,2019
19757,Consumer,2022
19758,Enterprise,2023
19759,Small Business,2023
19760,Consumer,2024
19761,Small Business,2025
19762,Consumer,2019
19763,Consumer,2022
19764,Consumer,2022
19765,Small Business,2020
19766,Consumer,2019
19767,Consumer,2025
19768,Consumer,2020
19769,Consumer,2022
19770,Consumer,2023
19771,Consumer,2022
19772,Small Business,2023
19773,Consumer,2019
19774,Consumer,2022
19775,Consumer,2024
19776,Consumer,2022
19777,Small Business,2025
19778,Consumer,2022
19779,Consumer,2021
19780,Small Business,2022
19781,Small Business,2021
19782,Consumer,2021
19783,Consumer,2022
19784,Small Business,2020
19785,Consumer,2019
19786,Enterprise,2020
19787,Consumer,2019
19788,Small Business,2025
19789,Consumer,2025
19790,Consumer,2020
19791,Small Business,2025
19792,Consumer,2021
19793,Consumer,2021
19794,Consumer,2022
19795,Small Business,2025
19796,Consumer,2024
19797,Consumer,2023
19798,Consumer,2024
19799,Consumer,2025
19800,Small Business,2024
19801,Consumer,2022
19802,Consumer,2021
19803,Consumer,2022
19804,Consumer,2020
19805,Consumer,2023
19806,Consumer,2024
19807,Small Business,2019
19808,Small Business,2025
19809,Small Business,2023
19810,Consumer,2025
19811,Small Business,2023
19812,Consumer,2025
19813,Consumer,2024
19814,Consumer,2021
19815,Consumer,2022
19816,Consumer,2020
19817,Consumer,2024
19818,Small Business,2023
19819,Enterprise,2023
19820,Consumer,2023
19821,Enterprise,2023
19822,Consumer,2020
19823,Consumer,2023
19824,Enterprise,2023
19825,Consumer,2023
19826,Consumer,2025
19827,Consumer,2021
19828,Consumer,2020
19829,Small Business,2025
19830,Consumer,2021
19831,Consumer,2020
19832,Consumer,2021
19833,Consumer,2024
19834,Consumer,2020
19835,Small Business,2019
19836,Consumer,2024
19837,Small Business,2022
19838,Consumer,2023
19839,Consumer,2020
19840,Consumer,2020
19841,Consumer,2022
19842,Small Business,2025
19843,Small Business,2024
19844,Consumer,2021
19845,Small Business,2020
19846,Small Business,2022
19847,Consumer,2019
19848,Consumer,2023
19849,Small Business,2022
19850,Small Business,2025
19851,Consumer,2025
19852,Consumer,2020
19853,Consumer,2019
19854,Consumer,2023
19855,Consumer,2019
19856,Consumer,2023
19857,Consumer,2025
19858,Consumer,2025
19859,Consumer,2024
19860,Consumer,2024
19861,Consumer,2020
19862,Small Business,2025
19863,Small Business,2024
19864,Consumer,2019
19865,Small Business,2023
19866,Small Business,2021
19867,Consumer,2020
19868,Enterprise,2021
19869,Consumer,2025
19870,Consumer,2022
19871,Small Business,2020
19872,Consumer,2024
19873,Consumer,2020
19874,Consumer,2022
19875,Consumer,2019
19876,Consumer,2019
19877,Consumer,2025
19878,Enterprise,2023
19879,Consumer,2023
19880,Small Business,2019
19881,Consumer,2023
19882,Consumer,2019
19883,Small Business,2020
19884,Consumer,2024
19885,Consumer,2022
19886,Small Business,2024
19887,Consumer,2021
19888,Consumer,2021
19889,Enterprise,2024
19890,Consumer,2022
19891,Consumer,2025
19892,Consumer,2022
19893,Consumer,2020
19894,Consumer,2019
19895,Consumer,2020
19896,Consumer,2022
19897,Small Business,2023
19898,Small Business,2019
19899,Consumer,2020
19900,Consumer,2024
19901,Consumer,2021
19902,Small Business,2024
19903,Consumer,2021
19904,Small Business,2020
19905,Consumer,2023
19906,Small Business,2020
19907,Enterprise,2023
19908,Consumer,2020
19909,Consumer,2024
19910,Consumer,2025
19911,Consumer,2025
19912,Small Business,2024
19913,Consumer,2019
19914,Consumer,2024
19915,Enterprise,2023
19916,Enterprise,2022
19917,Consumer,2024
19918,Enterprise,2024
19919,Consumer,2025
19920,Consumer,2023
19921,Consumer,2023
19922,Consumer,2021
19923,Consumer,2023
19924,Consumer,2022
19925,Consumer,2023
19926,Small Business,2021
19927,Consumer,2020
19928,Consumer,2021
19929,Consumer,2021
19930,Consumer,2020
19931,Consumer,2019
19932,Consumer,2021
19933,Consumer,2022
19934,Enterprise,2023
19935,Consumer,2023
19936,Consumer,2020
19937,Small Business,2020
19938,Small Business,2019
19939,Consumer,2023
19940,Small Business,2023
19941,Consumer,2022
19942,Consumer,2022
19943,Small Business,2023
19944,Consumer,2021
19945,Small Business,2024
19946,Consumer,2025
19947,Small Business,2020
19948,Small Business,2022
19949,Consumer,2021
19950,Consumer,2021
19951,Consumer,2021
19952,Small Business,2020
19953,Consumer,2021
19954,Small Business,2021
19955,Consumer,2024
19956,Consumer,2020
19957,Small Business,2019
19958,Small Business,2025
19959,Consumer,2025
19960,Consumer,2025
19961,Small Business,2020
19962,Small Business,2021
19963,Consumer,2021
19964,Consumer,2020
19965,Consumer,2025
19966,Consumer,2019
19967,Consumer,2023
19968,Consumer,2024
19969,Small Business,2019
19970,Consumer,2025
19971,Small Business,2020
19972,Consumer,2021
19973,Consumer,2022
19974,Consumer,2025
19975,Consumer,2025
19976,Consumer,2020
19977,Small Business,2021
19978,Small Business,2023
19979,Small Business,2021
19980,Small Business,2019
19981,Small Business,2024
19982,Consumer,2022
19983,Consumer,2019
19984,Consumer,2023
19985,Consumer,2025
19986,Consumer,2023
19987,Small Business,2022
19988,Consumer,2024
19989,Enterprise,2020
19990,Consumer,2019
19991,Small Business,2022
19992,Enterprise,2020
19993,Consumer,2022
19994,Small Business,2023
19995,Small Business,2024
19996,Small Business,2023
19997,Enterprise,2023
19998,Consumer,2025
19999,Consumer,2025
20000,Consumer,2024
20001,Consumer,2025
20002,Consumer,2022
20003,Consumer,2024
20004,Consumer,2022
20005,Small Business,2023
20006,Enterprise,2023
20007,Enterprise,2019
20008,Consumer,2019
20009,Consumer,2025
20010,Consumer,2021
20011,Consumer,2019
20012,Consumer,2019
20013,Consumer,2019
20014,Enterprise,2020
20015,Consumer,2024
20016,Small Business,2024
20017,Small Business,2019
20018,Small Business,2022
20019,Consumer,2023
20020,Consumer,2025
20021,Enterprise,2025
20022,Consumer,2025
20023,Consumer,2024
20024,Enterprise,2024
20025,Small Business,2024
20026,Small Business,2024
20027,Consumer,2025
20028,Consumer,2020
20029,Small Business,2019
20030,Consumer,2020
20031,Consumer,2025
20032,Consumer,2023
20033,Consumer,2022
20034,Consumer,2021
20035,Small Business,2020
20036,Consumer,2021
20037,Consumer,2025
20038,Enterprise,2025
20039,Enterprise,2025
20040,Consumer,2023
20041,Small Business,2023
20042,Consumer,2019
20043,Consumer,2023
20044,Consumer,2024
20045,Consumer,2021
20046,Small Business,2024
20047,Small Business,2023
20048,Consumer,2025
20049,Consumer,2019
20050,Enterprise,2023
20051,Consumer,2021
20052,Consumer,2019
20053,Consumer,2021
20054,Consumer,2024
20055,Consumer,2020
20056,Consumer,2023
20057,Consumer,2020
20058,Consumer,2022
20059,Consumer,2020
20060,Consumer,2024
20061,Consumer,2025
20062,Consumer,2022
20063,Small Business,2021
20064,Small Business,2025
20065,Consumer,2025
20066,Consumer,2025
20067,Consumer,2024
20068,Consumer,2020
20069,Consumer,2020
20070,Enterprise,2022
20071,Consumer,2022
20072,Consumer,2020
20073,Consumer,2020
20074,Consumer,2021
20075,Consumer,2021
20076,Consumer,2020
20077,Consumer,2022
20078,Small Business,2022
20079,Consumer,2019
20080,Consumer,2019
20081,Enterprise,2019
20082,Small Business,2024
20083,Consumer,2024
20084,Enterprise,2020
20085,Small Business,2025
20086,Consumer,2020
20087,Consumer,2025
20088,Consumer,2020
20089,Consumer,2024
20090,Enterprise,2021
20091,Consumer,2024
20092,Consumer,2019
20093,Consumer,2023
20094,Small Business,2025
20095,Consumer,2019
20096,Consumer,2021
20097,Consumer,2025
20098,Consumer,2025
20099,Consumer,2022
20100,Consumer,2019
20101,Consumer,2025
20102,Consumer,2020
20103,Consumer,2021
20104,Consumer,2024
20105,Consumer,2019
20106,Consumer,2022
20107,Consumer,2023
20108,Consumer,2019
20109,Consumer,2022
20110,Consumer,2019
20111,Consumer,2023
20112,Consumer,2025
20113,Consumer,2020
20114,Enterprise,2020
20115,Consumer,2019
20116,Consumer,2021
20117,Small Business,2019
20118,Consumer,2025
20119,Small Business,2019
20120,Consumer,2023
20121,Consumer,2021
20122,Small Business,2024
20123,Consumer,2019
20124,Small Business,2022
20125,Consumer,2019
20126,Consumer,2023
20127,Consumer,2020
20128,Consumer,2023
20129,Consumer,2021
20130,Enterprise,2020
20131,Consumer,2020
20132,Small Business,2023
20133,Consumer,2020
20134,Consumer,2025
20135,Consumer,2024
20136,Consumer,2021
20137,Consumer,2021
20138,Small Business,2022
20139,Small Business,2024
20140,Consumer,2021
20141,Consumer,2021
20142,Consumer,2023
20143,Consumer,2020
20144,Consumer,2023
20145,Consumer,2021
20146,Consumer,2022
20147,Consumer,2024
20148,Enterprise,2019
20149,Small Business,2023
20150,Enterprise,2020
20151,Consumer,2019
20152,Consumer,2021
20153,Consumer,2024
20154,Small Business,2024
20155,Consumer,2020
20156,Consumer,2021
20157,Consumer,2025
20158,Consumer,2021
20159,Consumer,2020
20160,Consumer,2022
20161,Small Business,2024
20162,Enterprise,2022
20163,Consumer,2022
20164,Consumer,2024
20165,Small Business,2025
20166,Consumer,2023
20167,Small Business,2021
20168,Small Business,2024
20169,Consumer,2024
20170,Consumer,2020
20171,Consumer,2023
20172,Consumer,2024
20173,Enterprise,2021
20174,Consumer,2021
20175,Consumer,2023
20176,Consumer,2019
20177,Small Business,2021
20178,Consumer,2023
20179,Consumer,2022
20180,Consumer,2019
20181,Consumer,2019
20182,Consumer,2019
20183,Consumer,2022
20184,Consumer,2019
20185,Small Business,2024
20186,Small Business,2023
20187,Enterprise,2022
20188,Enterprise,2020
20189,Consumer,2020
20190,Consumer,2024
20191,Consumer,2023
20192,Consumer,2021
20193,Enterprise,2020
20194,Consumer,2021
20195,Consumer,2021
20196,Consumer,2022
20197,Small Business,2020
20198,Consumer,2024
20199,Consumer,2019
20200,Consumer,2023
20201,Consumer,2019
20202,Small Business,2020
20203,Consumer,2025
20204,Small Business,2024
20205,Consumer,2025
20206,Consumer,2022
20207,Enterprise,2019
20208,Consumer,2025
20209,Consumer,2024
20210,Consumer,2022
20211,Small Business,2024
20212,Consumer,2021
20213,Consumer,2024
20214,Small Business,2024
20215,Consumer,2019
20216,Consumer,2019
20217,Consumer,2024
20218,Consumer,2024
20219,Small Business,2021
20220,Consumer,2022
20221,Small Business,2019
20222,Enterprise,2020
20223,Consumer,2019
20224,Consumer,2019
20225,Consumer,2019
20226,Small Business,2019
20227,Consumer,2025
20228,Consumer,2019
20229,Enterprise,2019
20230,Consumer,2022
20231,Small Business,2023
20232,Consumer,2023
20233,Consumer,2019
20234,Consumer,2019
20235,Small Business,2019
20236,Consumer,2020
20237,Consumer,2020
20238,Small Business,2024
20239,Enterprise,2023
20240,Consumer,2020
20241,Consumer,2019
20242,Consumer,2024
20243,Consumer,2023
20244,Consumer,2019
20245,Consumer,2022
20246,Consumer,2024
20247,Consumer,2020
20248,Consumer,2024
20249,Enterprise,2021
20250,Consumer,2020
20251,Small Business,2020
20252,Consumer,2021
20253,Small Business,2019
20254,Small Business,2021
20255,Consumer,2025
20256,Consumer,2019
20257,Consumer,2019
20258,Consumer,2021
20259,Small Business,2025
20260,Consumer,2023
20261,Consumer,2022
20262,Enterprise,2024
20263,Consumer,2019
20264,Consumer,2020
20265,Consumer,2024
20266,Enterprise,2024
20267,Consumer,2022
20268,Consumer,2020
20269,Consumer,2020
20270,Small Business,2019
20271,Consumer,2025
20272,Enterprise,2020
20273,Consumer,2024
20274,Consumer,2021
20275,Consumer,2025
20276,Consumer,2019
20277,Small Business,2022
20278,Consumer,2019
20279,Consumer,2019
20280,Consumer,2021
20281,Consumer,2023
20282,Small Business,2025
20283,Consumer,2020
20284,Small Business,2023
20285,Consumer,2024
20286,Enterprise,2025
20287,Small Business,2020
20288,Consumer,2019
20289,Consumer,2025
20290,Small Business,2025
20291,Consumer,2020
20292,Consumer,2019
20293,Small Business,2022
20294,Small Business,2020
20295,Small Business,2022
20296,Small Business,2019
20297,Consumer,2025
20298,Small Business,2021
20299,Consumer,2019
20300,Small Business,2020
20301,Consumer,2023
20302,Consumer,2024
20303,Enterprise,2019
20304,Consumer,2024
20305,Consumer,2025
20306,Consumer,2021
20307,Consumer,2023
20308,Consumer,2024
20309,Enterprise,2025
20310,Consumer,2020
20311,Consumer,2025
20312,Consumer,2019
20313,Small Business,2022
20314,Small Business,2020
20315,Consumer,2019
20316,Consumer,2020
20317,Consumer,2020
20318,Consumer,2019
20319,Consumer,2021
20320,Consumer,2019
20321,Consumer,2021
20322,Enterprise,2021
20323,Small Business,2022
20324,Small Business,2024
20325,Consumer,2019
20326,Enterprise,2024
20327,Consumer,2022
20328,Enterprise,2025
20329,Consumer,2021
20330,Consumer,2019
20331,Consumer,2020
20332,Small Business,2019
20333,Consumer,2025
20334,Consumer,2022
20335,Consumer,2025
20336,Enterprise,2023
20337,Small Business,2025
20338,Small Business,2020
20339,Consumer,2021
20340,Small Business,2024
20341,Consumer,2024
20342,Consumer,2025
20343,Consumer,2025
20344,Consumer,2021
20345,Consumer,2023
20346,Consumer,2025
20347,Small Business,2020
20348,Small Business,2019
20349,Consumer,2022
20350,Small Business,2022
20351,Consumer,2023
20352,Consumer,2020
20353,Consumer,2022
20354,Consumer,2023
20355,Consumer,2023
20356,Consumer,2019
20357,Small Business,2019
20358,Consumer,2022
20359,Small Business,2021
20360,Enterprise,2020
20361,Consumer,2024
20362,Consumer,2021
20363,Consumer,2023
20364,Consumer,2023
20365,Consumer,2024
20366,Consumer,2021
20367,Consumer,2019
20368,Consumer,2022
20369,Consumer,2020
20370,Consumer,2025
20371,Consumer,2025
20372,Small Business,2025
20373,Consumer,2024
20374,Consumer,2025
20375,Consumer,2025
20376,Consumer,2020
20377,Consumer,2023
20378,Consumer,2022
20379,Consumer,2019
20380,Consumer,2024
20381,Consumer,2019
20382,Small Business,2025
20383,Consumer,2023
20384,Consumer,2020
20385,Consumer,2019
20386,Consumer,2025
20387,Consumer,2024
20388,Consumer,2022
20389,Consumer,2024
20390,Enterprise,2024
20391,Consumer,2023
20392,Consumer,2022
20393,Consumer,2019
20394,Consumer,2021
20395,Consumer,2021
20396,Consumer,2019
20397,Small Business,2023
20398,Small Business,2020
20399,Consumer,2020
20400,Consumer,2023
20401,Consumer,2022
20402,Consumer,2022
20403,Small Business,2024
20404,Consumer,2022
20405,Consumer,2023
20406,Consumer,2023
20407,Consumer,2019
20408,Consumer,2022
20409,Consumer,2022
20410,Consumer,2019
20411,Consumer,2019
20412,Consumer,2020
20413,Consumer,2021
20414,Small Business,2022
20415,Consumer,2020
20416,Consumer,2021
20417,Consumer,2021
20418,Consumer,2025
20419,Consumer,2023
20420,Consumer,2025
20421,Consumer,2023
20422,Consumer,2022
20423,Consumer,2022
20424,Small Business,2020
20425,Consumer,2020
20426,Consumer,2024
20427,Small Business,2021
20428,Small Business,2020
20429,Consumer,2021
20430,Consumer,2022
20431,Consumer,2023
20432,Small Business,2025
20433,Consumer,2025
20434,Small Business,2025
20435,Consumer,2024
20436,Consumer,2025
20437,Small Business,2024
20438,Consumer,2019
20439,Consumer,2020
20440,Consumer,2022
20441,Consumer,2024
20442,Consumer,2024
20443,Consumer,2025
20444,Consumer,2020
20445,Consumer,2023
20446,Small Business,2024
20447,Consumer,2021
20448,Consumer,2021
20449,Consumer,2023
20450,Consumer,2025
20451,Small Business,2022
20452,Small Business,2021
20453,Small Business,2019
20454,Enterprise,2020
20455,Consumer,2019
20456,Consumer,2025
20457,Consumer,2024
20458,Enterprise,2023
20459,Consumer,2020
20460,Consumer,2022
20461,Small Business,2019
20462,Consumer,2025
20463,Enterprise,2019
20464,Small Business,2023
20465,Small Business,2022
20466,Consumer,2023
20467,Consumer,2019
20468,Small Business,2021
20469,Consumer,2024
20470,Consumer,2024
20471,Enterprise,2021
20472,Small Business,2023
20473,Enterprise,2024
20474,Consumer,2023
20475,Consumer,2021
20476,Small Business,2025
20477,Consumer,2025
20478,Consumer,2020
20479,Consumer,2019
20480,Small Business,2024
20481,Consumer,2019
20482,Consumer,2024
20483,Consumer,2024
20484,Consumer,2019
20485,Small Business,2022
20486,Consumer,2024
20487,Consumer,2019
20488,Consumer,2024
20489,Consumer,2019
20490,Consumer,2022
20491,Enterprise,2019
20492,Consumer,2019
20493,Consumer,2024
20494,Consumer,2019
20495,Enterprise,2025
20496,Small Business,2019
20497,Consumer,2023
20498,Consumer,2021
20499,Consumer,2023
20500,Small Business,2023
20501,Enterprise,2023
20502,Small Business,2022
20503,Small Business,2025
20504,Consumer,2022
20505,Consumer,2024
20506,Consumer,2021
20507,Small Business,2023
20508,Consumer,2023
20509,Consumer,2021
20510,Consumer,2025
20511,Consumer,2020
20512,Small Business,2024
20513,Consumer,2020
20514,Small Business,2024
20515,Consumer,2024
20516,Consumer,2021
20517,Small Business,2020
20518,Small Business,2025
20519,Small Business,2023
20520,Consumer,2025
20521,Consumer,2025
20522,Small Business,2025
20523,Small Business,2024
20524,Small Business,2023
20525,Small Business,2025
20526,Consumer,2021
20527,Consumer,2022
20528,Enterprise,2022
20529,Consumer,2021
20530,Small Business,2021
20531,Consumer,2025
20532,Small Business,2021
20533,Small Business,2019
20534,Consumer,2021
20535,Small Business,2021
20536,Consumer,2025
20537,Consumer,2024
20538,Small Business,2022
20539,Consumer,2024
20540,Consumer,2021
20541,Consumer,2020
20542,Enterprise,2023
20543,Consumer,2023
20544,Consumer,2021
20545,Consumer,2020
20546,Consumer,2019
20547,Small Business,2021
20548,Consumer,2024
20549,Small Business,2024
20550,Small Business,2021
20551,Enterprise,2023
20552,Small Business,2020
20553,Consumer,2020
20554,Small Business,2022
20555,Consumer,2021
20556,Consumer,2020
20557,Consumer,2020
20558,Small Business,2020
20559,Consumer,2021
20560,Consumer,2022
20561,Consumer,2025
20562,Consumer,2025
20563,Small Business,2023
20564,Consumer,2020
20565,Small Business,2020
20566,Small Business,2022
20567,Consumer,2023
20568,Consumer,2022
20569,Consumer,2019
20570,Consumer,2023
20571,Consumer,2021
20572,Consumer,2022
20573,Small Business,2025
20574,Consumer,2024
20575,Consumer,2022
20576,Consumer,2025
20577,Small Business,2020
20578,Consumer,2020
20579,Consumer,2020
20580,Consumer,2024
20581,Small Business,2024
20582,Consumer,2020
20583,Consumer,2020
20584,Consumer,2024
20585,Consumer,2022
20586,Small Business,2023
20587,Consumer,2020
20588,Consumer,2022
20589,Consumer,2023
20590,Consumer,2022
20591,Small Business,2024
20592,Consumer,2022
20593,Small Business,2022
20594,Small Business,2020
20595,Consumer,2023
20596,Consumer,2022
20597,Consumer,2023
20598,Consumer,2023
20599,Small Business,2021
20600,Consumer,2021
20601,Consumer,2021
20602,Small Business,2021
20603,Consumer,2024
20604,Small Business,2021
20605,Consumer,2019
20606,Consumer,2024
20607,Consumer,2020
20608,Consumer,2021
20609,Enterprise,2020
20610,Consumer,2023
20611,Small Business,2020
20612,Enterprise,2025
20613,Consumer,2021
20614,Small Business,2019
20615,Consumer,2022
20616,Consumer,2020
20617,Enterprise,2021
20618,Consumer,2025
20619,Small Business,2020
20620,Consumer,2024
20621,Consumer,2023
20622,Consumer,2021
20623,Consumer,2022
20624,Consumer,2019
20625,Consumer,2022
20626,Consumer,2022
20627,Enterprise,2023
20628,Consumer,2024
20629,Consumer,2025
20630,Consumer,2021
20631,Consumer,2025
20632,Consumer,2024
20633,Consumer,2021
20634,Consumer,2021
20635,Consumer,2022
20636,Consumer,2022
20637,Consumer,2021
20638,Consumer,2019
20639,Consumer,2024
20640,Small Business,2022
20641,Consumer,2020
20642,Consumer,2025
20643,Consumer,2025
20644,Consumer,2020
20645,Enterprise,2022
20646,Small Business,2023
20647,Small Business,2020
20648,Consumer,2021
20649,Consumer,2021
20650,Consumer,2021
20651,Small Business,2023
20652,Consumer,2019
20653,Consumer,2023
20654,Consumer,2022
20655,Small Business,2024
20656,Consumer,2025
20657,Consumer,2022
20658,Small Business,2020
20659,Consumer,2022
20660,Enterprise,2020
20661,Consumer,2022
20662,Enterprise,2020
20663,Small Business,2019
20664,Consumer,2022
20665,Small Business,2021
20666,Consumer,2020
20667,Consumer,2019
20668,Consumer,2025
20669,Consumer,2024
20670,Consumer,2023
20671,Consumer,2021
20672,Enterprise,2023
20673,Small Business,2022
20674,Consumer,2019
20675,Consumer,2025
20676,Consumer,2022
20677,Consumer,2022
20678,Small Business,2024
20679,Enterprise,2023
20680,Consumer,2022
20681,Consumer,2024
20682,Consumer,2024
20683,Consumer,2023
20684,Consumer,2023
20685,Consumer,2020
20686,Consumer,2025
20687,Consumer,2025
20688,Small Business,2021
20689,Small Business,2019
20690,Consumer,2024
20691,Consumer,2022
20692,Small Business,2020
20693,Consumer,2025
20694,Small Business,2022
20695,Consumer,2020
20696,Small Business,2023
20697,Consumer,2024
20698,Small Business,2022
20699,Consumer,2023
20700,Small Business,2019
20701,Consumer,2020
20702,Consumer,2022
20703,Small Business,2019
20704,Consumer,2020
20705,Consumer,2022
20706,Consumer,2022
20707,Small Business,2021
20708,Small Business,2019
20709,Consumer,2021
20710,Small Business,2022
20711,Small Business,2025
20712,Consumer,2021
20713,Consumer,2022
20714,Consumer,2019
20715,Consumer,2020
20716,Consumer,2023
20717,Consumer,2022
20718,Small Business,2021
20719,Consumer,2021
20720,Consumer,2023
20721,Consumer,2022
20722,Consumer,2025
20723,Small Business,2020
20724,Consumer,2025
20725,Small Business,2025
20726,Consumer,2022
20727,Consumer,2020
20728,Consumer,2022
20729,Consumer,2025
20730,Consumer,2022
20731,Consumer,2023
20732,Consumer,2021
20733,Consumer,2023
20734,Consumer,2021
20735,Consumer,2020
20736,Small Business,2020
20737,Consumer,2023
20738,Small Business,2025
20739,Small Business,2021
20740,Consumer,2019
20741,Consumer,2021
20742,Consumer,2021
20743,Consumer,2023
20744,Enterprise,2020
20745,Small Business,2024
20746,Consumer,2019
20747,Consumer,2021
20748,Consumer,2020
20749,Consumer,2025
20750,Consumer,2022
20751,Consumer,2025
20752,Consumer,2022
20753,Consumer,2024
20754,Consumer,2025
20755,Consumer,2024
20756,Consumer,2023
20757,Consumer,2024
20758,Consumer,2024
20759,Consumer,2023
20760,Enterprise,2022
20761,Consumer,2022
20762,Consumer,2020
20763,Consumer,2023
20764,Consumer,2024
20765,Consumer,2024
20766,Small Business,2022
20767,Enterprise,2022
20768,Consumer,2024
20769,Consumer,2025
20770,Small Business,2019
20771,Consumer,2023
20772,Consumer,2022
20773,Small Business,2020
20774,Consumer,2021
20775,Consumer,2025
20776,Consumer,2021
20777,Consumer,2022
20778,Enterprise,2023
20779,Consumer,2020
20780,Consumer,2024
20781,Consumer,2019
20782,Consumer,2025
20783,Consumer,2023
20784,Consumer,2024
20785,Consumer,2019
20786,Consumer,2024
20787,Small Business,2020
20788,Consumer,2024
20789,Enterprise,2021
20790,Consumer,2023
20791,Consumer,2025
20792,Enterprise,2024
20793,Small Business,2019
20794,Consumer,2020
20795,Consumer,2019
20796,Small Business,2025
20797,Consumer,2021
20798,Consumer,2022
20799,Consumer,2023
20800,Small Business,2020
20801,Consumer,2021
20802,Consumer,2022
20803,Enterprise,2019
20804,Consumer,2024
20805,Small Business,2025
20806,Consumer,2023
20807,Small Business,2022
20808,Consumer,2020
20809,Consumer,2021
20810,Consumer,2022
20811,Small Business,2020
20812,Consumer,2024
20813,Consumer,2022
20814,Consumer,2023
20815,Consumer,2022
20816,Consumer,2020
20817,Consumer,2023
20818,Consumer,2024
20819,Consumer,2021
20820,Consumer,2023
20821,Consumer,2025
20822,Consumer,2020
20823,Consumer,2025
20824,Enterprise,2021
20825,Consumer,2019
20826,Consumer,2021
20827,Small Business,2024
20828,Consumer,2023
20829,Enterprise,2021
20830,Consumer,2025
20831,Small Business,2025
20832,Small Business,2025
20833,Small Business,2022
20834,Consumer,2023
20835,Small Business,2022
20836,Small Business,2021
20837,Consumer,2022
20838,Consumer,2019
20839,Consumer,2020
20840,Enterprise,2023
20841,Small Business,2021
20842,Consumer,2022
20843,Consumer,2025
20844,Consumer,2023
20845,Consumer,2019
20846,Small Business,2025
20847,Consumer,2025
20848,Small Business,2020
20849,Consumer,2024
20850,Consumer,2021
20851,Small Business,2021
20852,Consumer,2023
20853,Enterprise,2025
20854,Enterprise,2021
20855,Small Business,2023
20856,Small Business,2020
20857,Consumer,2019
20858,Consumer,2023
20859,Small Business,2020
20860,Consumer,2019
20861,Small Business,2019
20862,Consumer,2021
20863,Small Business,2020
20864,Consumer,2025
20865,Small Business,2022
20866,Consumer,2022
20867,Consumer,2020
20868,Small Business,2019
20869,Consumer,2021
20870,Consumer,2024
20871,Consumer,2023
20872,Consumer,2020
20873,Consumer,2019
20874,Consumer,2020
20875,Consumer,2020
20876,Consumer,2025
20877,Small Business,2020
20878,Consumer,2024
20879,Consumer,2021
20880,Consumer,2021
20881,Consumer,2020
20882,Small Business,2023
20883,Small Business,2023
20884,Consumer,2022
20885,Consumer,2025
20886,Small Business,2025
20887,Consumer,2024
20888,Consumer,2022
20889,Consumer,2022
20890,Enterprise,2023
20891,Consumer,2023
20892,Consumer,2020
20893,Small Business,2023
20894,Consumer,2020
20895,Consumer,2024
20896,Consumer,2019
20897,Enterprise,2019
20898,Consumer,2023
20899,Consumer,2024
20900,Small Business,2022
20901,Small Business,2020
20902,Consumer,2021
20903,Consumer,2022
20904,Consumer,2020
20905,Consumer,2025
20906,Consumer,2022
20907,Small Business,2025
20908,Small Business,2019
20909,Small Business,2022
20910,Consumer,2024
20911,Consumer,2020
20912,Small Business,2024
20913,Consumer,2024
20914,Consumer,2023
20915,Consumer,2019
20916,Consumer,2025
20917,Consumer,2022
20918,Consumer,2023
20919,Small Business,2023
20920,Consumer,2022
20921,Consumer,2020
20922,Consumer,2023
20923,Consumer,2023
20924,Consumer,2019
20925,Consumer,2020
20926,Consumer,2020
20927,Consumer,2021
20928,Enterprise,2022
20929,Consumer,2023
20930,Consumer,2019
20931,Enterprise,2025
20932,Small Business,2024
20933,Small Business,2019
20934,Consumer,2020
20935,Small Business,2024
20936,Consumer,2021
20937,Consumer,2022
20938,Small Business,2022
20939,Consumer,2025
20940,Enterprise,2020
20941,Enterprise,2025
20942,Consumer,2020
20943,Consumer,2025
20944,Small Business,2022
20945,Consumer,2024
20946,Consumer,2019
20947,Consumer,2021
20948,Small Business,2020
20949,Enterprise,2023
20950,Consumer,2019
20951,Small Business,2021
20952,Small Business,2022
20953,Consumer,2022
20954,Consumer,2024
20955,Consumer,2023
20956,Small Business,2024
20957,Consumer,2022
20958,Consumer,2021
20959,Consumer,2021
20960,Consumer,2023
20961,Consumer,2025
20962,Consumer,2025
20963,Consumer,2020
20964,Small Business,2021
20965,Small Business,2023
20966,Small Business,2025
20967,Consumer,2021
20968,Consumer,2024
20969,Small Business,2024
20970,Consumer,2020
20971,Consumer,2021
20972,Consumer,2022
20973,Consumer,2024
20974,Consumer,2025
20975,Small Business,2020
20976,Small Business,2020
20977,Small Business,2021
20978,Enterprise,2019
20979,Consumer,2022
20980,Consumer,2020
20981,Consumer,2021
20982,Small Business,2019
20983,Consumer,2020
20984,Small Business,2019
20985,Consumer,2020
20986,Consumer,2021
20987,Small Business,2020
20988,Small Business,2024
20989,Small Business,2022
20990,Consumer,2020
20991,Consumer,2023
20992,Consumer,2024
20993,Small Business,2022
20994,Consumer,2025
20995,Consumer,2021
20996,Consumer,2022
20997,Small Business,2021
20998,Consumer,2025
20999,Enterprise,2024
21000,Consumer,2023
21001,Consumer,2021
21002,Small Business,2019
21003,Consumer,2025
21004,Consumer,2019
21005,Consumer,2024
21006,Consumer,2022
21007,Small Business,2023
21008,Consumer,2025
21009,Consumer,2020
21010,Small Business,2019
21011,Consumer,2021
21012,Consumer,2023
21013,Small Business,2019
21014,Small Business,2024
21015,Consumer,2023
21016,Consumer,2025
21017,Consumer,2021
21018,Consumer,2025
21019,Small Business,2021
21020,Consumer,2019
21021,Consumer,2024
21022,Consumer,2019
21023,Consumer,2023
21024,Small Business,2020
21025,Consumer,2023
21026,Consumer,2020
21027,Consumer,2019
21028,Consumer,2025
21029,Small Business,2021
21030,Small Business,2023
21031,Enterprise,2019
21032,Consumer,2025
21033,Small Business,2023
21034,Consumer,2021
21035,Consumer,2025
21036,Consumer,2021
21037,Small Business,2021
21038,Small Business,2020
21039,Consumer,2023
21040,Small Business,2022
21041,Small Business,2022
21042,Enterprise,2024
21043,Consumer,2023
21044,Enterprise,2023
21045,Small Business,2023
21046,Consumer,2024
21047,Consumer,2024
21048,Small Business,2024
21049,Small Business,2023
21050,Consumer,2019
21051,Enterprise,2025
21052,Consumer,2020
21053,Consumer,2024
21054,Consumer,2023
21055,Consumer,2023
21056,Consumer,2022
21057,Consumer,2022
21058,Consumer,2019
21059,Consumer,2020
21060,Consumer,2019
21061,Small Business,2025
21062,Consumer,2025
21063,Consumer,2019
21064,Consumer,2024
21065,Consumer,2023
21066,Consumer,2021
21067,Enterprise,2020
21068,Consumer,2023
21069,Consumer,2019
21070,Consumer,2020
21071,Consumer,2019
21072,Consumer,2019
21073,Enterprise,2019
21074,Consumer,2021
21075,Consumer,2024
21076,Consumer,2020
21077,Consumer,2020
21078,Consumer,2025
21079,Consumer,2022
21080,Consumer,2019
21081,Consumer,2023
21082,Small Business,2022
21083,Consumer,2021
21084,Consumer,2024
21085,Small Business,2023
21086,Consumer,2019
21087,Consumer,2021
21088,Consumer,2022
21089,Consumer,2023
21090,Small Business,2021
21091,Consumer,2022
21092,Consumer,2020
21093,Small Business,2023
21094,Consumer,2020
21095,Small Business,2022
21096,Consumer,2024
21097,Consumer,2025
21098,Small Business,2022
21099,Consumer,2020
21100,Consumer,2019
21101,Consumer,2024
21102,Small Business,2021
21103,Enterprise,2020
21104,Consumer,2024
21105,Consumer,2022
21106,Consumer,2023
21107,Consumer,2019
21108,Consumer,2025
21109,Small Business,2021
21110,Consumer,2024
21111,Consumer,2021
21112,Consumer,2020
21113,Consumer,2021
21114,Consumer,2019
21115,Consumer,2022
21116,Consumer,2022
21117,Consumer,2019
21118,Consumer,2022
21119,Consumer,2022
21120,Small Business,2022
21121,Consumer,2019
21122,Consumer,2023
21123,Small Business,2021
21124,Consumer,2020
21125,Consumer,2024
21126,Small Business,2025
21127,Consumer,2019
21128,Small Business,2022
21129,Consumer,2020
21130,Consumer,2024
21131,Consumer,2023
21132,Consumer,2021
21133,Consumer,2024
21134,Consumer,2023
21135,Consumer,2025
21136,Consumer,2025
21137,Consumer,2021
21138,Consumer,2020
21139,Consumer,2025
21140,Consumer,2022
21141,Small Business,2025
21142,Consumer,2023
21143,Consumer,2022
21144,Small Business,2024
21145,Small Business,2024
21146,Consumer,2023
21147,Consumer,2022
21148,Small Business,2020
21149,Consumer,2020
21150,Consumer,2023
21151,Consumer,2021
21152,Consumer,2023
21153,Small Business,2024
21154,Consumer,2019
21155,Consumer,2019
21156,Consumer,2023
21157,Consumer,2025
21158,Small Business,2022
21159,Small Business,2023
21160,Consumer,2021
21161,Small Business,2020
21162,Consumer,2020
21163,Consumer,2025
21164,Consumer,2024
21165,Consumer,2021
21166,Consumer,2019
21167,Small Business,2025
21168,Consumer,2020
21169,Consumer,2020
21170,Small Business,2023
21171,Small Business,2019
21172,Consumer,2020
21173,Consumer,2022
21174,Small Business,2019
21175,Consumer,2025
21176,Consumer,2025
21177,Consumer,2024
21178,Consumer,2022
21179,Consumer,2022
21180,Small Business,2020
21181,Consumer,2020
21182,Enterprise,2020
21183,Consumer,2020
21184,Consumer,2019
21185,Consumer,2024
21186,Consumer,2024
21187,Consumer,2024
21188,Small Business,2021
21189,Consumer,2019
21190,Consumer,2020
21191,Consumer,2024
21192,Consumer,2025
21193,Consumer,2019
21194,Consumer,2023
21195,Consumer,2025
21196,Small Business,2024
21197,Small Business,2020
21198,Consumer,2023
21199,Consumer,2024
21200,Consumer,2025
21201,Consumer,2023
21202,Small Business,2021
21203,Consumer,2023
21204,Small Business,2020
21205,Consumer,2019
21206,Enterprise,2019
21207,Small Business,2022
21208,Small Business,2019
21209,Enterprise,2019
21210,Consumer,2024
21211,Consumer,2021
21212,Consumer,2023
21213,Small Business,2022
21214,Small Business,2019
21215,Consumer,2023
21216,Small Business,2019
21217,Consumer,2023
21218,Consumer,2023
21219,Consumer,2024
21220,Consumer,2021
21221,Consumer,2022
21222,Small Business,2024
21223,Consumer,2022
21224,Consumer,2025
21225,Consumer,2023
21226,Consumer,2024
21227,Consumer,2023
21228,Small Business,2020
21229,Consumer,2022
21230,Small Business,2023
21231,Small Business,2022
21232,Small Business,2023
21233,Consumer,2025
21234,Consumer,2024
21235,Small Business,2020
21236,Consumer,2020
21237,Consumer,2020
21238,Consumer,2024
21239,Consumer,2022
21240,Consumer,2023
21241,Small Business,2025
21242,Consumer,2022
21243,Consumer,2023
21244,Enterprise,2021
21245,Consumer,2024
21246,Consumer,2019
21247,Small Business,2023
21248,Enterprise,2024
21249,Consumer,2024
21250,Consumer,2019
21251,Consumer,2024
21252,Small Business,2021
21253,Small Business,2022
21254,Consumer,2022
21255,Small Business,2021
21256,Consumer,2021
21257,Consumer,2025
21258,Consumer,2023
21259,Consumer,2025
21260,Enterprise,2021
21261,Consumer,2021
21262,Consumer,2022
21263,Consumer,2023
21264,Small Business,2019
21265,Consumer,2021
21266,Small Business,2022
21267,Consumer,2019
21268,Small Business,2023
21269,Consumer,2019
21270,Consumer,2025
21271,Enterprise,2022
21272,Consumer,2020
21273,Small Business,2022
21274,Consumer,2021
21275,Consumer,2022
21276,Small Business,2020
21277,Small Business,2021
21278,Consumer,2020
21279,Consumer,2021
21280,Small Business,2021
21281,Consumer,2024
21282,Small Business,2025
21283,Consumer,2025
21284,Consumer,2021
21285,Small Business,2021
21286,Consumer,2020
21287,Consumer,2022
21288,Consumer,2025
21289,Enterprise,2020
21290,Consumer,2024
21291,Enterprise,2020
21292,Consumer,2021
21293,Consumer,2022
21294,Consumer,2024
21295,Consumer,2024
21296,Consumer,2023
21297,Consumer,2023
21298,Consumer,2024
21299,Small Business,2023
21300,Consumer,2019
21301,Consumer,2019
21302,Consumer,2022
21303,Consumer,2019
21304,Small Business,2023
21305,Small Business,2024
21306,Small Business,2025
21307,Consumer,2019
21308,Consumer,2023
21309,Small Business,2025
21310,Enterprise,2019
21311,Consumer,2024
21312,Consumer,2025
21313,Small Business,2019
21314,Enterprise,2022
21315,Consumer,2019
21316,Consumer,2022
21317,Small Business,2024
21318,Consumer,2020
21319,Consumer,2024
21320,Consumer,2024
21321,Consumer,2019
21322,Small Business,2022
21323,Small Business,2020
21324,Consumer,2025
21325,Consumer,2023
21326,Small Business,2022
21327,Consumer,2023
21328,Consumer,2020
21329,Consumer,2022
21330,Consumer,2024
21331,Small Business,2025
21332,Consumer,2020
21333,Small Business,2025
21334,Consumer,2020
21335,Consumer,2025
21336,Small Business,2025
21337,Consumer,2024
21338,Small Business,2025
21339,Consumer,2022
21340,Enterprise,2024
21341,Consumer,2025
21342,Consumer,2020
21343,Consumer,2023
21344,Consumer,2024
21345,Consumer,2022
21346,Consumer,2023
21347,Consumer,2023
21348,Consumer,2022
21349,Consumer,2023
21350,Consumer,2022
21351,Consumer,2022
21352,Small Business,2022
21353,Consumer,2022
21354,Consumer,2021
21355,Consumer,2019
21356,Consumer,2022
21357,Consumer,2021
21358,Small Business,2019
21359,Consumer,2022
21360,Enterprise,2024
21361,Small Business,2020
21362,Enterprise,2025
21363,Consumer,2022
21364,Consumer,2021
21365,Small Business,2025
21366,Small Business,2025
21367,Consumer,2025
21368,Consumer,2024
21369,Consumer,2023
21370,Consumer,2024
21371,Small Business,2025
21372,Small Business,2025
21373,Consumer,2024
21374,Consumer,2021
21375,Consumer,2025
21376,Small Business,2024
21377,Small Business,2025
21378,Consumer,2020
21379,Consumer,2019
21380,Enterprise,2025
21381,Consumer,2023
21382,Small Business,2023
21383,Consumer,2023
21384,Consumer,2023
21385,Consumer,2019
21386,Consumer,2021
21387,Small Business,2022
21388,Small Business,2019
21389,Consumer,2025
21390,Consumer,2020
21391,Small Business,2022
21392,Small Business,2019
21393,Consumer,2019
21394,Small Business,2022
21395,Consumer,2024
21396,Small Business,2021
21397,Consumer,2022
21398,Consumer,2025
21399,Small Business,2021
21400,Small Business,2024
21401,Small Business,2025
21402,Consumer,2022
21403,Small Business,2023
21404,Small Business,2024
21405,Consumer,2023
21406,Consumer,2023
21407,Small Business,2025
21408,Consumer,2025
21409,Consumer,2021
21410,Small Business,2024
21411,Consumer,2020
21412,Small Business,2024
21413,Consumer,2019
21414,Consumer,2020
21415,Enterprise,2024
21416,Small Business,2024
21417,Consumer,2022
21418,Small Business,2024
21419,Small Business,2022
21420,Small Business,2019
21421,Consumer,2024
21422,Consumer,2019
21423,Small Business,2024
21424,Small Business,2025
21425,Consumer,2019
21426,Consumer,2025
21427,Consumer,2023
21428,Consumer,2023
21429,Consumer,2021
21430,Consumer,2020
21431,Consumer,2019
21432,Consumer,2021
21433,Consumer,2024
21434,Small Business,2019
21435,Consumer,2020
21436,Consumer,2024
21437,Consumer,2022
21438,Consumer,2019
21439,Consumer,2025
21440,Enterprise,2021
21441,Consumer,2020
21442,Consumer,2022
21443,Small Business,2019
21444,Small Business,2023
21445,Consumer,2023
21446,Consumer,2025
21447,Consumer,2021
21448,Consumer,2021
21449,Consumer,2023
21450,Consumer,2020
21451,Consumer,2021
21452,Consumer,2019
21453,Small Business,2023
21454,Consumer,2023
21455,Consumer,2019
21456,Small Business,2019
21457,Consumer,2021
21458,Consumer,2023
21459,Consumer,2024
21460,Consumer,2022
21461,Consumer,2024
21462,Consumer,2021
21463,Consumer,2023
21464,Consumer,2020
21465,Consumer,2023
21466,Small Business,2025
21467,Enterprise,2021
21468,Consumer,2024
21469,Consumer,2022
21470,Small Business,2022
21471,Consumer,2023
21472,Consumer,2021
21473,Small Business,2023
21474,Consumer,2021
21475,Consumer,2020
21476,Consumer,2021
21477,Consumer,2022
21478,Consumer,2024
21479,Consumer,2023
21480,Small Business,2021
21481,Consumer,2024
21482,Enterprise,2019
21483,Consumer,2023
21484,Consumer,2025
21485,Consumer,2023
21486,Consumer,2023
21487,Consumer,2022
21488,Consumer,2020
21489,Consumer,2020
21490,Consumer,2019
21491,Consumer,2025
21492,Consumer,2021
21493,Consumer,2025
21494,Consumer,2023
21495,Small Business,2024
21496,Small Business,2025
21497,Consumer,2022
21498,Consumer,2019
21499,Consumer,2024
21500,Consumer,2021
21501,Consumer,2020
21502,Consumer,2020
21503,Enterprise,2025
21504,Small Business,2021
21505,Consumer,2023
21506,Consumer,2024
21507,Consumer,2023
21508,Consumer,2020
21509,Consumer,2019
21510,Consumer,2025
21511,Consumer,2020
21512,Consumer,2020
21513,Consumer,2019
21514,Consumer,2024
21515,Enterprise,2022
21516,Consumer,2023
21517,Consumer,2020
21518,Consumer,2022
21519,Consumer,2022
21520,Consumer,2024
21521,Consumer,2023
21522,Consumer,2023
21523,Consumer,2023
21524,Consumer,2024
21525,Consumer,2020
21526,Consumer,2023
21527,Consumer,2025
21528,Enterprise,2024
21529,Consumer,2024
21530,Small Business,2019
21531,Consumer,2024
21532,Consumer,2023
21533,Consumer,2020
21534,Consumer,2025
21535,Consumer,2025
21536,Consumer,2023
21537,Consumer,2025
21538,Consumer,2024
21539,Small Business,2021
21540,Consumer,2025
21541,Consumer,2022
21542,Consumer,2020
21543,Small Business,2019
21544,Enterprise,2023
21545,Consumer,2019
21546,Consumer,2025
21547,Consumer,2025
21548,Consumer,2019
21549,Small Business,2020
21550,Consumer,2020
21551,Small Business,2023
21552,Consumer,2020
21553,Small Business,2023
21554,Consumer,2025
21555,Consumer,2023
21556,Consumer,2025
21557,Consumer,2022
21558,Small Business,2025
21559,Consumer,2024
21560,Small Business,2022
21561,Consumer,2020
21562,Consumer,2023
21563,Consumer,2024
21564,Consumer,2019
21565,Small Business,2021
21566,Consumer,2025
21567,Consumer,2019
21568,Consumer,2025
21569,Small Business,2019
21570,Small Business,2023
21571,Small Business,2021
21572,Consumer,2020
21573,Consumer,2020
21574,Consumer,2025
21575,Small Business,2020
21576,Consumer,2025
21577,Enterprise,2023
21578,Small Business,2025
21579,Consumer,2022
21580,Small Business,2022
21581,Consumer,2019
21582,Consumer,2021
21583,Consumer,2023
21584,Consumer,2021
21585,Small Business,2020
21586,Consumer,2022
21587,Small Business,2025
21588,Small Business,2025
21589,Consumer,2021
21590,Consumer,2019
21591,Consumer,2019
21592,Consumer,2023
21593,Consumer,2023
21594,Small Business,2025
21595,Small Business,2023
21596,Consumer,2020
21597,Small Business,2019
21598,Consumer,2022
21599,Enterprise,2021
21600,Small Business,2024
21601,Small Business,2023
21602,Consumer,2022
21603,Small Business,2024
21604,Consumer,2022
21605,Consumer,2023
21606,Consumer,2024
21607,Consumer,2019
21608,Consumer,2020
21609,Consumer,2022
21610,Small Business,2024
21611,Consumer,2021
21612,Enterprise,2025
21613,Small Business,2025
21614,Consumer,2019
21615,Small Business,2023
21616,Consumer,2019
21617,Consumer,2024
21618,Enterprise,2019
21619,Small Business,2019
21620,Consumer,2024
21621,Small Business,2021
21622,Consumer,2021
21623,Small Business,2022
21624,Consumer,2022
21625,Consumer,2023
21626,Small Business,2024
21627,Consumer,2025
21628,Consumer,2022
21629,Small Business,2024
21630,Small Business,2023
21631,Consumer,2019
21632,Small Business,2024
21633,Consumer,2022
21634,Consumer,2022
21635,Consumer,2024
21636,Consumer,2025
21637,Consumer,2025
21638,Small Business,2022
21639,Small Business,2022
21640,Consumer,2021
21641,Consumer,2021
21642,Small Business,2020
21643,Small Business,2021
21644,Consumer,2024
21645,Consumer,2021
21646,Consumer,2023
21647,Consumer,2020
21648,Consumer,2024
21649,Consumer,2021
21650,Small Business,2022
21651,Small Business,2025
21652,Consumer,2025
21653,Consumer,2021
21654,Consumer,2021
21655,Consumer,2022
21656,Consumer,2024
21657,Enterprise,2025
21658,Consumer,2021
21659,Small Business,2023
21660,Consumer,2019
21661,Consumer,2024
21662,Small Business,2022
21663,Small Business,2023
21664,Consumer,2020
21665,Small Business,2022
21666,Consumer,2019
21667,Small Business,2021
21668,Consumer,2021
21669,Consumer,2022
21670,Small Business,2025
21671,Small Business,2023
21672,Small Business,2025
21673,Consumer,2020
21674,Small Business,2025
21675,Consumer,2023
21676,Consumer,2019
21677,Consumer,2025
21678,Consumer,2020
21679,Consumer,2024
21680,Consumer,2020
21681,Consumer,2023
21682,Consumer,2024
21683,Consumer,2019
21684,Consumer,2025
21685,Consumer,2025
21686,Consumer,2021
21687,Consumer,2020
21688,Small Business,2023
21689,Enterprise,2024
21690,Consumer,2019
21691,Enterprise,2020
21692,Consumer,2023
21693,Small Business,2021
21694,Consumer,2025
21695,Consumer,2022
21696,Consumer,2023
21697,Small Business,2021
21698,Consumer,2023
21699,Consumer,2020
21700,Consumer,2022
21701,Enterprise,2019
21702,Consumer,2022
21703,Small Business,2024
21704,Consumer,2021
21705,Small Business,2019
21706,Consumer,2024
21707,Consumer,2021
21708,Consumer,2023
21709,Consumer,2024
21710,Consumer,2021
21711,Consumer,2021
21712,Consumer,2022
21713,Consumer,2022
21714,Consumer,2019
21715,Consumer,2019
21716,Small Business,2019
21717,Consumer,2021
21718,Consumer,2019
21719,Consumer,2024
21720,Small Business,2025
21721,Small Business,2024
21722,Small Business,2020
21723,Consumer,2021
21724,Consumer,2025
21725,Consumer,2019
21726,Small Business,2021
21727,Consumer,2022
21728,Consumer,2021
21729,Consumer,2025
21730,Small Business,2024
21731,Consumer,2025
21732,Small Business,2020
21733,Consumer,2019
21734,Small Business,2025
21735,Consumer,2019
21736,Consumer,2023
21737,Small Business,2025
21738,Consumer,2019
21739,Consumer,2023
21740,Consumer,2025
21741,Consumer,2025
21742,Consumer,2021
21743,Consumer,2020
21744,Consumer,2020
21745,Consumer,2023
21746,Consumer,2025
21747,Consumer,2025
21748,Consumer,2021
21749,Consumer,2022
21750,Small Business,2024
21751,Small Business,2023
21752,Consumer,2019
21753,Small Business,2025
21754,Consumer,2025
21755,Consumer,2023
21756,Consumer,2021
21757,Consumer,2024
21758,Consumer,2020
21759,Consumer,2020
21760,Consumer,2025
21761,Consumer,2021
21762,Consumer,2024
21763,Consumer,2021
21764,Consumer,2024
21765,Small Business,2024
21766,Consumer,2022
21767,Consumer,2021
21768,Consumer,2023
21769,Small Business,2020
21770,Consumer,2021
21771,Consumer,2019
21772,Small Business,2022
21773,Consumer,2023
21774,Small Business,2021
21775,Consumer,2024
21776,Small Business,2021
21777,Consumer,2020
21778,Consumer,2019
21779,Consumer,2024
21780,Consumer,2024
21781,Consumer,2022
21782,Enterprise,2020
21783,Small Business,2023
21784,Small Business,2022
21785,Consumer,2021
21786,Small Business,2023
21787,Small Business,2020
21788,Consumer,2019
21789,Consumer,2020
21790,Consumer,2021
21791,Consumer,2024
21792,Consumer,2020
21793,Consumer,2025
21794,Consumer,2019
21795,Consumer,2025
21796,Small Business,2024
21797,Consumer,2019
21798,Small Business,2022
21799,Consumer,2023
21800,Enterprise,2022
21801,Small Business,2025
21802,Small Business,2019
21803,Consumer,2022
21804,Consumer,2022
21805,Consumer,2023
21806,Consumer,2020
21807,Small Business,2022
21808,Consumer,2019
21809,Consumer,2019
21810,Small Business,2022
21811,Consumer,2024
21812,Small Business,2023
21813,Consumer,2025
21814,Consumer,2019
21815,Consumer,2022
21816,Consumer,2019
21817,Small Business,2021
21818,Small Business,2024
21819,Consumer,2023
21820,Consumer,2020
21821,Small Business,2019
21822,Consumer,2020
21823,Consumer,2021
21824,Consumer,2025
21825,Small Business,2021
21826,Consumer,2020
21827,Consumer,2020
21828,Enterprise,2023
21829,Small Business,2020
21830,Consumer,2024
21831,Consumer,2019
21832,Small Business,2021
21833,Consumer,2020
21834,Small Business,2022
21835,Consumer,2021
21836,Consumer,2022
21837,Small Business,2021
21838,Consumer,2020
21839,Consumer,2023
21840,Consumer,2021
21841,Small Business,2025
21842,Consumer,2025
21843,Small Business,2020
21844,Consumer,2020
21845,Consumer,2025
21846,Enterprise,2024
21847,Small Business,2022
21848,Small Business,2022
21849,Consumer,2020
21850,Consumer,2023
21851,Consumer,2025
21852,Consumer,2022
21853,Consumer,2022
21854,Consumer,2023
21855,Consumer,2024
21856,Consumer,2022
21857,Consumer,2022
21858,Consumer,2022
21859,Consumer,2019
21860,Consumer,2024
21861,Consumer,2021
21862,Small Business,2025
21863,Consumer,2021
21864,Small Business,2020
21865,Consumer,2025
21866,Small Business,2019
21867,Small Business,2024
21868,Small Business,2024
21869,Small Business,2020
21870,Consumer,2020
21871,Consumer,2021
21872,Consumer,2025
21873,Consumer,2021
21874,Small Business,2019
21875,Small Business,2021
21876,Consumer,2019
21877,Consumer,2022
21878,Consumer,2020
21879,Consumer,2020
21880,Consumer,2019
21881,Consumer,2019
21882,Small Business,2024
21883,Consumer,2025
21884,Small Business,2021
21885,Consumer,2019
21886,Consumer,2025
21887,Consumer,2021
21888,Consumer,2021
21889,Consumer,2024
21890,Small Business,2023
21891,Consumer,2024
21892,Consumer,2023
21893,Consumer,2019
21894,Consumer,2021
21895,Consumer,2023
21896,Consumer,2025
21897,Consumer,2023
21898,Small Business,2021
21899,Consumer,2025
21900,Consumer,2022
21901,Consumer,2019
21902,Consumer,2021
21903,Consumer,2024
21904,Small Business,2022
21905,Enterprise,2022
21906,Consumer,2019
21907,Consumer,2023
21908,Consumer,2021
21909,Consumer,2019
21910,Small Business,2025
21911,Consumer,2021
21912,Small Business,2024
21913,Consumer,2023
21914,Consumer,2025
21915,Small Business,2022
21916,Consumer,2023
21917,Small Business,2025
21918,Small Business,2023
21919,Consumer,2023
21920,Consumer,2025
21921,Consumer,2021
21922,Consumer,2022
21923,Consumer,2024
21924,Consumer,2025
21925,Consumer,2024
21926,Small Business,2021
21927,Small Business,2024
21928,Consumer,2023
21929,Consumer,2022
21930,Consumer,2022
21931,Consumer,2024
21932,Small Business,2019
21933,Small Business,2025
21934,Small Business,2020
21935,Consumer,2023
21936,Small Business,2025
21937,Small Business,2020
21938,Consumer,2023
21939,Consumer,2022
21940,Consumer,2019
21941,Consumer,2023
21942,Consumer,2025
21943,Consumer,2025
21944,Consumer,2025
21945,Small Business,2022
21946,Small Business,2023
21947,Small Business,2020
21948,Small Business,2020
21949,Consumer,2025
21950,Small Business,2021
21951,Consumer,2024
21952,Small Business,2025
21953,Small Business,2023
21954,Consumer,2019
21955,Consumer,2025
21956,Consumer,2020
21957,Consumer,2025
21958,Consumer,2020
21959,Consumer,2021
21960,Consumer,2024
21961,Consumer,2019
21962,Small Business,2021
21963,Consumer,2025
21964,Small Business,2025
21965,Consumer,2022
21966,Consumer,2024
21967,Consumer,2024
21968,Small Business,2025
21969,Consumer,2022
21970,Consumer,2021
21971,Consumer,2025
21972,Consumer,2022
21973,Consumer,2023
21974,Consumer,2023
21975,Consumer,2024
21976,Small Business,2025
21977,Consumer,2021
21978,Consumer,2021
21979,Consumer,2025
21980,Enterprise,2021
21981,Consumer,2023
21982,Consumer,2023
21983,Consumer,2022
21984,Small Business,2023
21985,Consumer,2024
21986,Small Business,2020
21987,Small Business,2020
21988,Consumer,2022
21989,Consumer,2025
21990,Consumer,2021
21991,Consumer,2022
21992,Consumer,2021
21993,Consumer,2024
21994,Consumer,2019
21995,Consumer,2023
21996,Consumer,2023
21997,Consumer,2020
21998,Consumer,2020
21999,Consumer,2023
22000,Consumer,2019
22001,Small Business,2020
22002,Consumer,2022
22003,Consumer,2019
22004,Small Business,2019
22005,Consumer,2023
22006,Consumer,2023
22007,Consumer,2025
22008,Consumer,2023
22009,Small Business,2019
22010,Small Business,2022
22011,Consumer,2019
22012,Consumer,2019
22013,Small Business,2020
22014,Consumer,2019
22015,Enterprise,2025
22016,Small Business,2023
22017,Consumer,2023
22018,Consumer,2019
22019,Consumer,2019
22020,Consumer,2019
22021,Consumer,2023
22022,Consumer,2024
22023,Consumer,2023
22024,Small Business,2020
22025,Consumer,2020
22026,Small Business,2022
22027,Consumer,2022
22028,Small Business,2019
22029,Small Business,2022
22030,Small Business,2020
22031,Consumer,2020
22032,Enterprise,2025
22033,Consumer,2019
22034,Small Business,2024
22035,Consumer,2019
22036,Consumer,2020
22037,Consumer,2025
22038,Consumer,2020
22039,Consumer,2019
22040,Consumer,2022
22041,Consumer,2020
22042,Enterprise,2023
22043,Consumer,2022
22044,Consumer,2023
22045,Small Business,2019
22046,Consumer,2020
22047,Small Business,2019
22048,Consumer,2025
22049,Consumer,2019
22050,Consumer,2024
22051,Small Business,2025
22052,Small Business,2023
22053,Small Business,2024
22054,Consumer,2025
22055,Small Business,2025
22056,Consumer,2021
22057,Consumer,2024
22058,Consumer,2021
22059,Small Business,2019
22060,Enterprise,2021
22061,Consumer,2025
22062,Small Business,2020
22063,Consumer,2023
22064,Consumer,2019
22065,Consumer,2022
22066,Small Business,2025
22067,Consumer,2025
22068,Consumer,2025
22069,Small Business,2024
22070,Consumer,2022
22071,Small Business,2019
22072,Consumer,2023
22073,Consumer,2022
22074,Small Business,2020
22075,Consumer,2023
22076,Consumer,2019
22077,Consumer,2020
22078,Enterprise,2022
22079,Consumer,2020
22080,Enterprise,2023
22081,Small Business,2024
22082,Consumer,2023
22083,Consumer,2019
22084,Consumer,2023
22085,Consumer,2025
22086,Consumer,2025
22087,Consumer,2020
22088,Consumer,2020
22089,Enterprise,2020
22090,Consumer,2020
22091,Consumer,2025
22092,Consumer,2019
22093,Consumer,2022
22094,Consumer,2025
22095,Small Business,2024
22096,Consumer,2022
22097,Consumer,2022
22098,Small Business,2021
22099,Consumer,2023
22100,Small Business,2025
22101,Consumer,2023
22102,Small Business,2021
22103,Enterprise,2025
22104,Small Business,2021
22105,Consumer,2019
22106,Consumer,2020
22107,Small Business,2023
22108,Consumer,2022
22109,Consumer,2025
22110,Consumer,2023
22111,Consumer,2023
22112,Consumer,2025
22113,Consumer,2024
22114,Consumer,2020
22115,Consumer,2023
22116,Consumer,2023
22117,Consumer,2025
22118,Small Business,2019
22119,Consumer,2020
22120,Consumer,2024
22121,Small Business,2025
22122,Consumer,2020
22123,Consumer,2025
22124,Consumer,2019
22125,Consumer,2023
22126,Consumer,2021
22127,Consumer,2023
22128,Small Business,2025
22129,Consumer,2022
22130,Consumer,2020
22131,Consumer,2025
22132,Consumer,2021
22133,Consumer,2022
22134,Small Business,2020
22135,Small Business,2025
22136,Consumer,2025
22137,Consumer,2021
22138,Consumer,2022
22139,Consumer,2022
22140,Consumer,2025
22141,Consumer,2023
22142,Consumer,2019
22143,Consumer,2024
22144,Consumer,2022
22145,Consumer,2019
22146,Consumer,2022
22147,Consumer,2019
22148,Consumer,2020
22149,Consumer,2024
22150,Consumer,2022
22151,Consumer,2022
22152,Small Business,2021
22153,Consumer,2025
22154,Consumer,2020
22155,Consumer,2025
22156,Consumer,2021
22157,Consumer,2021
22158,Consumer,2023
22159,Consumer,2024
22160,Small Business,2022
22161,Small Business,2023
22162,Consumer,2021
22163,Consumer,2024
22164,Enterprise,2024
22165,Consumer,2025
22166,Enterprise,2023
22167,Small Business,2020
22168,Consumer,2023
22169,Consumer,2023
22170,Consumer,2020
22171,Small Business,2024
22172,Consumer,2024
22173,Consumer,2022
22174,Consumer,2019
22175,Small Business,2024
22176,Small Business,2020
22177,Consumer,2024
22178,Consumer,2021
22179,Consumer,2024
22180,Small Business,2025
22181,Consumer,2019
22182,Consumer,2019
22183,Small Business,2023
22184,Consumer,2022
22185,Consumer,2023
22186,Small Business,2019
22187,Consumer,2025
22188,Small Business,2020
22189,Consumer,2019
22190,Consumer,2021
22191,Consumer,2024
22192,Consumer,2019
22193,Consumer,2022
22194,Small Business,2024
22195,Consumer,2022
22196,Consumer,2019
22197,Consumer,2020
22198,Consumer,2023
22199,Consumer,2023
22200,Consumer,2020
22201,Consumer,2021
22202,Consumer,2019
22203,Consumer,2023
22204,Consumer,2022
22205,Consumer,2023
22206,Small Business,2021
22207,Consumer,2025
22208,Small Business,2019
22209,Consumer,2020
22210,Small Business,2019
22211,Consumer,2024
22212,Consumer,2021
22213,Consumer,2019
22214,Consumer,2024
22215,Small Business,2025
22216,Consumer,2024
22217,Consumer,2020
22218,Consumer,2019
22219,Consumer,2021
22220,Small Business,2020
22221,Consumer,2024
22222,Consumer,2021
22223,Consumer,2022
22224,Consumer,2023
22225,Small Business,2022
22226,Small Business,2020
22227,Consumer,2020
22228,Consumer,2020
22229,Consumer,2019
22230,Consumer,2023
22231,Consumer,2020
22232,Enterprise,2023
22233,Consumer,2021
22234,Consumer,2022
22235,Consumer,2024
22236,Consumer,2023
22237,Consumer,2021
22238,Consumer,2019
22239,Consumer,2024
22240,Consumer,2021
22241,Consumer,2019
22242,Consumer,2023
22243,Consumer,2024
22244,Consumer,2023
22245,Enterprise,2024
22246,Consumer,2020
22247,Consumer,2024
22248,Small Business,2021
22249,Consumer,2022
22250,Small Business,2020
22251,Consumer,2023
22252,Small Business,2025
22253,Consumer,2025
22254,Consumer,2021
22255,Enterprise,2021
22256,Consumer,2025
22257,Consumer,2021
22258,Consumer,2025
22259,Consumer,2022
22260,Consumer,2022
22261,Consumer,2025
22262,Consumer,2025
22263,Small Business,2025
22264,Small Business,2019
22265,Small Business,2019
22266,Consumer,2019
22267,Consumer,2022
22268,Consumer,2021
22269,Consumer,2020
22270,Consumer,2023
22271,Small Business,2020
22272,Consumer,2025
22273,Consumer,2021
22274,Consumer,2022
22275,Consumer,2019
22276,Consumer,2019
22277,Consumer,2020
22278,Small Business,2020
22279,Consumer,2019
22280,Consumer,2022
22281,Small Business,2023
22282,Small Business,2023
22283,Small Business,2024
22284,Consumer,2023
22285,Consumer,2019
22286,Consumer,2025
22287,Small Business,2024
22288,Enterprise,2020
22289,Consumer,2025
22290,Consumer,2022
22291,Consumer,2021
22292,Consumer,2020
22293,Consumer,2025
22294,Consumer,2023
22295,Consumer,2022
22296,Consumer,2024
22297,Consumer,2024
22298,Consumer,2022
22299,Consumer,2020
22300,Consumer,2022
22301,Consumer,2023
22302,Consumer,2020
22303,Enterprise,2019
22304,Consumer,2025
22305,Consumer,2023
22306,Consumer,2023
22307,Consumer,2022
22308,Consumer,2024
22309,Small Business,2021
22310,Consumer,2019
22311,Consumer,2024
22312,Small Business,2020
22313,Consumer,2024
22314,Consumer,2022
22315,Consumer,2021
22316,Consumer,2022
22317,Enterprise,2022
22318,Small Business,2021
22319,Consumer,2020
22320,Consumer,2021
22321,Consumer,2021
22322,Consumer,2022
22323,Consumer,2025
22324,Small Business,2021
22325,Consumer,2023
22326,Consumer,2019
22327,Small Business,2019
22328,Small Business,2023
22329,Consumer,2023
22330,Consumer,2024
22331,Small Business,2022
22332,Consumer,2021
22333,Consumer,2019
22334,Consumer,2025
22335,Small Business,2020
22336,Consumer,2025
22337,Consumer,2020
22338,Consumer,2022
22339,Small Business,2019
22340,Consumer,2024
22341,Consumer,2021
22342,Consumer,2022
22343,Consumer,2019
22344,Enterprise,2020
22345,Consumer,2021
22346,Consumer,2019
22347,Consumer,2024
22348,Consumer,2021
22349,Consumer,2024
22350,Consumer,2020
22351,Small Business,2019
22352,Small Business,2025
22353,Consumer,2020
22354,Consumer,2025
22355,Enterprise,2023
22356,Consumer,2022
22357,Small Business,2023
22358,Consumer,2022
22359,Consumer,2021
22360,Consumer,2025
22361,Consumer,2019
22362,Small Business,2024
22363,Consumer,2023
22364,Consumer,2020
22365,Consumer,2023
22366,Consumer,2025
22367,Small Business,2021
22368,Consumer,2022
22369,Small Business,2021
22370,Consumer,2019
22371,Consumer,2019
22372,Consumer,2020
22373,Consumer,2023
22374,Consumer,2024
22375,Consumer,2019
22376,Consumer,2019
22377,Consumer,2025
22378,Small Business,2024
22379,Small Business,2022
22380,Consumer,2024
22381,Enterprise,2020
22382,Enterprise,2019
22383,Small Business,2025
22384,Consumer,2021
22385,Consumer,2021
22386,Consumer,2022
22387,Consumer,2023
22388,Consumer,2019
22389,Consumer,2023
22390,Small Business,2023
22391,Enterprise,2024
22392,Consumer,2025
22393,Small Business,2024
22394,Small Business,2023
22395,Consumer,2025
22396,Small Business,2022
22397,Consumer,2019
22398,Consumer,2025
22399,Enterprise,2025
22400,Consumer,2025
22401,Consumer,2025
22402,Enterprise,2025
22403,Consumer,2023
22404,Consumer,2019
22405,Consumer,2024
22406,Consumer,2019
22407,Consumer,2020
22408,Consumer,2023
22409,Small Business,2025
22410,Consumer,2020
22411,Consumer,2020
22412,Consumer,2022
22413,Consumer,2021
22414,Consumer,2024
22415,Consumer,2020
22416,Consumer,2025
22417,Consumer,2020
22418,Consumer,2021
22419,Consumer,2023
22420,Consumer,2024
22421,Consumer,2022
22422,Consumer,2022
22423,Consumer,2023
22424,Small Business,2023
22425,Consumer,2024
22426,Consumer,2019
22427,Consumer,2025
22428,Consumer,2019
22429,Consumer,2020
22430,Consumer,2024
22431,Consumer,2020
22432,Consumer,2023
22433,Consumer,2020
22434,Small Business,2024
22435,Small Business,2021
22436,Consumer,2019
22437,Small Business,2019
22438,Consumer,2020
22439,Consumer,2024
22440,Consumer,2019
22441,Small Business,2023
22442,Consumer,2023
22443,Small Business,2021
22444,Consumer,2023
22445,Consumer,2021
22446,Consumer,2021
22447,Consumer,2019
22448,Consumer,2019
22449,Consumer,2019
22450,Consumer,2019
22451,Consumer,2021
22452,Small Business,2020
22453,Consumer,2020
22454,Consumer,2019
22455,Consumer,2024
22456,Consumer,2025
22457,Consumer,2024
22458,Consumer,2020
22459,Consumer,2024
22460,Consumer,2020
22461,Consumer,2021
22462,Consumer,2024
22463,Consumer,2020
22464,Consumer,2025
22465,Consumer,2024
22466,Consumer,2023
22467,Consumer,2022
22468,Consumer,2020
22469,Consumer,2023
22470,Small Business,2022
22471,Small Business,2023
22472,Small Business,2019
22473,Small Business,2021
22474,Small Business,2019
22475,Consumer,2021
22476,Consumer,2023
22477,Small Business,2019
22478,Consumer,2024
22479,Consumer,2024
22480,Small Business,2020
22481,Consumer,2020
22482,Consumer,2024
22483,Consumer,2024
22484,Consumer,2023
22485,Consumer,2020
22486,Consumer,2022
22487,Consumer,2020
22488,Consumer,2021
22489,Consumer,2023
22490,Consumer,2025
22491,Consumer,2020
22492,Consumer,2020
22493,Consumer,2020
22494,Consumer,2020
22495,Small Business,2025
22496,Consumer,2019
22497,Consumer,2020
22498,Consumer,2023
22499,Consumer,2021
22500,Consumer,2025
22501,Small Business,2023
22502,Consumer,2019
22503,Small Business,2022
22504,Consumer,2019
22505,Small Business,2021
22506,Small Business,2025
22507,Consumer,2022
22508,Consumer,2023
22509,Consumer,2021
22510,Consumer,2025
22511,Consumer,2023
22512,Consumer,2023
22513,Small Business,2024
22514,Consumer,2024
22515,Small Business,2025
22516,Consumer,2022
22517,Consumer,2020
22518,Small Business,2020
22519,Consumer,2020
22520,Small Business,2022
22521,Small Business,2019
22522,Consumer,2021
22523,Consumer,2024
22524,Consumer,2022
22525,Consumer,2021
22526,Enterprise,2022
22527,Small Business,2019
22528,Consumer,2019
22529,Consumer,2024
22530,Small Business,2023
22531,Consumer,2023
22532,Consumer,2021
22533,Small Business,2020
22534,Small Business,2024
22535,Consumer,2024
22536,Consumer,2019
22537,Consumer,2025
22538,Consumer,2022
22539,Consumer,2021
22540,Consumer,2021
22541,Small Business,2022
22542,Consumer,2019
22543,Consumer,2019
22544,Consumer,2021
22545,Consumer,2025
22546,Consumer,2021
22547,Consumer,2025
22548,Small Business,2024
22549,Consumer,2024
22550,Consumer,2020
22551,Enterprise,2025
22552,Small Business,2024
22553,Consumer,2025
22554,Consumer,2019
22555,Consumer,2020
22556,Consumer,2022
22557,Enterprise,2023
22558,Consumer,2023
22559,Consumer,2025
22560,Consumer,2019
22561,Consumer,2020
22562,Consumer,2019
22563,Consumer,2022
22564,Small Business,2020
22565,Small Business,2023
22566,Small Business,2021
22567,Consumer,2020
22568,Consumer,2021
22569,Small Business,2023
22570,Consumer,2025
22571,Consumer,2020
22572,Enterprise,2020
22573,Small Business,2025
22574,Small Business,2025
22575,Consumer,2025
22576,Consumer,2025
22577,Consumer,2020
22578,Consumer,2020
22579,Consumer,2023
22580,Small Business,2024
22581,Consumer,2024
22582,Consumer,2025
22583,Small Business,2025
22584,Small Business,2020
22585,Consumer,2021
22586,Consumer,2022
22587,Consumer,2021
22588,Consumer,2024
22589,Consumer,2024
22590,Consumer,2024
22591,Small Business,2019
22592,Enterprise,2024
22593,Consumer,2021
22594,Consumer,2021
22595,Consumer,2022
22596,Enterprise,2019
22597,Small Business,2024
22598,Enterprise,2023
22599,Consumer,2022
22600,Consumer,2021
22601,Consumer,2020
22602,Consumer,2023
22603,Consumer,2025
22604,Consumer,2022
22605,Consumer,2025
22606,Consumer,2022
22607,Small Business,2019
22608,Small Business,2025
22609,Small Business,2021
22610,Consumer,2023
22611,Small Business,2022
22612,Consumer,2023
22613,Consumer,2024
22614,Consumer,2025
22615,Consumer,2025
22616,Small Business,2020
22617,Small Business,2019
22618,Consumer,2023
22619,Consumer,2020
22620,Consumer,2021
22621,Consumer,2024
22622,Consumer,2023
22623,Small Business,2023
22624,Small Business,2024
22625,Consumer,2023
22626,Consumer,2025
22627,Consumer,2020
22628,Consumer,2021
22629,Consumer,2022
22630,Consumer,2024
22631,Consumer,2024
22632,Consumer,2021
22633,Consumer,2025
22634,Consumer,2023
22635,Consumer,2020
22636,Enterprise,2025
22637,Small Business,2020
22638,Consumer,2023
22639,Consumer,2025
22640,Consumer,2023
22641,Enterprise,2022
22642,Consumer,2024
22643,Consumer,2020
22644,Small Business,2020
22645,Consumer,2023
22646,Consumer,2024
22647,Consumer,2020
22648,Consumer,2023
22649,Consumer,2024
22650,Consumer,2022
22651,Small Business,2020
22652,Small Business,2025
22653,Consumer,2021
22654,Consumer,2021
22655,Consumer,2023
22656,Consumer,2020
22657,Small Business,2019
22658,Consumer,2024
22659,Consumer,2024
22660,Consumer,2020
22661,Small Business,2022
22662,Consumer,2024
22663,Consumer,2025
22664,Consumer,2025
22665,Small Business,2019
22666,Consumer,2024
22667,Consumer,2019
22668,Small Business,2023
22669,Consumer,2023
22670,Consumer,2025
22671,Consumer,2023
22672,Enterprise,2022
22673,Consumer,2023
22674,Small Business,2019
22675,Small Business,2019
22676,Small Business,2024
22677,Consumer,2022
22678,Consumer,2024
22679,Consumer,2022
22680,Consumer,2025
22681,Consumer,2021
22682,Consumer,2021
22683,Consumer,2020
22684,Consumer,2020
22685,Consumer,2019
22686,Consumer,2019
22687,Consumer,2019
22688,Consumer,2021
22689,Consumer,2022
22690,Small Business,2024
22691,Consumer,2024
22692,Consumer,2022
22693,Small Business,2023
22694,Consumer,2020
22695,Consumer,2020
22696,Small Business,2020
22697,Consumer,2022
22698,Consumer,2021
22699,Small Business,2020
22700,Small Business,2022
22701,Consumer,2019
22702,Consumer,2024
22703,Consumer,2024
22704,Small Business,2025
22705,Consumer,2020
22706,Consumer,2023
22707,Consumer,2024
22708,Small Business,2021
22709,Consumer,2025
22710,Enterprise,2020
22711,Consumer,2020
22712,Consumer,2022
22713,Consumer,2021
22714,Consumer,2023
22715,Consumer,2024
22716,Consumer,2021
22717,Consumer,2024
22718,Consumer,2021
22719,Small Business,2019
22720,Consumer,2024
22721,Consumer,2022
22722,Consumer,2023
22723,Consumer,2021
22724,Consumer,2022
22725,Small Business,2024
22726,Consumer,2022
22727,Consumer,2020
22728,Small Business,2022
22729,Enterprise,2019
22730,Small Business,2020
22731,Consumer,2025
22732,Consumer,2025
22733,Consumer,2025
22734,Consumer,2019
22735,Consumer,2025
22736,Small Business,2020
22737,Consumer,2020
22738,Small Business,2022
22739,Enterprise,2021
22740,Consumer,2022
22741,Consumer,2025
22742,Enterprise,2023
22743,Consumer,2021
22744,Small Business,2025
22745,Consumer,2023
22746,Consumer,2021
22747,Consumer,2019
22748,Consumer,2020
22749,Small Business,2020
22750,Consumer,2019
22751,Consumer,2025
22752,Consumer,2019
22753,Enterprise,2025
22754,Consumer,2024
22755,Small Business,2019
22756,Consumer,2022
22757,Small Business,2019
22758,Small Business,2020
22759,Small Business,2020
22760,Consumer,2023
22761,Enterprise,2020
22762,Consumer,2024
22763,Small Business,2023
22764,Small Business,2025
22765,Consumer,2022
22766,Small Business,2021
22767,Small Business,2024
22768,Small Business,2023
22769,Consumer,2020
22770,Small Business,2020
22771,Consumer,2023
22772,Enterprise,2025
22773,Consumer,2022
22774,Consumer,2025
22775,Consumer,2022
22776,Consumer,2023
22777,Consumer,2021
22778,Small Business,2023
22779,Small Business,2019
22780,Consumer,2023
22781,Small Business,2021
22782,Consumer,2023
22783,Consumer,2025
22784,Consumer,2022
22785,Consumer,2023
22786,Consumer,2024
22787,Consumer,2020
22788,Consumer,2025
22789,Consumer,2022
22790,Enterprise,2024
22791,Consumer,2019
22792,Small Business,2021
22793,Small Business,2025
22794,Small Business,2022
22795,Consumer,2019
22796,Consumer,2023
22797,Small Business,2024
22798,Small Business,2019
22799,Small Business,2020
22800,Consumer,2022
22801,Consumer,2021
22802,Consumer,2019
22803,Consumer,2020
22804,Small Business,2022
22805,Consumer,2023
22806,Consumer,2019
22807,Consumer,2024
22808,Consumer,2021
22809,Consumer,2025
22810,Consumer,2025
22811,Consumer,2023
22812,Consumer,2019
22813,Small Business,2019
22814,Consumer,2020
22815,Consumer,2022
22816,Small Business,2021
22817,Consumer,2024
22818,Consumer,2023
22819,Consumer,2021
22820,Enterprise,2025
22821,Consumer,2025
22822,Enterprise,2023
22823,Consumer,2020
22824,Consumer,2025
22825,Consumer,2024
22826,Small Business,2020
22827,Consumer,2020
22828,Consumer,2021
22829,Enterprise,2023
22830,Consumer,2025
22831,Consumer,2019
22832,Consumer,2019
22833,Consumer,2023
22834,Consumer,2022
22835,Small Business,2019
22836,Consumer,2022
22837,Consumer,2019
22838,Consumer,2025
22839,Consumer,2025
22840,Consumer,2022
22841,Consumer,2024
22842,Consumer,2025
22843,Consumer,2019
22844,Consumer,2023
22845,Consumer,2020
22846,Consumer,2021
22847,Enterprise,2023
22848,Consumer,2020
22849,Consumer,2025
22850,Small Business,2022
22851,Consumer,2025
22852,Small Business,2019
22853,Consumer,2024
22854,Consumer,2021
22855,Consumer,2023
22856,Consumer,2022
22857,Small Business,2023
22858,Consumer,2022
22859,Small Business,2022
22860,Small Business,2022
22861,Consumer,2025
22862,Consumer,2025
22863,Small Business,2023
22864,Small Business,2020
22865,Consumer,2019
22866,Small Business,2025
22867,Consumer,2020
22868,Enterprise,2023
22869,Consumer,2023
22870,Consumer,2024
22871,Consumer,2021
22872,Consumer,2023
22873,Consumer,2022
22874,Consumer,2020
22875,Small Business,2024
22876,Consumer,2024
22877,Consumer,2022
22878,Consumer,2024
22879,Consumer,2023
22880,Consumer,2024
22881,Consumer,2024
22882,Enterprise,2025
22883,Small Business,2023
22884,Small Business,2019
22885,Small Business,2025
22886,Small Business,2025
22887,Enterprise,2024
22888,Consumer,2025
22889,Small Business,2020
22890,Consumer,2025
22891,Consumer,2019
22892,Consumer,2023
22893,Consumer,2022
22894,Consumer,2024
22895,Consumer,2022
22896,Consumer,2023
22897,Small Business,2021
22898,Consumer,2022
22899,Consumer,2021
22900,Consumer,2025
22901,Consumer,2022
22902,Small Business,2020
22903,Consumer,2019
22904,Consumer,2024
22905,Enterprise,2023
22906,Consumer,2022
22907,Consumer,2020
22908,Consumer,2021
22909,Consumer,2023
22910,Small Business,2022
22911,Consumer,2022
22912,Consumer,2023
22913,Small Business,2025
22914,Consumer,2020
22915,Consumer,2023
22916,Consumer,2024
22917,Consumer,2022
22918,Consumer,2021
22919,Consumer,2022
22920,Consumer,2023
22921,Consumer,2021
22922,Small Business,2020
22923,Consumer,2019
22924,Small Business,2019
22925,Consumer,2025
22926,Consumer,2020
22927,Small Business,2023
22928,Consumer,2020
22929,Consumer,2022
22930,Small Business,2024
22931,Small Business,2020
22932,Consumer,2022
22933,Consumer,2021
22934,Consumer,2024
22935,Small Business,2022
22936,Consumer,2024
22937,Consumer,2023
22938,Consumer,2020
22939,Consumer,2022
22940,Small Business,2025
22941,Consumer,2021
22942,Consumer,2024
22943,Consumer,2023
22944,Consumer,2019
22945,Enterprise,2019
22946,Consumer,2023
22947,Consumer,2020
22948,Consumer,2021
22949,Consumer,2022
22950,Consumer,2022
22951,Small Business,2024
22952,Consumer,2021
22953,Small Business,2019
22954,Consumer,2022
22955,Consumer,2025
22956,Consumer,2021
22957,Consumer,2024
22958,Consumer,2022
22959,Consumer,2020
22960,Consumer,2022
22961,Consumer,2022
22962,Consumer,2024
22963,Enterprise,2023
22964,Consumer,2020
22965,Consumer,2019
22966,Consumer,2019
22967,Consumer,2023
22968,Consumer,2022
22969,Consumer,2021
22970,Consumer,2022
22971,Consumer,2019
22972,Consumer,2022
22973,Consumer,2020
22974,Small Business,2023
22975,Consumer,2020
22976,Consumer,2020
22977,Consumer,2025
22978,Consumer,2023
22979,Consumer,2025
22980,Small Business,2022
22981,Consumer,2024
22982,Enterprise,2022
22983,Consumer,2023
22984,Small Business,2023
22985,Consumer,2019
22986,Small Business,2023
22987,Consumer,2019
22988,Small Business,2023
22989,Small Business,2019
22990,Consumer,2024
22991,Consumer,2023
22992,Consumer,2022
22993,Enterprise,2025
22994,Small Business,2025
22995,Consumer,2020
22996,Consumer,2025
22997,Consumer,2021
22998,Consumer,2021
22999,Consumer,2025
23000,Small Business,2025
23001,Consumer,2024
23002,Small Business,2021
23003,Enterprise,2023
23004,Consumer,2025
23005,Consumer,2019
23006,Consumer,2025
23007,Consumer,2025
23008,Small Business,2022
23009,Consumer,2019
23010,Consumer,2021
23011,Small Business,2019
23012,Consumer,2023
23013,Consumer,2021
23014,Enterprise,2021
23015,Consumer,2022
23016,Consumer,2023
23017,Consumer,2019
23018,Consumer,2021
23019,Consumer,2019
23020,Consumer,2022
23021,Consumer,2021
23022,Consumer,2021
23023,Consumer,2020
23024,Consumer,2024
23025,Enterprise,2020
23026,Small Business,2023
23027,Small Business,2023
23028,Consumer,2023
23029,Consumer,2019
23030,Small Business,2024
23031,Small Business,2023
23032,Consumer,2024
23033,Consumer,2024
23034,Consumer,2022
23035,Consumer,2024
23036,Consumer,2020
23037,Consumer,2021
23038,Consumer,2021
23039,Consumer,2021
23040,Consumer,2022
23041,Consumer,2024
23042,Consumer,2020
23043,Consumer,2021
23044,Consumer,2024
23045,Enterprise,2024
23046,Consumer,2020
23047,Small Business,2019
23048,Consumer,2021
23049,Consumer,2019
23050,Consumer,2023
23051,Consumer,2024
23052,Small Business,2023
23053,Consumer,2021
23054,Small Business,2021
23055,Small Business,2022
23056,Small Business,2024
23057,Consumer,2025
23058,Consumer,2025
23059,Small Business,2021
23060,Small Business,2020
23061,Enterprise,2019
23062,Consumer,2025
23063,Small Business,2025
23064,Small Business,2022
23065,Small Business,2019
23066,Consumer,2022
23067,Consumer,2024
23068,Consumer,2024
23069,Consumer,2024
23070,Consumer,2024
23071,Consumer,2019
23072,Small Business,2023
23073,Consumer,2025
23074,Consumer,2021
23075,Consumer,2022
23076,Enterprise,2020
23077,Consumer,2024
23078,Consumer,2021
23079,Consumer,2025
23080,Consumer,2023
23081,Consumer,2021
23082,Small Business,2022
23083,Consumer,2019
23084,Consumer,2025
23085,Small Business,2022
23086,Consumer,2022
23087,Consumer,2021
23088,Consumer,2023
23089,Consumer,2024
23090,Consumer,2023
23091,Enterprise,2019
23092,Small Business,2024
23093,Small Business,2023
23094,Consumer,2025
23095,Consumer,2020
23096,Small Business,2024
23097,Consumer,2025
23098,Consumer,2019
23099,Consumer,2025
23100,Consumer,2024
23101,Consumer,2024
23102,Consumer,2025
23103,Consumer,2020
23104,Consumer,2019
23105,Consumer,2023
23106,Consumer,2023
23107,Consumer,2024
23108,Consumer,2023
23109,Consumer,2019
23110,Consumer,2022
23111,Consumer,2021
23112,Consumer,2025
23113,Consumer,2023
23114,Consumer,2024
23115,Small Business,2024
23116,Consumer,2020
23117,Consumer,2025
23118,Consumer,2019
23119,Small Business,2020
23120,Consumer,2020
23121,Enterprise,2019
23122,Consumer,2025
23123,Consumer,2019
23124,Consumer,2019
23125,Consumer,2019
23126,Consumer,2023
23127,Consumer,2020
23128,Consumer,2023
23129,Consumer,2020
23130,Small Business,2020
23131,Small Business,2020
23132,Consumer,2020
23133,Small Business,2020
23134,Small Business,2024
23135,Small Business,2022
23136,Small Business,2021
23137,Consumer,2025
23138,Small Business,2022
23139,Consumer,2025
23140,Small Business,2021
23141,Consumer,2025
23142,Consumer,2020
23143,Consumer,2022
23144,Consumer,2022
23145,Consumer,2025
23146,Small Business,2020
23147,Consumer,2021
23148,Consumer,2021
23149,Consumer,2023
23150,Consumer,2020
23151,Consumer,2022
23152,Consumer,2023
23153,Enterprise,2020
23154,Consumer,2021
23155,Consumer,2019
23156,Small Business,2020
23157,Consumer,2025
23158,Consumer,2024
23159,Consumer,2020
23160,Small Business,2023
23161,Consumer,2019
23162,Enterprise,2025
23163,Enterprise,2024
23164,Consumer,2024
23165,Consumer,2021
23166,Consumer,2021
23167,Consumer,2025
23168,Enterprise,2022
23169,Consumer,2023
23170,Consumer,2025
23171,Consumer,2024
23172,Consumer,2021
23173,Small Business,2019
23174,Consumer,2020
23175,Consumer,2024
23176,Consumer,2020
23177,Consumer,2021
23178,Consumer,2025
23179,Consumer,2022
23180,Consumer,2020
23181,Enterprise,2022
23182,Small Business,2025
23183,Consumer,2020
23184,Consumer,2023
23185,Consumer,2024
23186,Consumer,2023
23187,Consumer,2025
23188,Consumer,2021
23189,Consumer,2024
23190,Consumer,2021
23191,Consumer,2019
23192,Consumer,2021
23193,Consumer,2020
23194,Enterprise,2024
23195,Consumer,2021
23196,Consumer,2024
23197,Consumer,2024
23198,Consumer,2022
23199,Consumer,2025
23200,Consumer,2022
23201,Small Business,2023
23202,Consumer,2023
23203,Consumer,2023
23204,Consumer,2022
23205,Consumer,2021
23206,Consumer,2024
23207,Enterprise,2025
23208,Consumer,2019
23209,Small Business,2025
23210,Consumer,2025
23211,Consumer,2023
23212,Small Business,2022
23213,Consumer,2022
23214,Consumer,2022
23215,Consumer,2020
23216,Consumer,2021
23217,Consumer,2025
23218,Small Business,2022
23219,Consumer,2021
23220,Consumer,2020
23221,Consumer,2024
23222,Consumer,2022
23223,Consumer,2023
23224,Consumer,2021
23225,Consumer,2019
23226,Small Business,2021
23227,Consumer,2023
23228,Consumer,2020
23229,Small Business,2022
23230,Consumer,2025
23231,Small Business,2020
23232,Consumer,2024
23233,Consumer,2019
23234,Small Business,2022
23235,Consumer,2023
23236,Consumer,2020
23237,Consumer,2020
23238,Small Business,2022
23239,Consumer,2019
23240,Consumer,2025
23241,Consumer,2020
23242,Enterprise,2024
23243,Consumer,2021
23244,Consumer,2024
23245,Enterprise,2020
23246,Consumer,2023
23247,Consumer,2024
23248,Consumer,2024
23249,Consumer,2019
23250,Consumer,2020
23251,Consumer,2025
23252,Consumer,2021
23253,Small Business,2024
23254,Consumer,2024
23255,Consumer,2023
23256,Consumer,2020
23257,Enterprise,2021
23258,Consumer,2019
23259,Consumer,2019
23260,Consumer,2024
23261,Small Business,2022
23262,Small Business,2024
23263,Consumer,2020
23264,Consumer,2020
23265,Consumer,2022
23266,Consumer,2022
23267,Consumer,2021
23268,Consumer,2019
23269,Consumer,2020
23270,Consumer,2020
23271,Enterprise,2020
23272,Consumer,2020
23273,Small Business,2023
23274,Consumer,2023
23275,Consumer,2024
23276,Small Business,2021
23277,Consumer,2022
23278,Consumer,2024
23279,Consumer,2022
23280,Small Business,2019
23281,Consumer,2022
23282,Consumer,2019
23283,Consumer,2021
23284,Consumer,2021
23285,Consumer,2025
23286,Small Business,2024
23287,Consumer,2023
23288,Consumer,2025
23289,Consumer,2025
23290,Small Business,2021
23291,Consumer,2022
23292,Consumer,2022
23293,Consumer,2019
23294,Consumer,2019
23295,Consumer,2021
23296,Consumer,2019
23297,Consumer,2023
23298,Consumer,2019
23299,Consumer,2020
23300,Consumer,2019
23301,Consumer,2022
23302,Consumer,2025
23303,Consumer,2019
23304,Enterprise,2023
23305,Consumer,2022
23306,Consumer,2025
23307,Consumer,2023
23308,Enterprise,2024
23309,Consumer,2023
23310,Consumer,2024
23311,Small Business,2022
23312,Consumer,2021
23313,Consumer,2022
23314,Consumer,2019
23315,Consumer,2023
23316,Consumer,2019
23317,Consumer,2025
23318,Consumer,2019
23319,Consumer,2019
23320,Consumer,2020
23321,Consumer,2020
23322,Consumer,2019
23323,Consumer,2025
23324,Consumer,2023
23325,Consumer,2021
23326,Consumer,2021
23327,Small Business,2020
23328,Consumer,2022
23329,Consumer,2021
23330,Enterprise,2022
23331,Consumer,2021
23332,Small Business,2020
23333,Consumer,2022
23334,Consumer,2019
23335,Consumer,2022
23336,Consumer,2022
23337,Small Business,2019
23338,Consumer,2025
23339,Consumer,2025
23340,Small Business,2024
23341,Consumer,2025
23342,Consumer,2025
23343,Consumer,2024
23344,Consumer,2021
23345,Small Business,2020
23346,Consumer,2024
23347,Consumer,2022
23348,Consumer,2024
23349,Consumer,2025
23350,Consumer,2025
23351,Consumer,2023
23352,Consumer,2021
23353,Consumer,2019
23354,Consumer,2024
23355,Consumer,2019
23356,Consumer,2022
23357,Consumer,2021
23358,Small Business,2022
23359,Consumer,2025
23360,Consumer,2022
23361,Small Business,2020
23362,Consumer,2022
23363,Consumer,2019
23364,Small Business,2025
23365,Consumer,2019
23366,Consumer,2025
23367,Consumer,2020
23368,Consumer,2023
23369,Consumer,2025
23370,Consumer,2020
23371,Consumer,2025
23372,Consumer,2021
23373,Consumer,2022
23374,Consumer,2021
23375,Consumer,2025
23376,Consumer,2023
23377,Consumer,2021
23378,Consumer,2019
23379,Consumer,2025
23380,Enterprise,2023
23381,Consumer,2019
23382,Consumer,2022
23383,Small Business,2020
23384,Consumer,2020
23385,Enterprise,2022
23386,Consumer,2019
23387,Small Business,2020
23388,Consumer,2019
23389,Consumer,2025
23390,Consumer,2025
23391,Consumer,2020
23392,Small Business,2023
23393,Enterprise,2020
23394,Consumer,2022
23395,Consumer,2022
23396,Small Business,2019
23397,Small Business,2024
23398,Small Business,2024
23399,Consumer,2019
23400,Enterprise,2020
23401,Consumer,2019
23402,Consumer,2021
23403,Consumer,2022
23404,Consumer,2023
23405,Small Business,2023
23406,Consumer,2019
23407,Consumer,2022
23408,Consumer,2024
23409,Consumer,2025
23410,Consumer,2024
23411,Consumer,2021
23412,Consumer,2022
23413,Consumer,2020
23414,Consumer,2021
23415,Consumer,2020
23416,Consumer,2020
23417,Enterprise,2025
23418,Small Business,2024
23419,Consumer,2024
23420,Consumer,2021
23421,Consumer,2021
23422,Consumer,2024
23423,Consumer,2019
23424,Small Business,2024
23425,Small Business,2023
23426,Consumer,2021
23427,Small Business,2025
23428,Small Business,2020
23429,Consumer,2021
23430,Small Business,2021
23431,Enterprise,2021
23432,Enterprise,2021
23433,Small Business,2022
23434,Consumer,2025
23435,Consumer,2022
23436,Enterprise,2023
23437,Consumer,2023
23438,Consumer,2023
23439,Consumer,2021
23440,Consumer,2020
23441,Consumer,2021
23442,Small Business,2021
23443,Consumer,2024
23444,Consumer,2022
23445,Consumer,2025
23446,Consumer,2025
23447,Small Business,2023
23448,Small Business,2023
23449,Small Business,2019
23450,Consumer,2020
23451,Small Business,2023
23452,Consumer,2025
23453,Consumer,2024
23454,Consumer,2020
23455,Consumer,2023
23456,Consumer,2023
23457,Consumer,2019
23458,Consumer,2025
23459,Small Business,2021
23460,Consumer,2023
23461,Consumer,2021
23462,Small Business,2025
23463,Consumer,2022
23464,Consumer,2024
23465,Consumer,2025
23466,Consumer,2019
23467,Consumer,2021
23468,Small Business,2023
23469,Consumer,2024
23470,Consumer,2024
23471,Consumer,2023
23472,Consumer,2021
23473,Consumer,2020
23474,Enterprise,2025
23475,Consumer,2019
23476,Consumer,2024
23477,Consumer,2019
23478,Consumer,2021
23479,Consumer,2025
23480,Consumer,2020
23481,Consumer,2020
23482,Consumer,2020
23483,Consumer,2023
23484,Small Business,2020
23485,Consumer,2023
23486,Consumer,2023
23487,Consumer,2025
23488,Consumer,2023
23489,Consumer,2021
23490,Consumer,2020
23491,Small Business,2022
23492,Consumer,2022
23493,Consumer,2025
23494,Consumer,2020
23495,Small Business,2021
23496,Consumer,2025
23497,Small Business,2025
23498,Consumer,2024
23499,Consumer,2020
23500,Small Business,2019
23501,Consumer,2021
23502,Consumer,2020
23503,Consumer,2021
23504,Small Business,2025
23505,Small Business,2022
23506,Consumer,2021
23507,Small Business,2024
23508,Consumer,2024
23509,Consumer,2022
23510,Small Business,2019
23511,Consumer,2022
23512,Consumer,2021
23513,Small Business,2020
23514,Consumer,2023
23515,Small Business,2024
23516,Consumer,2021
23517,Consumer,2021
23518,Small Business,2024
23519,Consumer,2020
23520,Consumer,2025
23521,Small Business,2021
23522,Consumer,2022
23523,Consumer,2023
23524,Consumer,2022
23525,Consumer,2019
23526,Consumer,2023
23527,Consumer,2025
23528,Small Business,2024
23529,Consumer,2023
23530,Small Business,2019
23531,Enterprise,2024
23532,Consumer,2022
23533,Enterprise,2021
23534,Consumer,2022
23535,Consumer,2020
23536,Enterprise,2021
23537,Small Business,2024
23538,Consumer,2024
23539,Consumer,2022
23540,Consumer,2025
23541,Enterprise,2020
23542,Consumer,2024
23543,Consumer,2022
23544,Consumer,2023
23545,Consumer,2024
23546,Consumer,2024
23547,Consumer,2025
23548,Consumer,2020
23549,Consumer,2020
23550,Consumer,2019
23551,Consumer,2023
23552,Consumer,2022
23553,Small Business,2023
23554,Consumer,2021
23555,Consumer,2021
23556,Consumer,2025
23557,Consumer,2020
23558,Small Business,2024
23559,Small Business,2019
23560,Consumer,2021
23561,Consumer,2019
23562,Consumer,2019
23563,Consumer,2019
23564,Consumer,2020
23565,Enterprise,2025
23566,Consumer,2021
23567,Enterprise,2023
23568,Consumer,2023
23569,Consumer,2025
23570,Consumer,2025
23571,Consumer,2019
23572,Enterprise,2020
23573,Consumer,2024
23574,Consumer,2024
23575,Enterprise,2025
23576,Consumer,2024
23577,Consumer,2022
23578,Consumer,2021
23579,Consumer,2022
23580,Small Business,2019
23581,Consumer,2023
23582,Small Business,2019
23583,Consumer,2023
23584,Consumer,2023
23585,Consumer,2025
23586,Small Business,2024
23587,Consumer,2024
23588,Consumer,2023
23589,Consumer,2021
23590,Small Business,2024
23591,Consumer,2022
23592,Consumer,2022
23593,Consumer,2023
23594,Small Business,2020
23595,Consumer,2020
23596,Consumer,2019
23597,Consumer,2021
23598,Consumer,2024
23599,Consumer,2019
23600,Consumer,2022
23601,Consumer,2024
23602,Small Business,2025
23603,Consumer,2025
23604,Consumer,2021
23605,Consumer,2021
23606,Consumer,2020
23607,Consumer,2021
23608,Small Business,2023
23609,Consumer,2023
23610,Consumer,2023
23611,Consumer,2022
23612,Small Business,2023
23613,Consumer,2021
23614,Consumer,2019
23615,Consumer,2025
23616,Small Business,2019
23617,Small Business,2024
23618,Consumer,2022
23619,Small Business,2025
23620,Small Business,2022
23621,Consumer,2019
23622,Consumer,2019
23623,Consumer,2019
23624,Consumer,2022
23625,Small Business,2024
23626,Consumer,2023
23627,Consumer,2024
23628,Consumer,2022
23629,Consumer,2019
23630,Consumer,2020
23631,Consumer,2020
23632,Consumer,2025
23633,Small Business,2024
23634,Consumer,2019
23635,Consumer,2020
23636,Small Business,2020
23637,Consumer,2023
23638,Consumer,2019
23639,Consumer,2025
23640,Small Business,2020
23641,Consumer,2024
23642,Consumer,2023
23643,Consumer,2021
23644,Small Business,2019
23645,Small Business,2022
23646,Consumer,2019
23647,Consumer,2024
23648,Consumer,2020
23649,Consumer,2025
23650,Consumer,2019
23651,Small Business,2021
23652,Consumer,2021
23653,Small Business,2024
23654,Consumer,2020
23655,Small Business,2024
23656,Consumer,2021
23657,Consumer,2019
23658,Small Business,2024
23659,Consumer,2020
23660,Small Business,2022
23661,Small Business,2023
23662,Enterprise,2019
23663,Small Business,2023
23664,Consumer,2022
23665,Consumer,2024
23666,Consumer,2019
23667,Consumer,2025
23668,Consumer,2019
23669,Consumer,2025
23670,Consumer,2021
23671,Consumer,2019
23672,Consumer,2020
23673,Enterprise,2022
23674,Small Business,2019
23675,Consumer,2021
23676,Consumer,2021
23677,Small Business,2020
23678,Consumer,2022
23679,Consumer,2019
23680,Small Business,2020
23681,Consumer,2020
23682,Consumer,2019
23683,Consumer,2022
23684,Consumer,2025
23685,Consumer,2021
23686,Consumer,2023
23687,Enterprise,2020
23688,Small Business,2023
23689,Consumer,2023
23690,Consumer,2021
23691,Consumer,2020
23692,Consumer,2023
23693,Consumer,2023
23694,Consumer,2023
23695,Consumer,2020
23696,Consumer,2021
23697,Consumer,2024
23698,Consumer,2024
23699,Enterprise,2024
23700,Consumer,2024
23701,Enterprise,2019
23702,Consumer,2021
23703,Consumer,2020
23704,Small Business,2021
23705,Consumer,2022
23706,Consumer,2020
23707,Enterprise,2024
23708,Consumer,2022
23709,Small Business,2019
23710,Consumer,2024
23711,Small Business,2021
23712,Consumer,2022
23713,Consumer,2021
23714,Small Business,2021
23715,Consumer,2021
23716,Consumer,2021
23717,Small Business,2019
23718,Small Business,2023
23719,Consumer,2023
23720,Consumer,2022
23721,Small Business,2025
23722,Consumer,2022
23723,Consumer,2021
23724,Consumer,2023
23725,Consumer,2024
23726,Enterprise,2024
23727,Consumer,2023
23728,Small Business,2023
23729,Consumer,2025
23730,Consumer,2023
23731,Consumer,2023
23732,Small Business,2023
23733,Consumer,2025
23734,Consumer,2025
23735,Consumer,2021
23736,Consumer,2024
23737,Consumer,2023
23738,Consumer,2022
23739,Consumer,2022
23740,Consumer,2025
23741,Consumer,2025
23742,Consumer,2025
23743,Small Business,2021
23744,Small Business,2021
23745,Consumer,2019
23746,Consumer,2024
23747,Consumer,2023
23748,Consumer,2025
23749,Consumer,2024
23750,Consumer,2020
23751,Consumer,2021
23752,Consumer,2021
23753,Consumer,2024
23754,Consumer,2021
23755,Consumer,2025
23756,Consumer,2023
23757,Consumer,2021
23758,Small Business,2025
23759,Consumer,2022
23760,Consumer,2021
23761,Small Business,2021
23762,Consumer,2024
23763,Consumer,2019
23764,Consumer,2024
23765,Consumer,2019
23766,Consumer,2023
23767,Consumer,2024
23768,Small Business,2023
23769,Consumer,2020
23770,Consumer,2023
23771,Consumer,2024
23772,Small Business,2020
23773,Consumer,2025
23774,Consumer,2019
23775,Consumer,2025
23776,Consumer,2021
23777,Consumer,2023
23778,Small Business,2020
23779,Consumer,2023
23780,Consumer,2023
23781,Small Business,2022
23782,Small Business,2024
23783,Consumer,2025
23784,Consumer,2020
23785,Enterprise,2024
23786,Consumer,2023
23787,Consumer,2022
23788,Consumer,2019
23789,Consumer,2023
23790,Consumer,2021
23791,Enterprise,2019
23792,Consumer,2020
23793,Consumer,2019
23794,Consumer,2021
23795,Consumer,2020
23796,Consumer,2025
23797,Enterprise,2021
23798,Consumer,2021
23799,Enterprise,2024
23800,Consumer,2019
23801,Consumer,2021
23802,Consumer,2020
23803,Small Business,2022
23804,Consumer,2024
23805,Consumer,2022
23806,Consumer,2021
23807,Consumer,2019
23808,Consumer,2025
23809,Small Business,2022
23810,Consumer,2022
23811,Consumer,2022
23812,Consumer,2022
23813,Consumer,2019
23814,Consumer,2022
23815,Consumer,2021
23816,Consumer,2024
23817,Consumer,2021
23818,Small Business,2024
23819,Consumer,2023
23820,Small Business,2019
23821,Consumer,2025
23822,Consumer,2021
23823,Consumer,2023
23824,Consumer,2020
23825,Consumer,2024
23826,Consumer,2025
23827,Consumer,2019
23828,Small Business,2024
23829,Small Business,2024
23830,Consumer,2021
23831,Small Business,2021
23832,Enterprise,2021
23833,Consumer,2022
23834,Consumer,2021
23835,Consumer,2025
23836,Small Business,2025
23837,Small Business,2025
23838,Consumer,2022
23839,Consumer,2023
23840,Consumer,2019
23841,Consumer,2019
23842,Consumer,2024
23843,Consumer,2023
23844,Consumer,2019
23845,Consumer,2023
23846,Consumer,2023
23847,Consumer,2024
23848,Small Business,2022
23849,Consumer,2024
23850,Consumer,2024
23851,Consumer,2023
23852,Enterprise,2022
23853,Small Business,2024
23854,Consumer,2020
23855,Consumer,2025
23856,Small Business,2025
23857,Consumer,2022
23858,Consumer,2025
23859,Small Business,2024
23860,Consumer,2021
23861,Small Business,2022
23862,Consumer,2023
23863,Small Business,2020
23864,Enterprise,2022
23865,Consumer,2021
23866,Consumer,2022
23867,Consumer,2021
23868,Small Business,2019
23869,Consumer,2024
23870,Consumer,2022
23871,Small Business,2020
23872,Consumer,2020
23873,Consumer,2022
23874,Consumer,2024
23875,Enterprise,2020
23876,Consumer,2024
23877,Enterprise,2024
23878,Consumer,2019
23879,Small Business,2019
23880,Consumer,2024
23881,Consumer,2022
23882,Small Business,2019
23883,Small Business,2025
23884,Consumer,2019
23885,Consumer,2021
23886,Consumer,2019
23887,Consumer,2025
23888,Consumer,2022
23889,Enterprise,2023
23890,Consumer,2024
23891,Consumer,2020
23892,Consumer,2021
23893,Consumer,2023
23894,Consumer,2025
23895,Small Business,2020
23896,Consumer,2021
23897,Consumer,2020
23898,Small Business,2020
23899,Consumer,2020
23900,Consumer,2022
23901,Consumer,2019
23902,Consumer,2023
23903,Consumer,2020
23904,Consumer,2022
23905,Consumer,2020
23906,Consumer,2022
23907,Consumer,2020
23908,Consumer,2020
23909,Consumer,2021
23910,Consumer,2023
23911,Consumer,2021
23912,Consumer,2021
23913,Consumer,2023
23914,Enterprise,2025
23915,Consumer,2024
23916,Consumer,2021
23917,Consumer,2022
23918,Consumer,2020
23919,Small Business,2024
23920,Small Business,2025
23921,Enterprise,2025
23922,Consumer,2020
23923,Consumer,2024
23924,Consumer,2020
23925,Consumer,2019
23926,Consumer,2024
23927,Consumer,2021
23928,Consumer,2021
23929,Small Business,2022
23930,Small Business,2021
23931,Consumer,2020
23932,Consumer,2022
23933,Small Business,2019
23934,Consumer,2024
23935,Small Business,2025
23936,Consumer,2023
23937,Enterprise,2023
23938,Consumer,2024
23939,Consumer,2022
23940,Small Business,2025
23941,Small Business,2021
23942,Enterprise,2023
23943,Consumer,2020
23944,Consumer,2020
23945,Consumer,2022
23946,Consumer,2024
23947,Consumer,2021
23948,Consumer,2024
23949,Small Business,2021
23950,Small Business,2022
23951,Consumer,2022
23952,Consumer,2023
23953,Consumer,2022
23954,Consumer,2022
23955,Consumer,2019
23956,Small Business,2019
23957,Consumer,2019
23958,Consumer,2024
23959,Consumer,2021
23960,Consumer,2022
23961,Consumer,2022
23962,Consumer,2021
23963,Consumer,2019
23964,Consumer,2022
23965,Consumer,2021
23966,Consumer,2023
23967,Small Business,2023
23968,Small Business,2024
23969,Small Business,2022
23970,Enterprise,2025
23971,Small Business,2025
23972,Small Business,2023
23973,Consumer,2025
23974,Consumer,2025
23975,Small Business,2024
23976,Small Business,2020
23977,Small Business,2023
23978,Consumer,2020
23979,Small Business,2021
23980,Consumer,2024
23981,Consumer,2022
23982,Consumer,2023
23983,Consumer,2021
23984,Consumer,2025
23985,Consumer,2021
23986,Consumer,2023
23987,Consumer,2024
23988,Small Business,2019
23989,Consumer,2024
23990,Consumer,2023
23991,Consumer,2020
23992,Small Business,2020
23993,Consumer,2019
23994,Consumer,2022
23995,Consumer,2019
23996,Consumer,2023
23997,Consumer,2019
23998,Small Business,2023
23999,Small Business,2024
24000,Consumer,2021
24001,Small Business,2021
24002,Consumer,2023
24003,Consumer,2025
24004,Consumer,2025
24005,Consumer,2023
24006,Consumer,2020
24007,Small Business,2021
24008,Consumer,2019
24009,Enterprise,2019
24010,Consumer,2019
24011,Consumer,2024
24012,Consumer,2022
24013,Consumer,2022
24014,Consumer,2021
24015,Consumer,2019
24016,Small Business,2022
24017,Consumer,2022
24018,Consumer,2019
24019,Consumer,2023
24020,Consumer,2020
24021,Consumer,2022
24022,Consumer,2021
24023,Small Business,2019
24024,Enterprise,2025
24025,Consumer,2023
24026,Small Business,2021
24027,Small Business,2020
24028,Consumer,2019
24029,Small Business,2024
24030,Consumer,2021
24031,Consumer,2020
24032,Consumer,2025
24033,Small Business,2025
24034,Small Business,2021
24035,Small Business,2023
24036,Consumer,2024
24037,Enterprise,2023
24038,Consumer,2020
24039,Small Business,2024
24040,Small Business,2019
24041,Consumer,2022
24042,Consumer,2022
24043,Small Business,2023
24044,Small Business,2023
24045,Small Business,2019
24046,Consumer,2024
24047,Consumer,2021
24048,Consumer,2020
24049,Consumer,2022
24050,Small Business,2025
24051,Consumer,2024
24052,Consumer,2022
24053,Consumer,2023
24054,Small Business,2022
24055,Consumer,2023
24056,Consumer,2025
24057,Consumer,2019
24058,Consumer,2021
24059,Consumer,2022
24060,Small Business,2024
24061,Consumer,2019
24062,Consumer,2022
24063,Consumer,2024
24064,Consumer,2019
24065,Consumer,2020
24066,Consumer,2019
24067,Consumer,2024
24068,Consumer,2025
24069,Small Business,2022
24070,Small Business,2025
24071,Consumer,2023
24072,Consumer,2025
24073,Small Business,2019
24074,Consumer,2023
24075,Enterprise,2024
24076,Small Business,2023
24077,Consumer,2022
24078,Consumer,2020
24079,Enterprise,2020
24080,Consumer,2023
24081,Consumer,2023
24082,Consumer,2022
24083,Consumer,2019
24084,Small Business,2021
24085,Consumer,2025
24086,Consumer,2023
24087,Consumer,2024
24088,Consumer,2019
24089,Consumer,2022
24090,Small Business,2022
24091,Consumer,2024
24092,Consumer,2024
24093,Enterprise,2019
24094,Consumer,2024
24095,Consumer,2019
24096,Consumer,2022
24097,Consumer,2020
24098,Consumer,2021
24099,Consumer,2021
24100,Small Business,2023
24101,Consumer,2019
24102,Consumer,2019
24103,Consumer,2023
24104,Small Business,2019
24105,Consumer,2020
24106,Enterprise,2024
24107,Consumer,2020
24108,Consumer,2019
24109,Consumer,2022
24110,Consumer,2021
24111,Consumer,2019
24112,Consumer,2021
24113,Consumer,2024
24114,Small Business,2025
24115,Small Business,2019
24116,Consumer,2023
24117,Consumer,2023
24118,Small Business,2024
24119,Consumer,2024
24120,Consumer,2023
24121,Consumer,2025
24122,Consumer,2020
24123,Consumer,2019
24124,Consumer,2021
24125,Consumer,2020
24126,Consumer,2020
24127,Small Business,2019
24128,Consumer,2022
24129,Consumer,2024
24130,Consumer,2019
24131,Consumer,2023
24132,Small Business,2025
24133,Consumer,2022
24134,Consumer,2020
24135,Enterprise,2023
24136,Consumer,2020
24137,Consumer,2019
24138,Consumer,2022
24139,Consumer,2019
24140,Consumer,2021
24141,Consumer,2024
24142,Consumer,2020
24143,Consumer,2022
24144,Consumer,2025
24145,Consumer,2020
24146,Consumer,2020
24147,Consumer,2023
24148,Consumer,2024
24149,Consumer,2022
24150,Consumer,2024
24151,Consumer,2023
24152,Small Business,2020
24153,Consumer,2024
24154,Small Business,2020
24155,Consumer,2023
24156,Consumer,2022
24157,Consumer,2022
24158,Consumer,2025
24159,Small Business,2025
24160,Consumer,2024
24161,Consumer,2023
24162,Small Business,2021
24163,Consumer,2024
24164,Consumer,2019
24165,Consumer,2019
24166,Enterprise,2023
24167,Consumer,2020
24168,Small Business,2022
24169,Consumer,2025
24170,Enterprise,2021
24171,Enterprise,2021
24172,Small Business,2023
24173,Consumer,2024
24174,Consumer,2025
24175,Small Business,2021
24176,Consumer,2025
24177,Small Business,2020
24178,Small Business,2023
24179,Consumer,2019
24180,Consumer,2025
24181,Consumer,2024
24182,Consumer,2021
24183,Consumer,2025
24184,Consumer,2019
24185,Small Business,2021
24186,Consumer,2022
24187,Consumer,2023
24188,Consumer,2023
24189,Consumer,2019
24190,Consumer,2024
24191,Small Business,2020
24192,Small Business,2025
24193,Consumer,2021
24194,Enterprise,2022
24195,Consumer,2021
24196,Consumer,2021
24197,Consumer,2022
24198,Small Business,2020
24199,Consumer,2025
24200,Small Business,2023
24201,Consumer,2022
24202,Small Business,2023
24203,Consumer,2019
24204,Small Business,2023
24205,Consumer,2020
24206,Consumer,2020
24207,Small Business,2023
24208,Consumer,2022
24209,Small Business,2020
24210,Consumer,2019
24211,Small Business,2023
24212,Consumer,2022
24213,Consumer,2020
24214,Consumer,2020
24215,Consumer,2024
24216,Consumer,2025
24217,Enterprise,2025
24218,Enterprise,2024
24219,Consumer,2020
24220,Small Business,2024
24221,Consumer,2021
24222,Consumer,2019
24223,Consumer,2020
24224,Small Business,2022
24225,Small Business,2020
24226,Consumer,2020
24227,Consumer,2024
24228,Consumer,2019
24229,Consumer,2025
24230,Consumer,2021
24231,Small Business,2021
24232,Small Business,2021
24233,Consumer,2023
24234,Small Business,2025
24235,Consumer,2020
24236,Consumer,2025
24237,Small Business,2025
24238,Consumer,2025
24239,Consumer,2023
24240,Consumer,2019
24241,Consumer,2021
24242,Consumer,2022
24243,Consumer,2024
24244,Consumer,2019
24245,Consumer,2023
24246,Consumer,2023
24247,Consumer,2019
24248,Small Business,2022
24249,Consumer,2021
24250,Consumer,2022
24251,Small Business,2024
24252,Small Business,2019
24253,Consumer,2024
24254,Consumer,2019
24255,Consumer,2023
24256,Consumer,2021
24257,Consumer,2022
24258,Consumer,2020
24259,Consumer,2025
24260,Consumer,2020
24261,Consumer,2021
24262,Consumer,2024
24263,Small Business,2021
24264,Consumer,2019
24265,Consumer,2020
24266,Small Business,2020
24267,Consumer,2019
24268,Consumer,2025
24269,Consumer,2024
24270,Consumer,2025
24271,Consumer,2022
24272,Consumer,2021
24273,Small Business,2024
24274,Consumer,2024
24275,Consumer,2024
24276,Consumer,2020
24277,Small Business,2024
24278,Consumer,2023
24279,Consumer,2023
24280,Consumer,2025
24281,Consumer,2020
24282,Enterprise,2022
24283,Consumer,2021
24284,Small Business,2020
24285,Consumer,2022
24286,Consumer,2023
24287,Consumer,2020
24288,Enterprise,2024
24289,Consumer,2021
24290,Consumer,2025
24291,Enterprise,2024
24292,Consumer,2021
24293,Consumer,2024
24294,Consumer,2020
24295,Small Business,2023
24296,Consumer,2023
24297,Consumer,2020
24298,Enterprise,2020
24299,Consumer,2019
24300,Consumer,2020
24301,Consumer,2023
24302,Consumer,2020
24303,Consumer,2025
24304,Consumer,2021
24305,Consumer,2021
24306,Small Business,2022
24307,Consumer,2023
24308,Consumer,2024
24309,Consumer,2023
24310,Small Business,2019
24311,Small Business,2025
24312,Small Business,2021
24313,Enterprise,2025
24314,Small Business,2023
24315,Enterprise,2019
24316,Consumer,2022
24317,Consumer,2024
24318,Consumer,2024
24319,Consumer,2024
24320,Consumer,2025
24321,Consumer,2022
24322,Consumer,2020
24323,Consumer,2019
24324,Consumer,2025
24325,Consumer,2023
24326,Small Business,2025
24327,Consumer,2024
24328,Consumer,2021
24329,Consumer,2020
24330,Consumer,2024
24331,Small Business,2024
24332,Consumer,2022
24333,Enterprise,2020
24334,Consumer,2024
24335,Small Business,2024
24336,Consumer,2024
24337,Consumer,2022
24338,Consumer,2025
24339,Consumer,2025
24340,Enterprise,2020
24341,Small Business,2021
24342,Consumer,2024
24343,Small Business,2020
24344,Consumer,2019
24345,Small Business,2022
24346,Consumer,2025
24347,Consumer,2025
24348,Consumer,2020
24349,Consumer,2020
24350,Small Business,2021
24351,Consumer,2025
24352,Consumer,2024
24353,Small Business,2025
24354,Consumer,2022
24355,Consumer,2019
24356,Consumer,2023
24357,Consumer,2025
24358,Small Business,2021
24359,Consumer,2020
24360,Consumer,2022
24361,Consumer,2020
24362,Consumer,2024
24363,Consumer,2021
24364,Consumer,2025
24365,Small Business,2023
24366,Consumer,2022
24367,Small Business,2022
24368,Consumer,2024
24369,Small Business,2020
24370,Consumer,2022
24371,Small Business,2025
24372,Consumer,2025
24373,Consumer,2019
24374,Consumer,2024
24375,Small Business,2024
24376,Small Business,2022
24377,Small Business,2020
24378,Consumer,2022
24379,Consumer,2025
24380,Consumer,2020
24381,Consumer,2021
24382,Consumer,2025
24383,Small Business,2023
24384,Consumer,2020
24385,Consumer,2023
24386,Consumer,2020
24387,Consumer,2024
24388,Consumer,2022
24389,Consumer,2025
24390,Consumer,2024
24391,Consumer,2019
24392,Consumer,2023
24393,Small Business,2023
24394,Consumer,2020
24395,Enterprise,2022
24396,Small Business,2020
24397,Consumer,2024
24398,Consumer,2020
24399,Small Business,2021
24400,Consumer,2023
24401,Consumer,2019
24402,Enterprise,2025
24403,Small Business,2019
24404,Small Business,2025
24405,Small Business,2023
24406,Consumer,2022
24407,Consumer,2022
24408,Small Business,2021
24409,Consumer,2024
24410,Consumer,2021
24411,Consumer,2022
24412,Small Business,2024
24413,Consumer,2023
24414,Small Business,2023
24415,Consumer,2022
24416,Consumer,2019
24417,Consumer,2019
24418,Small Business,2019
24419,Consumer,2020
24420,Small Business,2022
24421,Consumer,2020
24422,Consumer,2022
24423,Consumer,2025
24424,Small Business,2025
24425,Consumer,2023
24426,Small Business,2019
24427,Consumer,2024
24428,Consumer,2024
24429,Consumer,2024
24430,Consumer,2025
24431,Consumer,2019
24432,Consumer,2021
24433,Consumer,2023
24434,Consumer,2020
24435,Consumer,2021
24436,Consumer,2020
24437,Consumer,2020
24438,Consumer,2023
24439,Consumer,2023
24440,Consumer,2019
24441,Consumer,2023
24442,Consumer,2025
24443,Consumer,2019
24444,Consumer,2024
24445,Small Business,2023
24446,Small Business,2024
24447,Consumer,2025
24448,Consumer,2024
24449,Consumer,2021
24450,Consumer,2019
24451,Enterprise,2025
24452,Consumer,2024
24453,Consumer,2022
24454,Small Business,2023
24455,Small Business,2022
24456,Consumer,2019
24457,Consumer,2020
24458,Small Business,2020
24459,Small Business,2023
24460,Consumer,2021
24461,Small Business,2021
24462,Consumer,2022
24463,Consumer,2025
24464,Consumer,2020
24465,Consumer,2019
24466,Consumer,2022
24467,Consumer,2024
24468,Consumer,2025
24469,Enterprise,2021
24470,Consumer,2021
24471,Consumer,2024
24472,Small Business,2020
24473,Consumer,2021
24474,Small Business,2022
24475,Consumer,2021
24476,Consumer,2022
24477,Consumer,2025
24478,Consumer,2025
24479,Consumer,2021
24480,Consumer,2022
24481,Consumer,2025
24482,Consumer,2020
24483,Consumer,2022
24484,Consumer,2020
24485,Consumer,2023
24486,Small Business,2019
24487,Consumer,2020
24488,Small Business,2024
24489,Small Business,2023
24490,Consumer,2020
24491,Consumer,2020
24492,Consumer,2024
24493,Small Business,2025
24494,Consumer,2022
24495,Consumer,2024
24496,Small Business,2023
24497,Consumer,2025
24498,Consumer,2020
24499,Consumer,2022
24500,Small Business,2020
24501,Consumer,2021
24502,Consumer,2021
24503,Consumer,2025
24504,Consumer,2021
24505,Enterprise,2019
24506,Consumer,2022
24507,Consumer,2021
24508,Small Business,2024
24509,Consumer,2019
24510,Consumer,2025
24511,Enterprise,2024
24512,Small Business,2023
24513,Consumer,2025
24514,Consumer,2020
24515,Consumer,2021
24516,Consumer,2021
24517,Consumer,2020
24518,Consumer,2025
24519,Consumer,2025
24520,Consumer,2020
24521,Enterprise,2020
24522,Enterprise,2019
24523,Small Business,2020
24524,Consumer,2025
24525,Consumer,2020
24526,Consumer,2019
24527,Consumer,2025
24528,Small Business,2024
24529,Consumer,2023
24530,Consumer,2020
24531,Consumer,2019
24532,Consumer,2023
24533,Small Business,2022
24534,Consumer,2020
24535,Consumer,2022
24536,Consumer,2025
24537,Consumer,2025
24538,Consumer,2019
24539,Consumer,2019
24540,Small Business,2021
24541,Small Business,2024
24542,Consumer,2024
24543,Small Business,2022
24544,Consumer,2022
24545,Consumer,2022
24546,Consumer,2021
24547,Small Business,2019
24548,Small Business,2022
24549,Consumer,2025
24550,Consumer,2022
24551,Small Business,2023
24552,Consumer,2025
24553,Consumer,2019
24554,Consumer,2023
24555,Consumer,2020
24556,Consumer,2022
24557,Consumer,2019
24558,Small Business,2021
24559,Consumer,2022
24560,Consumer,2022
24561,Consumer,2021
24562,Consumer,2025
24563,Consumer,2020
24564,Consumer,2020
24565,Consumer,2023
24566,Enterprise,2021
24567,Consumer,2020
24568,Consumer,2019
24569,Small Business,2022
24570,Consumer,2023
24571,Consumer,2022
24572,Enterprise,2024
24573,Consumer,2023
24574,Consumer,2023
24575,Consumer,2021
24576,Enterprise,2024
24577,Consumer,2025
24578,Small Business,2024
24579,Consumer,2019
24580,Consumer,2025
24581,Small Business,2022
24582,Enterprise,2022
24583,Consumer,2020
24584,Consumer,2019
24585,Small Business,2024
24586,Consumer,2022
24587,Consumer,2025
24588,Consumer,2024
24589,Enterprise,2024
24590,Consumer,2021
24591,Consumer,2021
24592,Consumer,2022
24593,Consumer,2019
24594,Consumer,2024
24595,Consumer,2025
24596,Consumer,2019
24597,Consumer,2025
24598,Consumer,2023
24599,Small Business,2022
24600,Consumer,2023
24601,Consumer,2019
24602,Consumer,2025
24603,Consumer,2025
24604,Small Business,2024
24605,Consumer,2021
24606,Small Business,2019
24607,Consumer,2021
24608,Enterprise,2022
24609,Consumer,2025
24610,Consumer,2021
24611,Consumer,2024
24612,Consumer,2021
24613,Consumer,2019
24614,Consumer,2024
24615,Small Business,2021
24616,Small Business,2023
24617,Consumer,2021
24618,Consumer,2024
24619,Consumer,2024
24620,Small Business,2024
24621,Consumer,2025
24622,Consumer,2023
24623,Consumer,2022
24624,Consumer,2024
24625,Consumer,2023
24626,Consumer,2020
24627,Small Business,2021
24628,Enterprise,2019
24629,Consumer,2024
24630,Consumer,2020
24631,Small Business,2019
24632,Consumer,2024
24633,Consumer,2019
24634,Consumer,2025
24635,Consumer,2020
24636,Consumer,2025
24637,Consumer,2023
24638,Consumer,2019
24639,Consumer,2024
24640,Consumer,2025
24641,Consumer,2025
24642,Small Business,2025
24643,Small Business,2020
24644,Small Business,2020
24645,Small Business,2021
24646,Consumer,2022
24647,Consumer,2024
24648,Consumer,2025
24649,Consumer,2022
24650,Small Business,2022
24651,Consumer,2024
24652,Small Business,2025
24653,Consumer,2022
24654,Consumer,2022
24655,Small Business,2020
24656,Consumer,2021
24657,Small Business,2024
24658,Small Business,2020
24659,Small Business,2021
24660,Small Business,2019
24661,Consumer,2020
24662,Consumer,2023
24663,Small Business,2025
24664,Consumer,2021
24665,Consumer,2025
24666,Consumer,2021
24667,Consumer,2020
24668,Consumer,2025
24669,Enterprise,2022
24670,Consumer,2020
24671,Consumer,2020
24672,Consumer,2021
24673,Consumer,2019
24674,Consumer,2025
24675,Consumer,2023
24676,Consumer,2025
24677,Consumer,2020
24678,Consumer,2024
24679,Consumer,2023
24680,Small Business,2021
24681,Small Business,2021
24682,Small Business,2019
24683,Small Business,2024
24684,Consumer,2024
24685,Small Business,2022
24686,Consumer,2024
24687,Small Business,2023
24688,Consumer,2024
24689,Consumer,2025
24690,Consumer,2021
24691,Consumer,2023
24692,Consumer,2023
24693,Consumer,2025
24694,Enterprise,2023
24695,Consumer,2020
24696,Consumer,2025
24697,Consumer,2024
24698,Consumer,2019
24699,Consumer,2024
24700,Consumer,2020
24701,Consumer,2020
24702,Consumer,2021
24703,Consumer,2021
24704,Consumer,2024
24705,Small Business,2020
24706,Small Business,2025
24707,Consumer,2019
24708,Consumer,2020
24709,Small Business,2022
24710,Consumer,2022
24711,Consumer,2025
24712,Consumer,2023
24713,Consumer,2022
24714,Small Business,2020
24715,Small Business,2019
24716,Consumer,2024
24717,Consumer,2023
24718,Small Business,2022
24719,Consumer,2022
24720,Consumer,2025
24721,Consumer,2022
24722,Small Business,2022
24723,Consumer,2022
24724,Consumer,2024
24725,Small Business,2020
24726,Consumer,2019
24727,Consumer,2025
24728,Small Business,2022
24729,Small Business,2023
24730,Consumer,2021
24731,Consumer,2021
24732,Enterprise,2020
24733,Consumer,2023
24734,Consumer,2022
24735,Consumer,2023
24736,Consumer,2024
24737,Consumer,2021
24738,Consumer,2022
24739,Consumer,2023
24740,Consumer,2024
24741,Consumer,2019
24742,Consumer,2021
24743,Consumer,2020
24744,Consumer,2021
24745,Small Business,2025
24746,Enterprise,2020
24747,Consumer,2024
24748,Consumer,2024
24749,Small Business,2024
24750,Consumer,2020
24751,Small Business,2019
24752,Consumer,2020
24753,Consumer,2024
24754,Consumer,2019
24755,Consumer,2024
24756,Small Business,2021
24757,Small Business,2025
24758,Consumer,2022
24759,Consumer,2022
24760,Enterprise,2022
24761,Small Business,2024
24762,Consumer,2024
24763,Consumer,2025
24764,Consumer,2021
24765,Consumer,2024
24766,Small Business,2019
24767,Small Business,2023
24768,Small Business,2023
24769,Consumer,2019
24770,Enterprise,2020
24771,Enterprise,2025
24772,Consumer,2019
24773,Small Business,2022
24774,Consumer,2024
24775,Consumer,2025
24776,Consumer,2020
24777,Consumer,2023
24778,Consumer,2024
24779,Consumer,2025
24780,Consumer,2023
24781,Consumer,2020
24782,Consumer,2025
24783,Consumer,2025
24784,Small Business,2021
24785,Consumer,2022
24786,Small Business,2023
24787,Enterprise,2024
24788,Consumer,2022
24789,Small Business,2024
24790,Consumer,2024
24791,Enterprise,2020
24792,Consumer,2021
24793,Small Business,2024
24794,Consumer,2023
24795,Consumer,2020
24796,Small Business,2022
24797,Small Business,2020
24798,Small Business,2019
24799,Small Business,2022
24800,Small Business,2019
24801,Consumer,2025
24802,Small Business,2025
24803,Consumer,2020
24804,Consumer,2023
24805,Consumer,2021
24806,Consumer,2023
24807,Consumer,2022
24808,Small Business,2024
24809,Consumer,2024
24810,Small Business,2019
24811,Consumer,2024
24812,Enterprise,2020
24813,Consumer,2023
24814,Consumer,2023
24815,Small Business,2023
24816,Consumer,2024
24817,Consumer,2019
24818,Consumer,2023
24819,Consumer,2021
24820,Consumer,2021
24821,Consumer,2020
24822,Consumer,2023
24823,Consumer,2021
24824,Consumer,2023
24825,Consumer,2022
24826,Small Business,2021
24827,Small Business,2022
24828,Consumer,2022
24829,Small Business,2023
24830,Enterprise,2019
24831,Enterprise,2024
24832,Consumer,2020
24833,Consumer,2020
24834,Consumer,2024
24835,Consumer,2019
24836,Consumer,2021
24837,Consumer,2023
24838,Consumer,2024
24839,Small Business,2025
24840,Consumer,2023
24841,Small Business,2020
24842,Small Business,2021
24843,Consumer,2019
24844,Consumer,2024
24845,Small Business,2019
24846,Consumer,2019
24847,Consumer,2025
24848,Consumer,2020
24849,Consumer,2020
24850,Consumer,2021
24851,Small Business,2019
24852,Consumer,2023
24853,Enterprise,2021
24854,Consumer,2021
24855,Small Business,2023
24856,Small Business,2021
24857,Consumer,2020
24858,Small Business,2025
24859,Small Business,2023
24860,Consumer,2025
24861,Small Business,2021
24862,Consumer,2025
24863,Consumer,2025
24864,Consumer,2019
24865,Consumer,2019
24866,Consumer,2024
24867,Consumer,2021
24868,Enterprise,2024
24869,Consumer,2022
24870,Small Business,2020
24871,Consumer,2020
24872,Consumer,2020
24873,Small Business,2023
24874,Consumer,2019
24875,Consumer,2020
24876,Enterprise,2024
24877,Consumer,2021
24878,Consumer,2023
24879,Consumer,2021
24880,Consumer,2019
24881,Consumer,2022
24882,Consumer,2020
24883,Consumer,2024
24884,Consumer,2024
24885,Consumer,2025
24886,Consumer,2023
24887,Small Business,2019
24888,Small Business,2024
24889,Consumer,2024
24890,Enterprise,2020
24891,Small Business,2021
24892,Consumer,2025
24893,Consumer,2024
24894,Consumer,2020
24895,Consumer,2023
24896,Consumer,2021
24897,Consumer,2025
24898,Enterprise,2025
24899,Consumer,2024
24900,Consumer,2021
24901,Enterprise,2021
24902,Consumer,2023
24903,Consumer,2025
24904,Consumer,2021
24905,Consumer,2022
24906,Consumer,2024
24907,Consumer,2021
24908,Small Business,2021
24909,Consumer,2021
24910,Small Business,2022
24911,Small Business,2019
24912,Consumer,2019
24913,Consumer,2023
24914,Consumer,2025
24915,Consumer,2024
24916,Consumer,2025
24917,Consumer,2024
24918,Consumer,2024
24919,Consumer,2019
24920,Consumer,2025
24921,Consumer,2022
24922,Small Business,2023
24923,Consumer,2025
24924,Small Business,2019
24925,Consumer,2020
24926,Consumer,2019
24927,Small Business,2021
24928,Small Business,2024
24929,Small Business,2022
24930,Enterprise,2022
24931,Consumer,2020
24932,Small Business,2020
24933,Small Business,2022
24934,Small Business,2019
24935,Small Business,2022
24936,Small Business,2025
24937,Consumer,2022
24938,Consumer,2019
24939,Consumer,2021
24940,Consumer,2021
24941,Consumer,2023
24942,Small Business,2023
24943,Consumer,2025
24944,Consumer,2023
24945,Consumer,2020
24946,Consumer,2019
24947,Consumer,2020
24948,Consumer,2023
24949,Consumer,2023
24950,Consumer,2021
24951,Consumer,2024
24952,Consumer,2020
24953,Consumer,2024
24954,Consumer,2023
24955,Small Business,2020
24956,Enterprise,2025
24957,Consumer,2025
24958,Consumer,2024
24959,Consumer,2023
24960,Consumer,2020
24961,Consumer,2025
24962,Consumer,2020
24963,Consumer,2024
24964,Consumer,2022
24965,Consumer,2023
24966,Consumer,2019
24967,Small Business,2021
24968,Consumer,2019
24969,Consumer,2024
24970,Consumer,2020
24971,Consumer,2021
24972,Consumer,2019
24973,Consumer,2019
24974,Consumer,2022
24975,Consumer,2021
24976,Consumer,2019
24977,Small Business,2024
24978,Consumer,2020
24979,Consumer,2019
24980,Enterprise,2019
24981,Consumer,2021
24982,Small Business,2022
24983,Consumer,2019
24984,Small Business,2021
24985,Consumer,2021
24986,Consumer,2019
24987,Enterprise,2023
24988,Consumer,2021
24989,Consumer,2023
24990,Small Business,2019
24991,Small Business,2019
24992,Consumer,2024
24993,Consumer,2021
24994,Consumer,2021
24995,Enterprise,2021
24996,Consumer,2023
24997,Consumer,2023
24998,Consumer,2023
24999,Consumer,2025
25000,Consumer,2022
25001,Consumer,2020
25002,Consumer,2023
25003,Consumer,2021
25004,Consumer,2022
25005,Consumer,2019
25006,Consumer,2021
25007,Small Business,2023
25008,Consumer,2021
25009,Consumer,2019
25010,Consumer,2019
25011,Small Business,2019
25012,Consumer,2021
25013,Enterprise,2025
25014,Consumer,2022
25015,Consumer,2025
25016,Consumer,2019
25017,Consumer,2025
25018,Enterprise,2025
25019,Consumer,2019
25020,Small Business,2019
25021,Enterprise,2023
25022,Small Business,2020
25023,Consumer,2023
25024,Small Business,2023
25025,Consumer,2019
25026,Consumer,2024
25027,Consumer,2025
25028,Small Business,2022
25029,Small Business,2025
25030,Consumer,2023
25031,Small Business,2024
25032,Consumer,2020
25033,Consumer,2023
25034,Consumer,2025
25035,Consumer,2024
25036,Consumer,2023
25037,Small Business,2021
25038,Enterprise,2019
25039,Consumer,2021
25040,Consumer,2024
25041,Consumer,2022
25042,Small Business,2019
25043,Consumer,2020
25044,Consumer,2021
25045,Consumer,2019
25046,Consumer,2022
25047,Small Business,2025
25048,Consumer,2024
25049,Consumer,2025
25050,Consumer,2025
25051,Consumer,2019
25052,Consumer,2021
25053,Consumer,2020
25054,Consumer,2023
25055,Consumer,2019
25056,Consumer,2023
25057,Consumer,2021
25058,Consumer,2020
25059,Consumer,2020
25060,Small Business,2023
25061,Consumer,2022
25062,Small Business,2025
25063,Consumer,2025
25064,Consumer,2022
25065,Consumer,2023
25066,Consumer,2022
25067,Consumer,2021
25068,Small Business,2023
25069,Consumer,2019
25070,Consumer,2024
25071,Consumer,2023
25072,Consumer,2020
25073,Consumer,2019
25074,Consumer,2020
25075,Consumer,2023
25076,Consumer,2023
25077,Small Business,2023
25078,Consumer,2019
25079,Consumer,2019
25080,Consumer,2024
25081,Consumer,2022
25082,Consumer,2021
25083,Consumer,2019
25084,Consumer,2019
25085,Consumer,2024
25086,Consumer,2024
25087,Consumer,2020
25088,Consumer,2020
25089,Consumer,2021
25090,Consumer,2021
25091,Small Business,2024
25092,Consumer,2021
25093,Consumer,2024
25094,Small Business,2024
25095,Consumer,2023
25096,Consumer,2020
25097,Small Business,2025
25098,Consumer,2023
25099,Enterprise,2023
25100,Small Business,2025
25101,Consumer,2023
25102,Consumer,2023
25103,Consumer,2024
25104,Consumer,2019
25105,Consumer,2025
25106,Small Business,2020
25107,Consumer,2025
25108,Small Business,2022
25109,Consumer,2025
25110,Consumer,2021
25111,Small Business,2024
25112,Consumer,2022
25113,Consumer,2023
25114,Consumer,2022
25115,Consumer,2025
25116,Consumer,2024
25117,Consumer,2020
25118,Small Business,2023
25119,Consumer,2021
25120,Small Business,2023
25121,Small Business,2022
25122,Consumer,2020
25123,Small Business,2020
25124,Small Business,2021
25125,Consumer,2022
25126,Consumer,2024
25127,Small Business,2023
25128,Enterprise,2024
25129,Enterprise,2020
25130,Consumer,2020
25131,Small Business,2019
25132,Consumer,2019
25133,Small Business,2020
25134,Consumer,2023
25135,Small Business,2022
25136,Enterprise,2022
25137,Consumer,2024
25138,Enterprise,2021
25139,Consumer,2019
25140,Consumer,2019
25141,Consumer,2020
25142,Consumer,2021
25143,Consumer,2025
25144,Consumer,2020
25145,Consumer,2024
25146,Consumer,2019
25147,Consumer,2019
25148,Small Business,2021
25149,Consumer,2023
25150,Consumer,2024
25151,Consumer,2024
25152,Small Business,2025
25153,Consumer,2022
25154,Small Business,2020
25155,Small Business,2021
25156,Small Business,2020
25157,Consumer,2021
25158,Consumer,2019
25159,Consumer,2024
25160,Consumer,2025
25161,Consumer,2019
25162,Consumer,2019
25163,Consumer,2024
25164,Consumer,2025
25165,Consumer,2019
25166,Consumer,2023
25167,Consumer,2021
25168,Consumer,2024
25169,Consumer,2022
25170,Consumer,2020
25171,Small Business,2021
25172,Small Business,2023
25173,Consumer,2020
25174,Consumer,2019
25175,Consumer,2022
25176,Small Business,2023
25177,Consumer,2024
25178,Consumer,2023
25179,Consumer,2021
25180,Small Business,2024
25181,Consumer,2022
25182,Small Business,2023
25183,Consumer,2025
25184,Small Business,2025
25185,Enterprise,2022
25186,Consumer,2022
25187,Consumer,2025
25188,Consumer,2022
25189,Small Business,2024
25190,Consumer,2019
25191,Consumer,2024
25192,Enterprise,2019
25193,Consumer,2021
25194,Enterprise,2020
25195,Consumer,2025
25196,Consumer,2019
25197,Enterprise,2022
25198,Consumer,2019
25199,Consumer,2019
25200,Consumer,2020
25201,Consumer,2019
25202,Consumer,2020
25203,Consumer,2020
25204,Consumer,2023
25205,Consumer,2020
25206,Consumer,2022
25207,Enterprise,2019
25208,Small Business,2025
25209,Consumer,2022
25210,Enterprise,2021
25211,Consumer,2021
25212,Consumer,2019
25213,Consumer,2020
25214,Small Business,2024
25215,Consumer,2021
25216,Consumer,2024
25217,Enterprise,2020
25218,Small Business,2021
25219,Small Business,2023
25220,Small Business,2019
25221,Consumer,2021
25222,Consumer,2025
25223,Small Business,2022
25224,Consumer,2025
25225,Consumer,2019
25226,Enterprise,2025
25227,Consumer,2025
25228,Consumer,2021
25229,Consumer,2022
25230,Small Business,2019
25231,Enterprise,2020
25232,Consumer,2021
25233,Consumer,2021
25234,Small Business,2023
25235,Consumer,2025
25236,Consumer,2019
25237,Consumer,2024
25238,Consumer,2020
25239,Consumer,2023
25240,Small Business,2025
25241,Consumer,2024
25242,Small Business,2019
25243,Consumer,2023
25244,Consumer,2020
25245,Small Business,2020
25246,Consumer,2023
25247,Consumer,2023
25248,Consumer,2025
25249,Small Business,2020
25250,Small Business,2025
25251,Consumer,2022
25252,Small Business,2020
25253,Consumer,2023
25254,Consumer,2023
25255,Consumer,2025
25256,Small Business,2025
25257,Consumer,2023
25258,Consumer,2023
25259,Small Business,2021
25260,Consumer,2020
25261,Consumer,2023
25262,Consumer,2023
25263,Consumer,2021
25264,Consumer,2022
25265,Consumer,2023
25266,Small Business,2022
25267,Small Business,2019
25268,Small Business,2022
25269,Consumer,2020
25270,Consumer,2019
25271,Consumer,2022
25272,Consumer,2024
25273,Consumer,2024
25274,Consumer,2021
25275,Consumer,2022
25276,Small Business,2020
25277,Consumer,2020
25278,Small Business,2022
25279,Consumer,2021
25280,Enterprise,2023
25281,Consumer,2024
25282,Consumer,2022
25283,Consumer,2019
25284,Consumer,2024
25285,Small Business,2022
25286,Consumer,2024
25287,Small Business,2020
25288,Consumer,2023
25289,Enterprise,2020
25290,Consumer,2022
25291,Consumer,2024
25292,Small Business,2022
25293,Consumer,2025
25294,Consumer,2021
25295,Consumer,2019
25296,Consumer,2022
25297,Small Business,2024
25298,Consumer,2022
25299,Small Business,2023
25300,Small Business,2024
25301,Small Business,2020
25302,Consumer,2024
25303,Consumer,2025
25304,Enterprise,2020
25305,Small Business,2020
25306,Consumer,2025
25307,Small Business,2025
25308,Consumer,2025
25309,Small Business,2025
25310,Consumer,2020
25311,Small Business,2022
25312,Small Business,2025
25313,Consumer,2023
25314,Consumer,2022
25315,Small Business,2023
25316,Small Business,2020
25317,Consumer,2021
25318,Enterprise,2024
25319,Consumer,2025
25320,Consumer,2019
25321,Enterprise,2021
25322,Consumer,2023
25323,Small Business,2022
25324,Small Business,2024
25325,Consumer,2023
25326,Consumer,2021
25327,Small Business,2024
25328,Consumer,2021
25329,Consumer,2021
25330,Consumer,2020
25331,Consumer,2025
25332,Consumer,2021
25333,Consumer,2025
25334,Small Business,2023
25335,Consumer,2019
25336,Consumer,2024
25337,Consumer,2020
25338,Small Business,2025
25339,Consumer,2025
25340,Consumer,2022
25341,Consumer,2021
25342,Consumer,2022
25343,Consumer,2024
25344,Small Business,2021
25345,Consumer,2019
25346,Consumer,2023
25347,Consumer,2024
25348,Small Business,2020
25349,Small Business,2021
25350,Consumer,2022
25351,Enterprise,2023
25352,Consumer,2022
25353,Consumer,2024
25354,Consumer,2023
25355,Consumer,2023
25356,Consumer,2019
25357,Consumer,2025
25358,Consumer,2022
25359,Consumer,2021
25360,Consumer,2024
25361,Consumer,2021
25362,Small Business,2024
25363,Small Business,2024
25364,Consumer,2022
25365,Small Business,2022
25366,Consumer,2025
25367,Consumer,2024
25368,Small Business,2024
25369,Enterprise,2023
25370,Small Business,2024
25371,Consumer,2024
25372,Consumer,2024
25373,Small Business,2021
25374,Small Business,2024
25375,Consumer,2022
25376,Consumer,2024
25377,Consumer,2022
25378,Consumer,2019
25379,Consumer,2024
25380,Consumer,2022
25381,Consumer,2019
25382,Consumer,2024
25383,Consumer,2019
25384,Consumer,2019
25385,Consumer,2023
25386,Small Business,2020
25387,Consumer,2020
25388,Small Business,2021
25389,Consumer,2025
25390,Consumer,2022
25391,Enterprise,2025
25392,Consumer,2024
25393,Consumer,2021
25394,Small Business,2022
25395,Consumer,2021
25396,Consumer,2020
25397,Enterprise,2022
25398,Consumer,2024
25399,Consumer,2024
25400,Small Business,2020
25401,Small Business,2020
25402,Consumer,2025
25403,Consumer,2023
25404,Small Business,2022
25405,Small Business,2024
25406,Consumer,2019
25407,Consumer,2024
25408,Consumer,2022
25409,Consumer,2022
25410,Small Business,2023
25411,Small Business,2020
25412,Consumer,2025
25413,Small Business,2019
25414,Small Business,2023
25415,Small Business,2022
25416,Enterprise,2025
25417,Consumer,2023
25418,Small Business,2021
25419,Consumer,2021
25420,Consumer,2020
25421,Consumer,2019
25422,Consumer,2022
25423,Small Business,2019
25424,Consumer,2023
25425,Consumer,2025
25426,Consumer,2019
25427,Consumer,2025
25428,Consumer,2019
25429,Consumer,2022
25430,Enterprise,2023
25431,Small Business,2023
25432,Consumer,2021
25433,Consumer,2019
25434,Consumer,2024
25435,Consumer,2022
25436,Consumer,2020
25437,Consumer,2022
25438,Consumer,2022
25439,Small Business,2023
25440,Consumer,2022
25441,Consumer,2023
25442,Consumer,2025
25443,Small Business,2025
25444,Enterprise,2019
25445,Consumer,2023
25446,Consumer,2020
25447,Consumer,2019
25448,Consumer,2019
25449,Consumer,2023
25450,Consumer,2025
25451,Consumer,2024
25452,Consumer,2019
25453,Consumer,2020
25454,Consumer,2024
25455,Small Business,2023
25456,Consumer,2022
25457,Consumer,2020
25458,Consumer,2024
25459,Small Business,2024
25460,Consumer,2021
25461,Consumer,2025
25462,Consumer,2022
25463,Consumer,2019
25464,Consumer,2025
25465,Consumer,2020
25466,Consumer,2019
25467,Consumer,2022
25468,Consumer,2023
25469,Consumer,2023
25470,Consumer,2025
25471,Consumer,2022
25472,Small Business,2019
25473,Small Business,2022
25474,Consumer,2024
25475,Consumer,2019
25476,Enterprise,2020
25477,Consumer,2023
25478,Consumer,2020
25479,Consumer,2022
25480,Consumer,2020
25481,Consumer,2019
25482,Small Business,2024
25483,Small Business,2024
25484,Consumer,2019
25485,Consumer,2022
25486,Small Business,2021
25487,Small Business,2021
25488,Consumer,2023
25489,Consumer,2023
25490,Enterprise,2019
25491,Consumer,2025
25492,Consumer,2020
25493,Consumer,2022
25494,Consumer,2020
25495,Consumer,2023
25496,Consumer,2019
25497,Enterprise,2020
25498,Consumer,2022
25499,Enterprise,2019
25500,Small Business,2022
25501,Small Business,2023
25502,Consumer,2025
25503,Small Business,2021
25504,Consumer,2024
25505,Consumer,2020
25506,Small Business,2025
25507,Consumer,2025
25508,Small Business,2024
25509,Consumer,2020
25510,Consumer,2025
25511,Small Business,2021
25512,Consumer,2020
25513,Consumer,2021
25514,Small Business,2020
25515,Consumer,2021
25516,Consumer,2021
25517,Consumer,2025
25518,Consumer,2022
25519,Consumer,2024
25520,Consumer,2024
25521,Consumer,2025
25522,Enterprise,2022
25523,Consumer,2023
25524,Small Business,2025
25525,Consumer,2023
25526,Consumer,2021
25527,Small Business,2023
25528,Consumer,2023
25529,Consumer,2023
25530,Small Business,2023
25531,Small Business,2022
25532,Consumer,2020
25533,Small Business,2021
25534,Enterprise,2024
25535,Consumer,2025
25536,Consumer,2023
25537,Consumer,2024
25538,Consumer,2020
25539,Consumer,2024
25540,Consumer,2021
25541,Consumer,2023
25542,Consumer,2023
25543,Consumer,2024
25544,Consumer,2024
25545,Consumer,2023
25546,Consumer,2021
25547,Consumer,2024
25548,Consumer,2024
25549,Consumer,2019
25550,Consumer,2020
25551,Consumer,2020
25552,Consumer,2021
25553,Consumer,2023
25554,Consumer,2019
25555,Consumer,2020
25556,Consumer,2022
25557,Consumer,2020
25558,Consumer,2020
25559,Consumer,2022
25560,Enterprise,2023
25561,Consumer,2021
25562,Consumer,2025
25563,Small Business,2021
25564,Small Business,2025
25565,Consumer,2022
25566,Consumer,2021
25567,Consumer,2019
25568,Small Business,2024
25569,Consumer,2022
25570,Consumer,2025
25571,Consumer,2025
25572,Consumer,2022
25573,Small Business,2020
25574,Consumer,2021
25575,Consumer,2019
25576,Consumer,2020
25577,Small Business,2021
25578,Consumer,2020
25579,Small Business,2024
25580,Consumer,2024
25581,Consumer,2020
25582,Consumer,2020
25583,Consumer,2024
25584,Consumer,2020
25585,Consumer,2020
25586,Consumer,2024
25587,Consumer,2021
25588,Small Business,2024
25589,Consumer,2022
25590,Small Business,2020
25591,Small Business,2020
25592,Consumer,2023
25593,Consumer,2022
25594,Consumer,2022
25595,Small Business,2023
25596,Consumer,2020
25597,Consumer,2025
25598,Consumer,2022
25599,Consumer,2025
25600,Consumer,2024
25601,Consumer,2023
25602,Consumer,2019
25603,Consumer,2024
25604,Consumer,2019
25605,Small Business,2024
25606,Consumer,2025
25607,Consumer,2022
25608,Consumer,2025
25609,Consumer,2023
25610,Consumer,2022
25611,Consumer,2022
25612,Small Business,2020
25613,Small Business,2019
25614,Consumer,2019
25615,Small Business,2025
25616,Consumer,2020
25617,Small Business,2023
25618,Consumer,2020
25619,Consumer,2021
25620,Consumer,2023
25621,Consumer,2025
25622,Small Business,2019
25623,Consumer,2022
25624,Consumer,2019
25625,Consumer,2020
25626,Small Business,2023
25627,Consumer,2019
25628,Consumer,2020
25629,Consumer,2022
25630,Consumer,2020
25631,Consumer,2021
25632,Consumer,2023
25633,Enterprise,2025
25634,Small Business,2019
25635,Consumer,2022
25636,Consumer,2023
25637,Small Business,2022
25638,Consumer,2019
25639,Small Business,2024
25640,Consumer,2020
25641,Small Business,2019
25642,Consumer,2022
25643,Small Business,2020
25644,Consumer,2023
25645,Small Business,2022
25646,Consumer,2020
25647,Consumer,2025
25648,Consumer,2025
25649,Consumer,2021
25650,Consumer,2025
25651,Consumer,2021
25652,Enterprise,2022
25653,Small Business,2022
25654,Small Business,2020
25655,Consumer,2023
25656,Consumer,2019
25657,Consumer,2023
25658,Consumer,2025
25659,Consumer,2021
25660,Small Business,2019
25661,Consumer,2023
25662,Consumer,2021
25663,Consumer,2024
25664,Consumer,2021
25665,Consumer,2019
25666,Consumer,2020
25667,Consumer,2024
25668,Consumer,2019
25669,Consumer,2025
25670,Enterprise,2020
25671,Consumer,2020
25672,Consumer,2024
25673,Consumer,2025
25674,Small Business,2020
25675,Consumer,2025
25676,Consumer,2024
25677,Consumer,2019
25678,Small Business,2021
25679,Consumer,2020
25680,Consumer,2019
25681,Consumer,2025
25682,Consumer,2024
25683,Consumer,2025
25684,Small Business,2023
25685,Consumer,2024
25686,Small Business,2023
25687,Enterprise,2019
25688,Consumer,2020
25689,Small Business,2025
25690,Small Business,2023
25691,Consumer,2021
25692,Consumer,2024
25693,Enterprise,2022
25694,Small Business,2025
25695,Consumer,2022
25696,Consumer,2023
25697,Small Business,2025
25698,Consumer,2022
25699,Consumer,2025
25700,Consumer,2024
25701,Consumer,2019
25702,Consumer,2019
25703,Consumer,2019
25704,Consumer,2021
25705,Consumer,2024
25706,Consumer,2024
25707,Consumer,2024
25708,Consumer,2021
25709,Consumer,2019
25710,Small Business,2019
25711,Consumer,2019
25712,Small Business,2019
25713,Consumer,2025
25714,Consumer,2020
25715,Small Business,2021
25716,Consumer,2024
25717,Enterprise,2020
25718,Consumer,2024
25719,Small Business,2022
25720,Consumer,2024
25721,Small Business,2021
25722,Consumer,2025
25723,Consumer,2024
25724,Consumer,2021
25725,Small Business,2023
25726,Consumer,2024
25727,Consumer,2025
25728,Consumer,2021
25729,Consumer,2025
25730,Small Business,2024
25731,Consumer,2022
25732,Consumer,2023
25733,Small Business,2022
25734,Consumer,2025
25735,Consumer,2019
25736,Consumer,2024
25737,Consumer,2024
25738,Small Business,2019
25739,Small Business,2022
25740,Small Business,2023
25741,Consumer,2024
25742,Consumer,2019
25743,Consumer,2020
25744,Consumer,2022
25745,Consumer,2023
25746,Consumer,2020
25747,Enterprise,2024
25748,Consumer,2022
25749,Consumer,2021
25750,Small Business,2024
25751,Consumer,2022
25752,Consumer,2021
25753,Consumer,2022
25754,Enterprise,2020
25755,Consumer,2024
25756,Consumer,2021
25757,Consumer,2021
25758,Consumer,2020
25759,Consumer,2021
25760,Consumer,2020
25761,Consumer,2019
25762,Small Business,2023
25763,Consumer,2021
25764,Consumer,2023
25765,Consumer,2020
25766,Consumer,2022
25767,Consumer,2020
25768,Consumer,2020
25769,Consumer,2025
25770,Consumer,2022
25771,Consumer,2019
25772,Consumer,2025
25773,Consumer,2024
25774,Consumer,2021
25775,Small Business,2020
25776,Consumer,2021
25777,Small Business,2024
25778,Consumer,2022
25779,Enterprise,2020
25780,Consumer,2020
25781,Consumer,2025
25782,Consumer,2020
25783,Consumer,2023
25784,Consumer,2023
25785,Consumer,2020
25786,Enterprise,2020
25787,Small Business,2021
25788,Consumer,2023
25789,Small Business,2024
25790,Consumer,2021
25791,Consumer,2020
25792,Consumer,2021
25793,Consumer,2024
25794,Small Business,2022
25795,Small Business,2023
25796,Small Business,2020
25797,Consumer,2023
25798,Consumer,2021
25799,Small Business,2025
25800,Consumer,2022
25801,Small Business,2020
25802,Consumer,2023
25803,Small Business,2019
25804,Consumer,2024
25805,Consumer,2021
25806,Consumer,2024
25807,Consumer,2025
25808,Consumer,2022
25809,Small Business,2019
25810,Consumer,2019
25811,Consumer,2021
25812,Consumer,2020
25813,Consumer,2023
25814,Consumer,2019
25815,Small Business,2023
25816,Consumer,2020
25817,Small Business,2019
25818,Consumer,2019
25819,Consumer,2024
25820,Consumer,2024
25821,Consumer,2025
25822,Consumer,2022
25823,Consumer,2023
25824,Consumer,2019
25825,Consumer,2019
25826,Consumer,2023
25827,Consumer,2022
25828,Small Business,2024
25829,Consumer,2022
25830,Consumer,2019
25831,Consumer,2023
25832,Consumer,2019
25833,Consumer,2025
25834,Consumer,2022
25835,Consumer,2022
25836,Small Business,2019
25837,Small Business,2021
25838,Consumer,2019
25839,Consumer,2019
25840,Consumer,2023
25841,Enterprise,2022
25842,Consumer,2022
25843,Consumer,2024
25844,Consumer,2024
25845,Small Business,2025
25846,Consumer,2019
25847,Consumer,2019
25848,Consumer,2025
25849,Consumer,2025
25850,Consumer,2019
25851,Enterprise,2019
25852,Small Business,2021
25853,Consumer,2022
25854,Enterprise,2019
25855,Small Business,2022
25856,Consumer,2020
25857,Small Business,2025
25858,Consumer,2024
25859,Consumer,2022
25860,Consumer,2019
25861,Small Business,2020
25862,Small Business,2020
25863,Consumer,2025
25864,Consumer,2023
25865,Consumer,2021
25866,Small Business,2019
25867,Consumer,2024
25868,Consumer,2023
25869,Consumer,2020
25870,Consumer,2025
25871,Consumer,2024
25872,Consumer,2019
25873,Consumer,2019
25874,Small Business,2019
25875,Consumer,2020
25876,Consumer,2021
25877,Small Business,2025
25878,Consumer,2024
25879,Consumer,2025
25880,Small Business,2025
25881,Consumer,2019
25882,Consumer,2024
25883,Consumer,2025
25884,Consumer,2023
25885,Consumer,2025
25886,Consumer,2021
25887,Consumer,2024
25888,Consumer,2024
25889,Consumer,2020
25890,Consumer,2024
25891,Consumer,2022
25892,Consumer,2020
25893,Consumer,2019
25894,Small Business,2024
25895,Small Business,2024
25896,Consumer,2024
25897,Consumer,2025
25898,Consumer,2025
25899,Consumer,2020
25900,Enterprise,2024
25901,Consumer,2020
25902,Consumer,2024
25903,Consumer,2022
25904,Small Business,2025
25905,Consumer,2019
25906,Small Business,2020
25907,Small Business,2023
25908,Enterprise,2022
25909,Consumer,2025
25910,Enterprise,2025
25911,Small Business,2020
25912,Small Business,2023
25913,Small Business,2024
25914,Consumer,2025
25915,Small Business,2021
25916,Consumer,2019
25917,Small Business,2021
25918,Small Business,2020
25919,Small Business,2019
25920,Consumer,2020
25921,Small Business,2020
25922,Small Business,2019
25923,Consumer,2024
25924,Consumer,2023
25925,Small Business,2020
25926,Small Business,2021
25927,Consumer,2024
25928,Consumer,2020
25929,Consumer,2020
25930,Consumer,2024
25931,Consumer,2021
25932,Consumer,2023
25933,Small Business,2020
25934,Small Business,2019
25935,Consumer,2022
25936,Small Business,2022
25937,Consumer,2024
25938,Consumer,2024
25939,Small Business,2021
25940,Consumer,2019
25941,Consumer,2022
25942,Enterprise,2024
25943,Consumer,2021
25944,Consumer,2023
25945,Consumer,2019
25946,Consumer,2024
25947,Consumer,2024
25948,Consumer,2020
25949,Consumer,2023
25950,Consumer,2024
25951,Consumer,2020
25952,Small Business,2020
25953,Consumer,2021
25954,Small Business,2025
25955,Enterprise,2021
25956,Consumer,2020
25957,Consumer,2021
25958,Consumer,2020
25959,Small Business,2022
25960,Consumer,2023
25961,Consumer,2020
25962,Consumer,2021
25963,Small Business,2022
25964,Consumer,2021
25965,Consumer,2022
25966,Consumer,2019
25967,Enterprise,2021
25968,Consumer,2024
25969,Consumer,2022
25970,Small Business,2022
25971,Consumer,2023
25972,Small Business,2021
25973,Consumer,2021
25974,Consumer,2020
25975,Consumer,2024
25976,Consumer,2022
25977,Small Business,2019
25978,Consumer,2022
25979,Consumer,2021
25980,Small Business,2019
25981,Consumer,2022
25982,Consumer,2019
25983,Consumer,2020
25984,Enterprise,2023
25985,Consumer,2022
25986,Small Business,2020
25987,Small Business,2025
25988,Consumer,2025
25989,Consumer,2019
25990,Consumer,2020
25991,Consumer,2019
25992,Enterprise,2020
25993,Consumer,2021
25994,Consumer,2019
25995,Consumer,2025
25996,Consumer,2023
25997,Consumer,2019
25998,Small Business,2021
25999,Small Business,2024
26000,Small Business,2020
26001,Consumer,2022
26002,Consumer,2019
26003,Small Business,2025
26004,Consumer,2019
26005,Consumer,2019
26006,Consumer,2020
26007,Small Business,2021
26008,Consumer,2021
26009,Consumer,2023
26010,Consumer,2023
26011,Consumer,2019
26012,Consumer,2019
26013,Consumer,2021
26014,Small Business,2021
26015,Enterprise,2024
26016,Small Business,2025
26017,Small Business,2020
26018,Enterprise,2023
26019,Small Business,2020
26020,Consumer,2025
26021,Small Business,2023
26022,Consumer,2019
26023,Consumer,2019
26024,Consumer,2021
26025,Consumer,2022
26026,Small Business,2020
26027,Consumer,2019
26028,Consumer,2025
26029,Consumer,2023
26030,Small Business,2025
26031,Small Business,2021
26032,Consumer,2022
26033,Consumer,2023
26034,Consumer,2021
26035,Small Business,2023
26036,Consumer,2022
26037,Small Business,2024
26038,Consumer,2025
26039,Enterprise,2025
26040,Consumer,2023
26041,Small Business,2019
26042,Small Business,2024
26043,Small Business,2021
26044,Small Business,2023
26045,Consumer,2023
26046,Consumer,2019
26047,Consumer,2020
26048,Consumer,2024
26049,Consumer,2022
26050,Consumer,2020
26051,Small Business,2024
26052,Consumer,2025
26053,Consumer,2020
26054,Consumer,2021
26055,Small Business,2020
26056,Consumer,2022
26057,Small Business,2024
26058,Consumer,2021
26059,Consumer,2019
26060,Consumer,2019
26061,Small Business,2020
26062,Small Business,2024
26063,Consumer,2021
26064,Consumer,2024
26065,Consumer,2025
26066,Consumer,2025
26067,Consumer,2021
26068,Consumer,2023
26069,Consumer,2024
26070,Small Business,2020
26071,Consumer,2023
26072,Consumer,2020
26073,Enterprise,2022
26074,Consumer,2021
26075,Consumer,2021
26076,Consumer,2021
26077,Consumer,2022
26078,Small Business,2021
26079,Small Business,2020
26080,Consumer,2020
26081,Enterprise,2022
26082,Consumer,2025
26083,Consumer,2023
26084,Consumer,2019
26085,Consumer,2019
26086,Consumer,2024
26087,Consumer,2022
26088,Enterprise,2022
26089,Consumer,2021
26090,Consumer,2022
26091,Consumer,2023
26092,Consumer,2023
26093,Consumer,2025
26094,Consumer,2025
26095,Consumer,2024
26096,Small Business,2023
26097,Consumer,2023
26098,Small Business,2020
26099,Small Business,2025
26100,Small Business,2020
26101,Small Business,2019
26102,Consumer,2024
26103,Consumer,2021
26104,Consumer,2022
26105,Consumer,2023
26106,Small Business,2023
26107,Consumer,2019
26108,Consumer,2021
26109,Consumer,2024
26110,Small Business,2024
26111,Consumer,2023
26112,Consumer,2021
26113,Small Business,2021
26114,Small Business,2022
26115,Consumer,2020
26116,Consumer,2025
26117,Consumer,2020
26118,Consumer,2022
26119,Enterprise,2024
26120,Small Business,2020
26121,Consumer,2025
26122,Consumer,2022
26123,Enterprise,2020
26124,Consumer,2019
26125,Consumer,2021
26126,Small Business,2020
26127,Consumer,2019
26128,Consumer,2023
26129,Consumer,2022
26130,Consumer,2019
26131,Consumer,2024
26132,Small Business,2022
26133,Consumer,2023
26134,Consumer,2023
26135,Consumer,2024
26136,Consumer,2020
26137,Consumer,2019
26138,Enterprise,2020
26139,Small Business,2023
26140,Consumer,2023
26141,Consumer,2021
26142,Enterprise,2025
26143,Small Business,2023
26144,Small Business,2021
26145,Consumer,2025
26146,Consumer,2020
26147,Consumer,2019
26148,Consumer,2025
26149,Consumer,2022
26150,Small Business,2024
26151,Consumer,2025
26152,Consumer,2025
26153,Small Business,2024
26154,Enterprise,2019
26155,Consumer,2022
26156,Consumer,2025
26157,Small Business,2024
26158,Enterprise,2024
26159,Consumer,2024
26160,Consumer,2021
26161,Consumer,2024
26162,Small Business,2023
26163,Consumer,2023
26164,Consumer,2020
26165,Small Business,2019
26166,Consumer,2021
26167,Consumer,2020
26168,Small Business,2023
26169,Consumer,2021
26170,Consumer,2019
26171,Consumer,2019
26172,Consumer,2025
26173,Enterprise,2019
26174,Consumer,2025
26175,Small Business,2022
26176,Consumer,2025
26177,Small Business,2025
26178,Enterprise,2019
26179,Enterprise,2022
26180,Small Business,2023
26181,Consumer,2023
26182,Consumer,2025
26183,Consumer,2020
26184,Consumer,2019
26185,Consumer,2024
26186,Consumer,2023
26187,Consumer,2025
26188,Small Business,2020
26189,Consumer,2019
26190,Consumer,2023
26191,Consumer,2024
26192,Consumer,2023
26193,Small Business,2019
26194,Consumer,2025
26195,Small Business,2020
26196,Consumer,2022
26197,Consumer,2019
26198,Small Business,2024
26199,Consumer,2024
26200,Small Business,2020
26201,Enterprise,2019
26202,Consumer,2023
26203,Small Business,2022
26204,Consumer,2025
26205,Consumer,2021
26206,Consumer,2024
26207,Consumer,2024
26208,Enterprise,2025
26209,Consumer,2019
26210,Consumer,2023
26211,Consumer,2021
26212,Consumer,2022
26213,Consumer,2023
26214,Small Business,2025
26215,Consumer,2022
26216,Enterprise,2021
26217,Consumer,2020
26218,Consumer,2024
26219,Consumer,2021
26220,Small Business,2023
26221,Consumer,2020
26222,Consumer,2024
26223,Small Business,2023
26224,Consumer,2022
26225,Consumer,2025
26226,Enterprise,2022
26227,Consumer,2022
26228,Consumer,2019
26229,Enterprise,2023
26230,Small Business,2025
26231,Consumer,2023
26232,Small Business,2021
26233,Consumer,2023
26234,Small Business,2022
26235,Consumer,2020
26236,Consumer,2020
26237,Small Business,2025
26238,Consumer,2023
26239,Small Business,2025
26240,Small Business,2021
26241,Enterprise,2025
26242,Consumer,2023
26243,Consumer,2025
26244,Consumer,2024
26245,Consumer,2025
26246,Consumer,2023
26247,Consumer,2024
26248,Consumer,2019
26249,Enterprise,2022
26250,Consumer,2024
26251,Consumer,2024
26252,Consumer,2022
26253,Consumer,2025
26254,Small Business,2020
26255,Consumer,2024
26256,Consumer,2021
26257,Consumer,2020
26258,Small Business,2024
26259,Enterprise,2024
26260,Consumer,2025
26261,Consumer,2021
26262,Small Business,2024
26263,Consumer,2024
26264,Consumer,2025
26265,Consumer,2021
26266,Consumer,2022
26267,Consumer,2023
26268,Small Business,2021
26269,Consumer,2025
26270,Consumer,2024
26271,Small Business,2019
26272,Small Business,2021
26273,Consumer,2022
26274,Consumer,2023
26275,Consumer,2022
26276,Small Business,2023
26277,Consumer,2023
26278,Small Business,2020
26279,Small Business,2021
26280,Consumer,2021
26281,Consumer,2021
26282,Small Business,2020
26283,Small Business,2025
26284,Consumer,2019
26285,Consumer,2021
26286,Consumer,2021
26287,Consumer,2023
26288,Consumer,2020
26289,Consumer,2023
26290,Small Business,2019
26291,Consumer,2019
26292,Consumer,2020
26293,Consumer,2020
26294,Consumer,2023
26295,Consumer,2024
26296,Consumer,2024
26297,Consumer,2020
26298,Consumer,2022
26299,Consumer,2020
26300,Consumer,2023
26301,Consumer,2020
26302,Consumer,2023
26303,Consumer,2024
26304,Small Business,2023
26305,Consumer,2019
26306,Consumer,2025
26307,Consumer,2022
26308,Consumer,2023
26309,Consumer,2023
26310,Consumer,2022
26311,Consumer,2025
26312,Small Business,2025
26313,Consumer,2023
26314,Consumer,2023
26315,Consumer,2021
26316,Enterprise,2022
26317,Consumer,2019
26318,Consumer,2024
26319,Consumer,2019
26320,Enterprise,2020
26321,Small Business,2023
26322,Consumer,2023
26323,Consumer,2019
26324,Small Business,2024
26325,Consumer,2019
26326,Consumer,2023
26327,Consumer,2024
26328,Consumer,2020
26329,Consumer,2021
26330,Consumer,2022
26331,Small Business,2022
26332,Consumer,2024
26333,Consumer,2025
26334,Consumer,2021
26335,Small Business,2023
26336,Consumer,2025
26337,Consumer,2023
26338,Consumer,2019
26339,Consumer,2021
26340,Consumer,2023
26341,Consumer,2025
26342,Consumer,2020
26343,Consumer,2020
26344,Small Business,2023
26345,Consumer,2019
26346,Consumer,2025
26347,Small Business,2025
26348,Small Business,2023
26349,Consumer,2021
26350,Consumer,2022
26351,Consumer,2022
26352,Consumer,2025
26353,Consumer,2024
26354,Consumer,2022
26355,Consumer,2023
26356,Consumer,2022
26357,Consumer,2019
26358,Small Business,2021
26359,Consumer,2020
26360,Consumer,2022
26361,Consumer,2025
26362,Consumer,2024
26363,Small Business,2023
26364,Small Business,2022
26365,Consumer,2021
26366,Consumer,2020
26367,Consumer,2025
26368,Enterprise,2019
26369,Consumer,2025
26370,Consumer,2020
26371,Consumer,2024
26372,Consumer,2024
26373,Consumer,2025
26374,Small Business,2025
26375,Consumer,2022
26376,Consumer,2022
26377,Consumer,2019
26378,Consumer,2024
26379,Enterprise,2023
26380,Consumer,2019
26381,Small Business,2021
26382,Small Business,2024
26383,Consumer,2021
26384,Consumer,2021
26385,Consumer,2020
26386,Consumer,2020
26387,Consumer,2022
26388,Consumer,2020
26389,Consumer,2023
26390,Consumer,2022
26391,Consumer,2023
26392,Consumer,2023
26393,Consumer,2019
26394,Consumer,2019
26395,Consumer,2021
26396,Small Business,2021
26397,Small Business,2022
26398,Consumer,2023
26399,Consumer,2025
26400,Consumer,2024
26401,Consumer,2021
26402,Consumer,2020
26403,Small Business,2021
26404,Small Business,2020
26405,Consumer,2022
26406,Small Business,2023
26407,Consumer,2020
26408,Small Business,2023
26409,Consumer,2021
26410,Consumer,2022
26411,Consumer,2020
26412,Consumer,2022
26413,Consumer,2019
26414,Consumer,2022
26415,Small Business,2022
26416,Consumer,2021
26417,Small Business,2025
26418,Consumer,2024
26419,Small Business,2023
26420,Small Business,2025
26421,Consumer,2023
26422,Consumer,2023
26423,Consumer,2022
26424,Consumer,2020
26425,Consumer,2021
26426,Small Business,2025
26427,Small Business,2023
26428,Consumer,2019
26429,Small Business,2020
26430,Small Business,2025
26431,Consumer,2020
26432,Enterprise,2022
26433,Small Business,2021
26434,Consumer,2023
26435,Enterprise,2025
26436,Consumer,2021
26437,Consumer,2019
26438,Consumer,2021
26439,Consumer,2019
26440,Enterprise,2020
26441,Consumer,2021
26442,Consumer,2019
26443,Consumer,2019
26444,Small Business,2021
26445,Consumer,2019
26446,Consumer,2020
26447,Consumer,2019
26448,Consumer,2022
26449,Enterprise,2024
26450,Enterprise,2025
26451,Consumer,2023
26452,Small Business,2019
26453,Small Business,2019
26454,Consumer,2024
26455,Consumer,2024
26456,Consumer,2020
26457,Consumer,2025
26458,Consumer,2023
26459,Consumer,2022
26460,Small Business,2023
26461,Consumer,2019
26462,Consumer,2024
26463,Consumer,2020
26464,Consumer,2019
26465,Small Business,2023
26466,Small Business,2019
26467,Consumer,2019
26468,Consumer,2020
26469,Consumer,2025
26470,Consumer,2025
26471,Enterprise,2021
26472,Consumer,2021
26473,Small Business,2021
26474,Consumer,2023
26475,Consumer,2023
26476,Consumer,2021
26477,Small Business,2020
26478,Consumer,2022
26479,Small Business,2021
26480,Small Business,2022
26481,Consumer,2019
26482,Consumer,2020
26483,Consumer,2025
26484,Consumer,2021
26485,Consumer,2022
26486,Consumer,2020
26487,Consumer,2025
26488,Consumer,2020
26489,Consumer,2021
26490,Consumer,2021
26491,Small Business,2024
26492,Small Business,2024
26493,Enterprise,2020
26494,Consumer,2020
26495,Consumer,2020
26496,Consumer,2020
26497,Small Business,2022
26498,Consumer,2020
26499,Consumer,2019
26500,Consumer,2024
26501,Consumer,2021
26502,Consumer,2020
26503,Consumer,2020
26504,Consumer,2024
26505,Small Business,2023
26506,Consumer,2021
26507,Consumer,2024
26508,Small Business,2021
26509,Small Business,2020
26510,Consumer,2021
26511,Consumer,2019
26512,Consumer,2022
26513,Consumer,2024
26514,Small Business,2021
26515,Consumer,2023
26516,Small Business,2021
26517,Consumer,2024
26518,Small Business,2025
26519,Consumer,2022
26520,Small Business,2023
26521,Consumer,2023
26522,Consumer,2025
26523,Consumer,2025
26524,Consumer,2025
26525,Consumer,2019
26526,Consumer,2021
26527,Consumer,2022
26528,Consumer,2024
26529,Consumer,2022
26530,Small Business,2022
26531,Consumer,2022
26532,Consumer,2023
26533,Consumer,2023
26534,Consumer,2024
26535,Small Business,2021
26536,Consumer,2023
26537,Small Business,2019
26538,Small Business,2022
26539,Small Business,2021
26540,Consumer,2019
26541,Consumer,2020
26542,Small Business,2025
26543,Small Business,2022
26544,Small Business,2019
26545,Small Business,2025
26546,Small Business,2019
26547,Small Business,2023
26548,Consumer,2019
26549,Consumer,2024
26550,Consumer,2023
26551,Small Business,2024
26552,Consumer,2021
26553,Consumer,2025
26554,Enterprise,2025
26555,Consumer,2022
26556,Consumer,2023
26557,Consumer,2021
26558,Consumer,2024
26559,Consumer,2023
26560,Consumer,2020
26561,Enterprise,2021
26562,Consumer,2021
26563,Consumer,2022
26564,Consumer,2023
26565,Consumer,2020
26566,Consumer,2020
26567,Consumer,2022
26568,Consumer,2021
26569,Enterprise,2025
26570,Consumer,2024
26571,Consumer,2020
26572,Small Business,2023
26573,Consumer,2023
26574,Small Business,2025
26575,Consumer,2024
26576,Consumer,2022
26577,Consumer,2020
26578,Consumer,2020
26579,Small Business,2021
26580,Consumer,2025
26581,Small Business,2025
26582,Small Business,2025
26583,Consumer,2025
26584,Small Business,2022
26585,Small Business,2023
26586,Consumer,2019
26587,Small Business,2020
26588,Small Business,2020
26589,Consumer,2020
26590,Consumer,2024
26591,Consumer,2024
26592,Enterprise,2019
26593,Consumer,2023
26594,Small Business,2021
26595,Small Business,2022
26596,Consumer,2021
26597,Enterprise,2020
26598,Consumer,2024
26599,Small Business,2021
26600,Consumer,2022
26601,Consumer,2023
26602,Consumer,2022
26603,Consumer,2020
26604,Consumer,2023
26605,Consumer,2020
26606,Consumer,2024
26607,Small Business,2023
26608,Consumer,2021
26609,Consumer,2021
26610,Consumer,2020
26611,Consumer,2022
26612,Consumer,2020
26613,Enterprise,2022
26614,Consumer,2020
26615,Consumer,2025
26616,Small Business,2019
26617,Consumer,2024
26618,Consumer,2022
26619,Small Business,2021
26620,Consumer,2020
26621,Consumer,2023
26622,Consumer,2024
26623,Small Business,2023
26624,Small Business,2019
26625,Consumer,2024
26626,Consumer,2025
26627,Consumer,2023
26628,Consumer,2019
26629,Small Business,2022
26630,Consumer,2021
26631,Small Business,2023
26632,Small Business,2024
26633,Consumer,2025
26634,Consumer,2025
26635,Small Business,2025
26636,Consumer,2019
26637,Consumer,2019
26638,Small Business,2024
26639,Consumer,2024
26640,Small Business,2024
26641,Consumer,2020
26642,Small Business,2022
26643,Consumer,2023
26644,Consumer,2023
26645,Consumer,2025
26646,Consumer,2021
26647,Small Business,2024
26648,Consumer,2021
26649,Small Business,2024
26650,Consumer,2019
26651,Small Business,2020
26652,Consumer,2019
26653,Small Business,2020
26654,Consumer,2022
26655,Consumer,2025
26656,Enterprise,2019
26657,Consumer,2023
26658,Consumer,2019
26659,Consumer,2020
26660,Consumer,2019
26661,Small Business,2023
26662,Consumer,2023
26663,Small Business,2020
26664,Consumer,2023
26665,Enterprise,2021
26666,Consumer,2024
26667,Enterprise,2022
26668,Consumer,2025
26669,Enterprise,2023
26670,Consumer,2025
26671,Consumer,2025
26672,Small Business,2020
26673,Consumer,2021
26674,Consumer,2021
26675,Consumer,2023
26676,Small Business,2022
26677,Small Business,2022
26678,Consumer,2019
26679,Small Business,2022
26680,Consumer,2020
26681,Consumer,2025
26682,Consumer,2024
26683,Consumer,2020
26684,Consumer,2021
26685,Consumer,2023
26686,Consumer,2022
26687,Consumer,2020
26688,Small Business,2024
26689,Consumer,2025
26690,Consumer,2024
26691,Small Business,2021
26692,Consumer,2025
26693,Small Business,2025
26694,Consumer,2025
26695,Consumer,2024
26696,Consumer,2021
26697,Consumer,2022
26698,Consumer,2023
26699,Small Business,2024
26700,Consumer,2019
26701,Consumer,2019
26702,Consumer,2025
26703,Consumer,2023
26704,Small Business,2020
26705,Consumer,2025
26706,Small Business,2021
26707,Consumer,2023
26708,Consumer,2025
26709,Consumer,2024
26710,Consumer,2023
26711,Consumer,2022
26712,Consumer,2021
26713,Consumer,2020
26714,Consumer,2019
26715,Consumer,2019
26716,Small Business,2022
26717,Consumer,2021
26718,Consumer,2023
26719,Enterprise,2022
26720,Consumer,2023
26721,Consumer,2020
26722,Small Business,2020
26723,Consumer,2019
26724,Consumer,2023
26725,Small Business,2025
26726,Consumer,2021
26727,Consumer,2020
26728,Consumer,2025
26729,Small Business,2020
26730,Consumer,2023
26731,Consumer,2025
26732,Consumer,2025
26733,Consumer,2020
26734,Small Business,2019
26735,Small Business,2021
26736,Consumer,2025
26737,Consumer,2022
26738,Consumer,2025
26739,Small Business,2024
26740,Consumer,2022
26741,Consumer,2025
26742,Consumer,2025
26743,Consumer,2023
26744,Consumer,2024
26745,Consumer,2022
26746,Consumer,2025
26747,Consumer,2021
26748,Consumer,2024
26749,Consumer,2025
26750,Consumer,2025
26751,Consumer,2025
26752,Consumer,2020
26753,Enterprise,2025
26754,Consumer,2020
26755,Consumer,2020
26756,Small Business,2022
26757,Consumer,2020
26758,Consumer,2024
26759,Consumer,2025
26760,Consumer,2020
26761,Consumer,2021
26762,Consumer,2021
26763,Consumer,2019
26764,Consumer,2020
26765,Consumer,2025
26766,Consumer,2025
26767,Consumer,2022
26768,Consumer,2024
26769,Consumer,2019
26770,Consumer,2019
26771,Consumer,2025
26772,Small Business,2019
26773,Consumer,2023
26774,Enterprise,2025
26775,Consumer,2024
26776,Small Business,2021
26777,Consumer,2022
26778,Consumer,2023
26779,Small Business,2022
26780,Enterprise,2025
26781,Small Business,2019
26782,Consumer,2025
26783,Consumer,2025
26784,Consumer,2019
26785,Consumer,2022
26786,Consumer,2023
26787,Consumer,2025
26788,Consumer,2025
26789,Small Business,2022
26790,Consumer,2020
26791,Consumer,2024
26792,Consumer,2023
26793,Consumer,2022
26794,Consumer,2024
26795,Small Business,2019
26796,Consumer,2019
26797,Consumer,2022
26798,Consumer,2021
26799,Consumer,2020
26800,Consumer,2020
26801,Consumer,2022
26802,Consumer,2019
26803,Consumer,2023
26804,Consumer,2019
26805,Consumer,2023
26806,Consumer,2021
26807,Consumer,2020
26808,Consumer,2023
26809,Small Business,2023
26810,Consumer,2025
26811,Consumer,2022
26812,Consumer,2025
26813,Consumer,2022
26814,Consumer,2025
26815,Consumer,2020
26816,Consumer,2024
26817,Consumer,2020
26818,Consumer,2019
26819,Consumer,2019
26820,Small Business,2021
26821,Consumer,2019
26822,Consumer,2024
26823,Consumer,2019
26824,Consumer,2025
26825,Consumer,2021
26826,Consumer,2022
26827,Consumer,2024
26828,Consumer,2023
26829,Consumer,2024
26830,Consumer,2025
26831,Consumer,2021
26832,Consumer,2023
26833,Small Business,2023
26834,Enterprise,2024
26835,Enterprise,2021
26836,Consumer,2025
26837,Consumer,2020
26838,Small Business,2023
26839,Consumer,2025
26840,Consumer,2019
26841,Small Business,2022
26842,Consumer,2025
26843,Small Business,2020
26844,Enterprise,2024
26845,Enterprise,2024
26846,Consumer,2020
26847,Consumer,2023
26848,Consumer,2025
26849,Consumer,2021
26850,Consumer,2019
26851,Consumer,2020
26852,Consumer,2025
26853,Consumer,2025
26854,Enterprise,2024
26855,Small Business,2023
26856,Consumer,2020
26857,Consumer,2023
26858,Consumer,2025
26859,Consumer,2024
26860,Consumer,2019
26861,Consumer,2023
26862,Small Business,2025
26863,Consumer,2019
26864,Small Business,2023
26865,Enterprise,2023
26866,Small Business,2022
26867,Small Business,2024
26868,Consumer,2025
26869,Small Business,2023
26870,Small Business,2019
26871,Consumer,2022
26872,Consumer,2022
26873,Consumer,2020
26874,Consumer,2024
26875,Small Business,2023
26876,Consumer,2019
26877,Small Business,2024
26878,Small Business,2019
26879,Consumer,2025
26880,Consumer,2023
26881,Consumer,2025
26882,Consumer,2021
26883,Small Business,2020
26884,Small Business,2022
26885,Consumer,2024
26886,Consumer,2023
26887,Small Business,2022
26888,Small Business,2021
26889,Consumer,2024
26890,Enterprise,2020
26891,Consumer,2019
26892,Consumer,2020
26893,Consumer,2020
26894,Small Business,2020
26895,Enterprise,2021
26896,Consumer,2024
26897,Consumer,2020
26898,Consumer,2019
26899,Small Business,2021
26900,Consumer,2025
26901,Consumer,2025
26902,Small Business,2019
26903,Consumer,2019
26904,Small Business,2021
26905,Small Business,2020
26906,Consumer,2024
26907,Enterprise,2020
26908,Consumer,2019
26909,Enterprise,2020
26910,Consumer,2023
26911,Small Business,2020
26912,Consumer,2021
26913,Consumer,2022
26914,Enterprise,2025
26915,Consumer,2025
26916,Consumer,2020
26917,Small Business,2021
26918,Consumer,2019
26919,Consumer,2021
26920,Enterprise,2023
26921,Consumer,2022
26922,Consumer,2021
26923,Consumer,2019
26924,Consumer,2025
26925,Consumer,2021
26926,Consumer,2025
26927,Consumer,2024
26928,Consumer,2024
26929,Consumer,2021
26930,Small Business,2019
26931,Consumer,2020
26932,Consumer,2023
26933,Enterprise,2023
26934,Consumer,2019
26935,Enterprise,2025
26936,Small Business,2019
26937,Consumer,2022
26938,Consumer,2020
26939,Consumer,2020
26940,Consumer,2022
26941,Consumer,2021
26942,Consumer,2022
26943,Consumer,2025
26944,Small Business,2024
26945,Consumer,2021
26946,Consumer,2022
26947,Consumer,2021
26948,Consumer,2020
26949,Small Business,2022
26950,Consumer,2019
26951,Consumer,2020
26952,Consumer,2022
26953,Consumer,2024
26954,Small Business,2023
26955,Consumer,2025
26956,Small Business,2020
26957,Consumer,2019
26958,Consumer,2023
26959,Consumer,2022
26960,Consumer,2025
26961,Consumer,2019
26962,Consumer,2020
26963,Consumer,2021
26964,Enterprise,2024
26965,Consumer,2020
26966,Small Business,2025
26967,Consumer,2019
26968,Consumer,2025
26969,Consumer,2023
26970,Consumer,2019
26971,Small Business,2025
26972,Consumer,2019
26973,Consumer,2021
26974,Consumer,2024
26975,Small Business,2021
26976,Small Business,2021
26977,Consumer,2021
26978,Small Business,2020
26979,Consumer,2023
26980,Consumer,2022
26981,Consumer,2024
26982,Consumer,2022
26983,Consumer,2022
26984,Small Business,2020
26985,Enterprise,2020
26986,Consumer,2019
26987,Consumer,2025
26988,Consumer,2024
26989,Consumer,2020
26990,Consumer,2022
26991,Consumer,2022
26992,Consumer,2020
26993,Small Business,2019
26994,Consumer,2025
26995,Consumer,2021
26996,Small Business,2024
26997,Consumer,2023
26998,Consumer,2021
26999,Consumer,2023
27000,Consumer,2020
27001,Small Business,2020
27002,Consumer,2024
27003,Consumer,2024
27004,Consumer,2024
27005,Consumer,2023
27006,Small Business,2025
27007,Small Business,2021
27008,Consumer,2019
27009,Consumer,2020
27010,Small Business,2023
27011,Small Business,2023
27012,Consumer,2020
27013,Consumer,2024
27014,Consumer,2025
27015,Consumer,2019
27016,Consumer,2019
27017,Consumer,2023
27018,Consumer,2022
27019,Consumer,2023
27020,Consumer,2023
27021,Consumer,2019
27022,Consumer,2024
27023,Consumer,2020
27024,Small Business,2023
27025,Consumer,2025
27026,Small Business,2022
27027,Consumer,2021
27028,Small Business,2025
27029,Consumer,2021
27030,Consumer,2023
27031,Small Business,2020
27032,Consumer,2022
27033,Small Business,2019
27034,Consumer,2024
27035,Consumer,2023
27036,Consumer,2022
27037,Consumer,2024
27038,Consumer,2023
27039,Small Business,2021
27040,Small Business,2021
27041,Consumer,2019
27042,Consumer,2020
27043,Consumer,2021
27044,Consumer,2022
27045,Enterprise,2025
27046,Small Business,2021
27047,Consumer,2022
27048,Small Business,2019
27049,Consumer,2019
27050,Enterprise,2022
27051,Consumer,2021
27052,Consumer,2023
27053,Consumer,2024
27054,Consumer,2019
27055,Consumer,2020
27056,Consumer,2022
27057,Consumer,2019
27058,Consumer,2021
27059,Consumer,2023
27060,Consumer,2019
27061,Small Business,2023
27062,Consumer,2019
27063,Consumer,2024
27064,Consumer,2024
27065,Consumer,2019
27066,Enterprise,2022
27067,Consumer,2022
27068,Consumer,2025
27069,Consumer,2019
27070,Consumer,2023
27071,Consumer,2022
27072,Consumer,2025
27073,Consumer,2024
27074,Consumer,2020
27075,Consumer,2019
27076,Consumer,2023
27077,Consumer,2024
27078,Consumer,2022
27079,Consumer,2023
27080,Consumer,2022
27081,Consumer,2021
27082,Consumer,2025
27083,Consumer,2020
27084,Consumer,2022
27085,Consumer,2025
27086,Consumer,2020
27087,Consumer,2021
27088,Consumer,2023
27089,Consumer,2019
27090,Consumer,2020
27091,Small Business,2024
27092,Consumer,2019
27093,Consumer,2021
27094,Consumer,2023
27095,Consumer,2024
27096,Small Business,2019
27097,Consumer,2022
27098,Consumer,2023
27099,Consumer,2021
27100,Small Business,2022
27101,Enterprise,2022
27102,Consumer,2025
27103,Consumer,2023
27104,Consumer,2021
27105,Enterprise,2019
27106,Consumer,2021
27107,Consumer,2024
27108,Consumer,2022
27109,Consumer,2021
27110,Consumer,2023
27111,Small Business,2025
27112,Consumer,2020
27113,Consumer,2025
27114,Enterprise,2021
27115,Enterprise,2023
27116,Consumer,2020
27117,Consumer,2019
27118,Small Business,2021
27119,Consumer,2025
27120,Enterprise,2025
27121,Consumer,2021
27122,Small Business,2023
27123,Consumer,2024
27124,Consumer,2022
27125,Consumer,2024
27126,Consumer,2019
27127,Consumer,2025
27128,Consumer,2023
27129,Consumer,2020
27130,Consumer,2024
27131,Consumer,2025
27132,Consumer,2021
27133,Consumer,2022
27134,Consumer,2025
27135,Small Business,2022
27136,Consumer,2021
27137,Small Business,2023
27138,Consumer,2020
27139,Consumer,2021
27140,Consumer,2024
27141,Consumer,2019
27142,Consumer,2022
27143,Consumer,2023
27144,Consumer,2022
27145,Consumer,2021
27146,Small Business,2025
27147,Consumer,2024
27148,Small Business,2024
27149,Consumer,2019
27150,Consumer,2025
27151,Consumer,2022
27152,Consumer,2023
27153,Consumer,2021
27154,Enterprise,2023
27155,Consumer,2023
27156,Enterprise,2022
27157,Consumer,2022
27158,Consumer,2021
27159,Consumer,2025
27160,Enterprise,2020
27161,Consumer,2021
27162,Small Business,2024
27163,Consumer,2022
27164,Small Business,2019
27165,Small Business,2019
27166,Consumer,2025
27167,Consumer,2025
27168,Consumer,2020
27169,Enterprise,2020
27170,Consumer,2020
27171,Consumer,2025
27172,Small Business,2019
27173,Consumer,2019
27174,Consumer,2021
27175,Consumer,2025
27176,Consumer,2019
27177,Consumer,2021
27178,Consumer,2020
27179,Small Business,2021
27180,Consumer,2023
27181,Small Business,2020
27182,Consumer,2021
27183,Enterprise,2020
27184,Consumer,2019
27185,Consumer,2022
27186,Enterprise,2021
27187,Consumer,2024
27188,Small Business,2019
27189,Consumer,2019
27190,Consumer,2025
27191,Consumer,2022
27192,Small Business,2025
27193,Consumer,2019
27194,Consumer,2021
27195,Consumer,2023
27196,Consumer,2020
27197,Small Business,2020
27198,Enterprise,2019
27199,Consumer,2021
27200,Consumer,2023
27201,Consumer,2021
27202,Consumer,2019
27203,Small Business,2023
27204,Consumer,2023
27205,Consumer,2021
27206,Small Business,2020
27207,Small Business,2024
27208,Consumer,2024
27209,Small Business,2023
27210,Consumer,2021
27211,Consumer,2022
27212,Small Business,2019
27213,Consumer,2019
27214,Enterprise,2020
27215,Consumer,2022
27216,Small Business,2023
27217,Consumer,2020
27218,Consumer,2023
27219,Small Business,2021
27220,Small Business,2023
27221,Small Business,2019
27222,Consumer,2021
27223,Consumer,2020
27224,Consumer,2023
27225,Consumer,2023
27226,Consumer,2019
27227,Consumer,2021
27228,Consumer,2023
27229,Consumer,2024
27230,Small Business,2024
27231,Enterprise,2024
27232,Consumer,2019
27233,Small Business,2023
27234,Small Business,2024
27235,Consumer,2022
27236,Consumer,2025
27237,Small Business,2024
27238,Small Business,2025
27239,Consumer,2025
27240,Consumer,2019
27241,Small Business,2021
27242,Consumer,2025
27243,Consumer,2019
27244,Consumer,2019
27245,Small Business,2020
27246,Consumer,2021
27247,Enterprise,2023
27248,Consumer,2022
27249,Small Business,2024
27250,Consumer,2020
27251,Small Business,2022
27252,Small Business,2021
27253,Consumer,2025
27254,Consumer,2025
27255,Small Business,2024
27256,Small Business,2020
27257,Consumer,2019
27258,Consumer,2022
27259,Small Business,2023
27260,Small Business,2024
27261,Consumer,2024
27262,Consumer,2020
27263,Consumer,2021
27264,Small Business,2025
27265,Small Business,2023
27266,Consumer,2025
27267,Consumer,2020
27268,Consumer,2020
27269,Consumer,2023
27270,Enterprise,2022
27271,Small Business,2025
27272,Consumer,2019
27273,Consumer,2023
27274,Consumer,2025
27275,Consumer,2022
27276,Consumer,2019
27277,Consumer,2019
27278,Enterprise,2021
27279,Consumer,2024
27280,Small Business,2023
27281,Consumer,2019
27282,Consumer,2023
27283,Small Business,2025
27284,Small Business,2023
27285,Small Business,2020
27286,Consumer,2019
27287,Consumer,2022
27288,Consumer,2024
27289,Consumer,2025
27290,Consumer,2024
27291,Consumer,2022
27292,Consumer,2022
27293,Consumer,2020
27294,Consumer,2024
27295,Consumer,2023
27296,Small Business,2019
27297,Enterprise,2021
27298,Consumer,2020
27299,Consumer,2025
27300,Small Business,2019
27301,Consumer,2022
27302,Small Business,2021
27303,Consumer,2025
27304,Consumer,2020
27305,Consumer,2025
27306,Small Business,2020
27307,Consumer,2019
27308,Consumer,2021
27309,Consumer,2022
27310,Consumer,2023
27311,Enterprise,2022
27312,Consumer,2022
27313,Consumer,2021
27314,Consumer,2024
27315,Consumer,2022
27316,Small Business,2021
27317,Small Business,2019
27318,Consumer,2021
27319,Consumer,2022
27320,Consumer,2019
27321,Consumer,2024
27322,Consumer,2024
27323,Consumer,2020
27324,Consumer,2023
27325,Consumer,2019
27326,Consumer,2019
27327,Consumer,2023
27328,Consumer,2020
27329,Small Business,2025
27330,Consumer,2020
27331,Consumer,2023
27332,Consumer,2021
27333,Consumer,2019
27334,Consumer,2019
27335,Consumer,2019
27336,Consumer,2024
27337,Consumer,2025
27338,Consumer,2021
27339,Consumer,2020
27340,Consumer,2025
27341,Consumer,2021
27342,Enterprise,2020
27343,Small Business,2022
27344,Enterprise,2021
27345,Enterprise,2021
27346,Consumer,2025
27347,Consumer,2024
27348,Consumer,2020
27349,Consumer,2023
27350,Small Business,2024
27351,Small Business,2022
27352,Consumer,2020
27353,Small Business,2022
27354,Consumer,2022
27355,Consumer,2020
27356,Consumer,2025
27357,Enterprise,2019
27358,Consumer,2020
27359,Consumer,2019
27360,Consumer,2019
27361,Small Business,2021
27362,Small Business,2020
27363,Consumer,2024
27364,Enterprise,2020
27365,Consumer,2020
27366,Enterprise,2021
27367,Consumer,2019
27368,Small Business,2024
27369,Small Business,2024
27370,Small Business,2019
27371,Consumer,2023
27372,Small Business,2023
27373,Consumer,2025
27374,Consumer,2024
27375,Consumer,2025
27376,Consumer,2024
27377,Consumer,2023
27378,Consumer,2025
27379,Consumer,2023
27380,Consumer,2024
27381,Small Business,2022
27382,Consumer,2019
27383,Consumer,2023
27384,Consumer,2020
27385,Consumer,2022
27386,Consumer,2024
27387,Consumer,2025
27388,Small Business,2020
27389,Enterprise,2025
27390,Consumer,2020
27391,Consumer,2024
27392,Consumer,2024
27393,Consumer,2023
27394,Consumer,2022
27395,Consumer,2023
27396,Consumer,2021
27397,Consumer,2019
27398,Small Business,2022
27399,Consumer,2019
27400,Consumer,2020
27401,Small Business,2025
27402,Consumer,2019
27403,Consumer,2019
27404,Consumer,2025
27405,Consumer,2024
27406,Consumer,2021
27407,Consumer,2019
27408,Consumer,2022
27409,Consumer,2025
27410,Consumer,2019
27411,Consumer,2025
27412,Consumer,2020
27413,Consumer,2025
27414,Small Business,2019
27415,Consumer,2020
27416,Consumer,2019
27417,Consumer,2022
27418,Consumer,2023
27419,Consumer,2019
27420,Consumer,2019
27421,Consumer,2019
27422,Consumer,2022
27423,Consumer,2022
27424,Small Business,2023
27425,Consumer,2025
27426,Consumer,2021
27427,Small Business,2023
27428,Consumer,2020
27429,Consumer,2021
27430,Consumer,2020
27431,Consumer,2020
27432,Consumer,2020
27433,Small Business,2019
27434,Small Business,2021
27435,Consumer,2019
27436,Small Business,2021
27437,Small Business,2019
27438,Consumer,2021
27439,Consumer,2024
27440,Consumer,2020
27441,Consumer,2019
27442,Small Business,2020
27443,Small Business,2021
27444,Small Business,2023
27445,Consumer,2023
27446,Consumer,2019
27447,Consumer,2025
27448,Consumer,2022
27449,Consumer,2021
27450,Consumer,2025
27451,Consumer,2020
27452,Consumer,2024
27453,Consumer,2025
27454,Consumer,2021
27455,Small Business,2022
27456,Consumer,2022
27457,Consumer,2024
27458,Consumer,2025
27459,Consumer,2022
27460,Consumer,2024
27461,Small Business,2025
27462,Consumer,2023
27463,Consumer,2024
27464,Consumer,2022
27465,Consumer,2022
27466,Small Business,2025
27467,Consumer,2021
27468,Consumer,2020
27469,Consumer,2024
27470,Consumer,2023
27471,Consumer,2022
27472,Consumer,2021
27473,Small Business,2024
27474,Small Business,2022
27475,Consumer,2023
27476,Small Business,2019
27477,Consumer,2025
27478,Consumer,2024
27479,Consumer,2022
27480,Consumer,2020
27481,Consumer,2025
27482,Small Business,2022
27483,Consumer,2022
27484,Consumer,2025
27485,Consumer,2025
27486,Consumer,2020
27487,Consumer,2023
27488,Consumer,2021
27489,Consumer,2019
27490,Consumer,2021
27491,Consumer,2020
27492,Consumer,2022
27493,Enterprise,2022
27494,Consumer,2020
27495,Consumer,2022
27496,Consumer,2024
27497,Consumer,2023
27498,Consumer,2023
27499,Consumer,2019
27500,Small Business,2019
27501,Consumer,2023
27502,Consumer,2022
27503,Consumer,2023
27504,Small Business,2021
27505,Consumer,2019
27506,Enterprise,2021
27507,Consumer,2023
27508,Consumer,2025
27509,Small Business,2022
27510,Small Business,2021
27511,Consumer,2021
27512,Small Business,2019
27513,Consumer,2020
27514,Small Business,2021
27515,Small Business,2023
27516,Consumer,2023
27517,Consumer,2021
27518,Consumer,2022
27519,Consumer,2020
27520,Consumer,2019
27521,Consumer,2021
27522,Small Business,2020
27523,Consumer,2022
27524,Consumer,2024
27525,Enterprise,2020
27526,Small Business,2019
27527,Consumer,2019
27528,Consumer,2020
27529,Consumer,2020
27530,Consumer,2025
27531,Consumer,2020
27532,Consumer,2023
27533,Consumer,2023
27534,Consumer,2020
27535,Small Business,2020
27536,Small Business,2020
27537,Consumer,2025
27538,Consumer,2021
27539,Consumer,2019
27540,Consumer,2023
27541,Small Business,2022
27542,Consumer,2020
27543,Consumer,2020
27544,Consumer,2024
27545,Consumer,2021
27546,Consumer,2019
27547,Consumer,2024
27548,Consumer,2020
27549,Consumer,2025
27550,Small Business,2023
27551,Consumer,2022
27552,Consumer,2023
27553,Consumer,2020
27554,Small Business,2023
27555,Consumer,2020
27556,Consumer,2020
27557,Consumer,2023
27558,Consumer,2021
27559,Small Business,2025
27560,Consumer,2019
27561,Consumer,2019
27562,Small Business,2019
27563,Consumer,2025
27564,Consumer,2021
27565,Consumer,2025
27566,Consumer,2022
27567,Small Business,2025
27568,Consumer,2024
27569,Consumer,2019
27570,Small Business,2025
27571,Consumer,2022
27572,Consumer,2023
27573,Consumer,2020
27574,Consumer,2024
27575,Consumer,2019
27576,Consumer,2019
27577,Consumer,2020
27578,Consumer,2024
27579,Consumer,2024
27580,Consumer,2020
27581,Consumer,2022
27582,Consumer,2021
27583,Consumer,2022
27584,Consumer,2019
27585,Small Business,2022
27586,Small Business,2022
27587,Consumer,2019
27588,Small Business,2023
27589,Consumer,2021
27590,Enterprise,2020
27591,Enterprise,2024
27592,Consumer,2024
27593,Consumer,2020
27594,Consumer,2025
27595,Consumer,2019
27596,Consumer,2022
27597,Consumer,2023
27598,Consumer,2020
27599,Small Business,2021
27600,Enterprise,2023
27601,Consumer,2021
27602,Consumer,2021
27603,Small Business,2023
27604,Consumer,2020
27605,Small Business,2022
27606,Consumer,2020
27607,Consumer,2021
27608,Consumer,2022
27609,Consumer,2024
27610,Consumer,2020
27611,Small Business,2023
27612,Consumer,2021
27613,Consumer,2025
27614,Consumer,2021
27615,Consumer,2021
27616,Consumer,2024
27617,Consumer,2019
27618,Consumer,2025
27619,Small Business,2021
27620,Small Business,2024
27621,Consumer,2021
27622,Consumer,2020
27623,Small Business,2019
27624,Consumer,2024
27625,Consumer,2019
27626,Consumer,2023
27627,Consumer,2023
27628,Consumer,2020
27629,Consumer,2024
27630,Consumer,2021
27631,Consumer,2024
27632,Consumer,2021
27633,Consumer,2024
27634,Consumer,2022
27635,Consumer,2022
27636,Consumer,2024
27637,Consumer,2019
27638,Consumer,2021
27639,Consumer,2019
27640,Consumer,2019
27641,Small Business,2019
27642,Consumer,2024
27643,Consumer,2024
27644,Consumer,2024
27645,Consumer,2025
27646,Small Business,2023
27647,Small Business,2020
27648,Consumer,2022
27649,Consumer,2022
27650,Consumer,2024
27651,Consumer,2022
27652,Consumer,2019
27653,Small Business,2024
27654,Consumer,2023
27655,Small Business,2019
27656,Small Business,2025
27657,Consumer,2022
27658,Consumer,2024
27659,Consumer,2024
27660,Small Business,2020
27661,Consumer,2025
27662,Consumer,2025
27663,Consumer,2025
27664,Consumer,2020
27665,Consumer,2019
27666,Small Business,2022
27667,Consumer,2020
27668,Consumer,2023
27669,Consumer,2023
27670,Consumer,2019
27671,Consumer,2024
27672,Consumer,2019
27673,Enterprise,2023
27674,Consumer,2022
27675,Consumer,2019
27676,Small Business,2020
27677,Consumer,2022
27678,Small Business,2021
27679,Consumer,2022
27680,Consumer,2023
27681,Consumer,2023
27682,Consumer,2023
27683,Small Business,2024
27684,Small Business,2025
27685,Consumer,2020
27686,Consumer,2025
27687,Consumer,2022
27688,Consumer,2025
27689,Consumer,2023
27690,Consumer,2021
27691,Consumer,2019
27692,Consumer,2019
27693,Consumer,2023
27694,Consumer,2023
27695,Consumer,2019
27696,Consumer,2025
27697,Consumer,2021
27698,Consumer,2024
27699,Consumer,2024
27700,Small Business,2023
27701,Consumer,2025
27702,Consumer,2024
27703,Consumer,2020
27704,Enterprise,2021
27705,Consumer,2022
27706,Consumer,2022
27707,Consumer,2022
27708,Consumer,2020
27709,Small Business,2025
27710,Small Business,2023
27711,Small Business,2024
27712,Consumer,2021
27713,Consumer,2023
27714,Consumer,2020
27715,Small Business,2023
27716,Consumer,2020
27717,Consumer,2025
27718,Enterprise,2022
27719,Enterprise,2022
27720,Consumer,2022
27721,Consumer,2020
27722,Consumer,2024
27723,Consumer,2020
27724,Consumer,2025
27725,Consumer,2024
27726,Consumer,2021
27727,Small Business,2022
27728,Enterprise,2021
27729,Enterprise,2019
27730,Small Business,2020
27731,Consumer,2025
27732,Consumer,2021
27733,Consumer,2025
27734,Consumer,2024
27735,Consumer,2022
27736,Consumer,2023
27737,Small Business,2025
27738,Consumer,2019
27739,Consumer,2024
27740,Small Business,2023
27741,Consumer,2025
27742,Consumer,2024
27743,Consumer,2025
27744,Consumer,2019
27745,Consumer,2022
27746,Consumer,2025
27747,Small Business,2020
27748,Consumer,2020
27749,Consumer,2023
27750,Consumer,2021
27751,Consumer,2023
27752,Enterprise,2021
27753,Consumer,2022
27754,Small Business,2019
27755,Small Business,2024
27756,Consumer,2019
27757,Small Business,2020
27758,Enterprise,2020
27759,Enterprise,2020
27760,Consumer,2019
27761,Consumer,2025
27762,Consumer,2023
27763,Consumer,2022
27764,Consumer,2019
27765,Consumer,2023
27766,Consumer,2019
27767,Small Business,2020
27768,Consumer,2022
27769,Small Business,2025
27770,Consumer,2023
27771,Consumer,2022
27772,Small Business,2023
27773,Consumer,2024
27774,Consumer,2022
27775,Enterprise,2021
27776,Small Business,2025
27777,Small Business,2021
27778,Consumer,2019
27779,Consumer,2021
27780,Consumer,2024
27781,Consumer,2019
27782,Enterprise,2021
27783,Consumer,2019
27784,Small Business,2025
27785,Consumer,2021
27786,Consumer,2020
27787,Consumer,2023
27788,Consumer,2025
27789,Consumer,2019
27790,Small Business,2025
27791,Consumer,2021
27792,Consumer,2020
27793,Consumer,2019
27794,Small Business,2022
27795,Consumer,2020
27796,Consumer,2020
27797,Consumer,2020
27798,Small Business,2019
27799,Enterprise,2024
27800,Enterprise,2021
27801,Consumer,2024
27802,Consumer,2022
27803,Consumer,2019
27804,Consumer,2021
27805,Consumer,2019
27806,Consumer,2021
27807,Consumer,2024
27808,Consumer,2021
27809,Consumer,2020
27810,Enterprise,2020
27811,Consumer,2019
27812,Consumer,2020
27813,Consumer,2025
27814,Consumer,2022
27815,Consumer,2024
27816,Small Business,2020
27817,Consumer,2023
27818,Consumer,2024
27819,Small Business,2024
27820,Consumer,2024
27821,Consumer,2024
27822,Consumer,2025
27823,Consumer,2021
27824,Consumer,2021
27825,Consumer,2019
27826,Consumer,2020
27827,Enterprise,2021
27828,Consumer,2019
27829,Consumer,2024
27830,Small Business,2021
27831,Consumer,2021
27832,Consumer,2025
27833,Consumer,2019
27834,Small Business,2023
27835,Small Business,2023
27836,Consumer,2025
27837,Consumer,2021
27838,Consumer,2025
27839,Consumer,2023
27840,Consumer,2021
27841,Consumer,2022
27842,Consumer,2022
27843,Consumer,2023
27844,Small Business,2021
27845,Consumer,2021
27846,Consumer,2024
27847,Enterprise,2025
27848,Small Business,2022
27849,Enterprise,2021
27850,Consumer,2019
27851,Consumer,2025
27852,Consumer,2025
27853,Enterprise,2020
27854,Small Business,2024
27855,Small Business,2023
27856,Consumer,2025
27857,Consumer,2022
27858,Consumer,2020
27859,Consumer,2021
27860,Consumer,2024
27861,Consumer,2020
27862,Small Business,2023
27863,Consumer,2024
27864,Small Business,2019
27865,Consumer,2022
27866,Consumer,2020
27867,Consumer,2022
27868,Consumer,2020
27869,Consumer,2021
27870,Consumer,2020
27871,Consumer,2021
27872,Consumer,2023
27873,Consumer,2021
27874,Small Business,2025
27875,Consumer,2023
27876,Consumer,2025
27877,Consumer,2023
27878,Consumer,2020
27879,Consumer,2022
27880,Small Business,2023
27881,Consumer,2022
27882,Consumer,2019
27883,Consumer,2020
27884,Consumer,2020
27885,Small Business,2021
27886,Consumer,2024
27887,Consumer,2019
27888,Small Business,2025
27889,Consumer,2022
27890,Consumer,2025
27891,Consumer,2023
27892,Small Business,2022
27893,Consumer,2019
27894,Consumer,2024
27895,Consumer,2023
27896,Consumer,2021
27897,Consumer,2024
27898,Consumer,2023
27899,Consumer,2021
27900,Consumer,2020
27901,Consumer,2023
27902,Small Business,2019
27903,Consumer,2022
27904,Small Business,2025
27905,Consumer,2024
27906,Consumer,2021
27907,Consumer,2025
27908,Consumer,2025
27909,Consumer,2022
27910,Consumer,2019
27911,Small Business,2025
27912,Consumer,2024
27913,Consumer,2025
27914,Consumer,2025
27915,Small Business,2022
27916,Consumer,2019
27917,Consumer,2021
27918,Small Business,2021
27919,Consumer,2021
27920,Consumer,2024
27921,Consumer,2024
27922,Consumer,2019
27923,Small Business,2025
27924,Consumer,2021
27925,Small Business,2020
27926,Consumer,2020
27927,Small Business,2019
27928,Small Business,2019
27929,Enterprise,2021
27930,Small Business,2019
27931,Consumer,2020
27932,Consumer,2020
27933,Consumer,2024
27934,Consumer,2020
27935,Consumer,2025
27936,Consumer,2025
27937,Consumer,2021
27938,Consumer,2019
27939,Consumer,2021
27940,Consumer,2019
27941,Small Business,2019
27942,Consumer,2024
27943,Consumer,2019
27944,Consumer,2024
27945,Consumer,2023
27946,Consumer,2022
27947,Consumer,2021
27948,Small Business,2021
27949,Small Business,2021
27950,Consumer,2021
27951,Consumer,2020
27952,Consumer,2025
27953,Consumer,2025
27954,Enterprise,2025
27955,Consumer,2024
27956,Consumer,2020
27957,Enterprise,2025
27958,Consumer,2022
27959,Enterprise,2020
27960,Consumer,2024
27961,Consumer,2025
27962,Consumer,2024
27963,Small Business,2019
27964,Small Business,2019
27965,Consumer,2019
27966,Small Business,2025
27967,Consumer,2022
27968,Consumer,2024
27969,Consumer,2019
27970,Consumer,2022
27971,Consumer,2021
27972,Consumer,2022
27973,Consumer,2023
27974,Consumer,2022
27975,Consumer,2019
27976,Consumer,2024
27977,Small Business,2025
27978,Consumer,2022
27979,Small Business,2020
27980,Consumer,2024
27981,Consumer,2023
27982,Consumer,2025
27983,Consumer,2023
27984,Consumer,2023
27985,Consumer,2024
27986,Consumer,2019
27987,Consumer,2020
27988,Small Business,2022
27989,Consumer,2023
27990,Consumer,2020
27991,Consumer,2022
27992,Consumer,2019
27993,Enterprise,2023
27994,Consumer,2023
27995,Consumer,2022
27996,Consumer,2022
27997,Enterprise,2025
27998,Consumer,2019
27999,Small Business,2023
28000,Small Business,2023
28001,Consumer,2022
28002,Small Business,2020
28003,Consumer,2025
28004,Consumer,2025
28005,Consumer,2021
28006,Consumer,2023
28007,Consumer,2019
28008,Small Business,2019
28009,Consumer,2025
28010,Small Business,2025
28011,Consumer,2019
28012,Consumer,2019
28013,Consumer,2020
28014,Small Business,2019
28015,Consumer,2021
28016,Consumer,2021
28017,Consumer,2023
28018,Small Business,2020
28019,Consumer,2025
28020,Consumer,2024
28021,Consumer,2023
28022,Small Business,2025
28023,Small Business,2020
28024,Small Business,2024
28025,Consumer,2022
28026,Consumer,2021
28027,Consumer,2023
28028,Consumer,2021
28029,Enterprise,2019
28030,Consumer,2021
28031,Consumer,2024
28032,Consumer,2019
28033,Consumer,2024
28034,Consumer,2025
28035,Consumer,2022
28036,Consumer,2020
28037,Enterprise,2024
28038,Small Business,2020
28039,Enterprise,2020
28040,Consumer,2024
28041,Enterprise,2021
28042,Consumer,2023
28043,Consumer,2020
28044,Consumer,2025
28045,Consumer,2020
28046,Small Business,2025
28047,Consumer,2024
28048,Consumer,2021
28049,Consumer,2023
28050,Consumer,2025
28051,Small Business,2023
28052,Consumer,2025
28053,Consumer,2025
28054,Small Business,2024
28055,Small Business,2025
28056,Consumer,2025
28057,Consumer,2019
28058,Enterprise,2023
28059,Consumer,2023
28060,Consumer,2019
28061,Consumer,2023
28062,Consumer,2025
28063,Enterprise,2024
28064,Enterprise,2021
28065,Consumer,2022
28066,Consumer,2025
28067,Small Business,2020
28068,Consumer,2022
28069,Consumer,2024
28070,Enterprise,2022
28071,Consumer,2019
28072,Consumer,2024
28073,Small Business,2021
28074,Consumer,2021
28075,Consumer,2024
28076,Consumer,2019
28077,Consumer,2024
28078,Consumer,2024
28079,Small Business,2025
28080,Small Business,2021
28081,Consumer,2019
28082,Consumer,2024
28083,Consumer,2020
28084,Consumer,2025
28085,Consumer,2023
28086,Consumer,2021
28087,Small Business,2021
28088,Small Business,2023
28089,Consumer,2024
28090,Small Business,2019
28091,Consumer,2019
28092,Consumer,2024
28093,Consumer,2021
28094,Small Business,2022
28095,Consumer,2019
28096,Consumer,2020
28097,Consumer,2023
28098,Consumer,2025
28099,Consumer,2019
28100,Consumer,2021
28101,Small Business,2024
28102,Consumer,2024
28103,Consumer,2022
28104,Consumer,2021
28105,Small Business,2024
28106,Consumer,2025
28107,Small Business,2024
28108,Consumer,2023
28109,Consumer,2023
28110,Small Business,2023
28111,Consumer,2022
28112,Consumer,2019
28113,Consumer,2025
28114,Small Business,2024
28115,Consumer,2021
28116,Consumer,2022
28117,Consumer,2019
28118,Consumer,2024
28119,Consumer,2021
28120,Consumer,2025
28121,Consumer,2020
28122,Small Business,2023
28123,Consumer,2021
28124,Consumer,2022
28125,Consumer,2021
28126,Consumer,2024
28127,Consumer,2020
28128,Small Business,2024
28129,Consumer,2019
28130,Small Business,2024
28131,Consumer,2022
28132,Consumer,2025
28133,Consumer,2021
28134,Consumer,2019
28135,Enterprise,2023
28136,Small Business,2022
28137,Consumer,2019
28138,Consumer,2019
28139,Small Business,2022
28140,Consumer,2024
28141,Small Business,2025
28142,Consumer,2022
28143,Consumer,2025
28144,Consumer,2024
28145,Consumer,2022
28146,Consumer,2019
28147,Consumer,2024
28148,Small Business,2023
28149,Consumer,2024
28150,Consumer,2019
28151,Consumer,2025
28152,Consumer,2021
28153,Consumer,2021
28154,Consumer,2022
28155,Small Business,2019
28156,Small Business,2023
28157,Small Business,2020
28158,Consumer,2022
28159,Consumer,2022
28160,Consumer,2024
28161,Small Business,2024
28162,Consumer,2020
28163,Small Business,2024
28164,Enterprise,2023
28165,Consumer,2025
28166,Consumer,2021
28167,Consumer,2022
28168,Consumer,2020
28169,Consumer,2021
28170,Consumer,2024
28171,Small Business,2024
28172,Consumer,2025
28173,Consumer,2025
28174,Consumer,2020
28175,Small Business,2021
28176,Consumer,2020
28177,Small Business,2022
28178,Consumer,2024
28179,Small Business,2024
28180,Small Business,2025
28181,Small Business,2021
28182,Small Business,2021
28183,Consumer,2023
28184,Consumer,2024
28185,Small Business,2025
28186,Consumer,2020
28187,Consumer,2021
28188,Consumer,2020
28189,Consumer,2020
28190,Consumer,2019
28191,Consumer,2023
28192,Consumer,2023
28193,Consumer,2022
28194,Small Business,2023
28195,Consumer,2023
28196,Small Business,2023
28197,Enterprise,2025
28198,Consumer,2020
28199,Consumer,2025
28200,Consumer,2019
28201,Small Business,2019
28202,Consumer,2022
28203,Consumer,2022
28204,Consumer,2022
28205,Consumer,2025
28206,Consumer,2021
28207,Consumer,2024
28208,Small Business,2023
28209,Consumer,2019
28210,Consumer,2021
28211,Consumer,2019
28212,Consumer,2024
28213,Consumer,2021
28214,Consumer,2024
28215,Enterprise,2019
28216,Consumer,2021
28217,Consumer,2024
28218,Small Business,2025
28219,Consumer,2019
28220,Consumer,2022
28221,Consumer,2025
28222,Small Business,2022
28223,Consumer,2021
28224,Consumer,2024
28225,Consumer,2024
28226,Small Business,2025
28227,Small Business,2025
28228,Consumer,2019
28229,Consumer,2024
28230,Consumer,2020
28231,Consumer,2024
28232,Consumer,2024
28233,Consumer,2020
28234,Consumer,2022
28235,Small Business,2024
28236,Consumer,2025
28237,Consumer,2025
28238,Consumer,2021
28239,Consumer,2019
28240,Consumer,2025
28241,Consumer,2025
28242,Consumer,2020
28243,Consumer,2023
28244,Enterprise,2025
28245,Consumer,2021
28246,Consumer,2024
28247,Consumer,2022
28248,Consumer,2025
28249,Small Business,2021
28250,Consumer,2020
28251,Consumer,2025
28252,Consumer,2021
28253,Consumer,2020
28254,Consumer,2020
28255,Small Business,2021
28256,Consumer,2024
28257,Consumer,2021
28258,Consumer,2020
28259,Small Business,2022
28260,Consumer,2022
28261,Consumer,2024
28262,Consumer,2020
28263,Consumer,2021
28264,Consumer,2023
28265,Consumer,2022
28266,Consumer,2024
28267,Enterprise,2022
28268,Consumer,2019
28269,Small Business,2025
28270,Consumer,2023
28271,Consumer,2019
28272,Small Business,2020
28273,Consumer,2021
28274,Consumer,2025
28275,Small Business,2021
28276,Consumer,2025
28277,Small Business,2022
28278,Consumer,2020
28279,Consumer,2019
28280,Consumer,2021
28281,Consumer,2020
28282,Consumer,2023
28283,Small Business,2025
28284,Small Business,2024
28285,Consumer,2021
28286,Consumer,2025
28287,Consumer,2025
28288,Consumer,2021
28289,Consumer,2022
28290,Consumer,2022
28291,Consumer,2021
28292,Small Business,2020
28293,Small Business,2025
28294,Consumer,2021
28295,Consumer,2019
28296,Consumer,2025
28297,Consumer,2019
28298,Consumer,2025
28299,Consumer,2019
28300,Small Business,2021
28301,Consumer,2022
28302,Consumer,2020
28303,Consumer,2023
28304,Consumer,2023
28305,Consumer,2025
28306,Consumer,2021
28307,Consumer,2025
28308,Consumer,2024
28309,Consumer,2024
28310,Consumer,2023
28311,Small Business,2020
28312,Small Business,2023
28313,Consumer,2024
28314,Small Business,2021
28315,Consumer,2023
28316,Consumer,2023
28317,Consumer,2023
28318,Consumer,2023
28319,Consumer,2023
28320,Enterprise,2023
28321,Consumer,2021
28322,Consumer,2023
28323,Consumer,2020
28324,Small Business,2025
28325,Consumer,2024
28326,Small Business,2020
28327,Consumer,2019
28328,Small Business,2020
28329,Consumer,2023
28330,Consumer,2019
28331,Consumer,2019
28332,Consumer,2023
28333,Consumer,2022
28334,Consumer,2021
28335,Consumer,2020
28336,Consumer,2022
28337,Consumer,2021
28338,Consumer,2019
28339,Small Business,2022
28340,Enterprise,2025
28341,Consumer,2022
28342,Consumer,2023
28343,Enterprise,2021
28344,Enterprise,2019
28345,Small Business,2024
28346,Consumer,2021
28347,Consumer,2019
28348,Small Business,2021
28349,Consumer,2019
28350,Consumer,2025
28351,Enterprise,2025
28352,Small Business,2025
28353,Consumer,2024
28354,Consumer,2024
28355,Small Business,2022
28356,Consumer,2021
28357,Consumer,2019
28358,Consumer,2025
28359,Consumer,2019
28360,Small Business,2020
28361,Enterprise,2022
28362,Consumer,2023
28363,Consumer,2025
28364,Consumer,2022
28365,Consumer,2024
28366,Small Business,2022
28367,Consumer,2025
28368,Enterprise,2020
28369,Small Business,2021
28370,Consumer,2020
28371,Consumer,2020
28372,Enterprise,2024
28373,Consumer,2023
28374,Small Business,2023
28375,Consumer,2019
28376,Consumer,2025
28377,Consumer,2025
28378,Consumer,2023
28379,Consumer,2021
28380,Consumer,2019
28381,Consumer,2022
28382,Consumer,2019
28383,Consumer,2023
28384,Small Business,2024
28385,Small Business,2019
28386,Consumer,2020
28387,Enterprise,2023
28388,Consumer,2020
28389,Consumer,2024
28390,Consumer,2021
28391,Small Business,2023
28392,Consumer,2024
28393,Small Business,2023
28394,Consumer,2023
28395,Consumer,2023
28396,Consumer,2020
28397,Consumer,2021
28398,Consumer,2025
28399,Small Business,2021
28400,Consumer,2025
28401,Consumer,2023
28402,Consumer,2024
28403,Consumer,2020
28404,Small Business,2020
28405,Consumer,2021
28406,Consumer,2024
28407,Consumer,2023
28408,Consumer,2022
28409,Consumer,2020
28410,Consumer,2019
28411,Consumer,2019
28412,Consumer,2023
28413,Consumer,2025
28414,Consumer,2025
28415,Consumer,2024
28416,Consumer,2022
28417,Consumer,2024
28418,Consumer,2019
28419,Consumer,2021
28420,Consumer,2020
28421,Small Business,2025
28422,Consumer,2022
28423,Consumer,2025
28424,Consumer,2024
28425,Consumer,2024
28426,Small Business,2020
28427,Consumer,2019
28428,Consumer,2020
28429,Consumer,2024
28430,Consumer,2025
28431,Consumer,2023
28432,Consumer,2025
28433,Consumer,2019
28434,Consumer,2025
28435,Consumer,2019
28436,Consumer,2020
28437,Consumer,2024
28438,Consumer,2025
28439,Small Business,2020
28440,Consumer,2021
28441,Consumer,2024
28442,Consumer,2022
28443,Consumer,2021
28444,Consumer,2022
28445,Consumer,2021
28446,Consumer,2025
28447,Consumer,2022
28448,Consumer,2020
28449,Consumer,2025
28450,Consumer,2025
28451,Consumer,2019
28452,Small Business,2025
28453,Consumer,2025
28454,Consumer,2025
28455,Small Business,2019
28456,Consumer,2021
28457,Consumer,2025
28458,Consumer,2021
28459,Consumer,2022
28460,Consumer,2020
28461,Consumer,2021
28462,Consumer,2022
28463,Consumer,2021
28464,Consumer,2020
28465,Consumer,2019
28466,Consumer,2023
28467,Consumer,2019
28468,Consumer,2025
28469,Small Business,2019
28470,Small Business,2025
28471,Consumer,2022
28472,Consumer,2022
28473,Consumer,2024
28474,Consumer,2022
28475,Consumer,2019
28476,Consumer,2022
28477,Small Business,2022
28478,Consumer,2025
28479,Consumer,2022
28480,Consumer,2019
28481,Consumer,2021
28482,Consumer,2021
28483,Consumer,2020
28484,Small Business,2020
28485,Consumer,2019
28486,Small Business,2024
28487,Consumer,2021
28488,Consumer,2021
28489,Small Business,2022
28490,Consumer,2025
28491,Small Business,2023
28492,Enterprise,2025
28493,Consumer,2023
28494,Consumer,2025
28495,Consumer,2025
28496,Consumer,2022
28497,Small Business,2022
28498,Consumer,2025
28499,Consumer,2024
28500,Consumer,2021
28501,Consumer,2021
28502,Small Business,2021
28503,Consumer,2020
28504,Consumer,2022
28505,Consumer,2023
28506,Consumer,2023
28507,Consumer,2019
28508,Consumer,2019
28509,Consumer,2023
28510,Small Business,2022
28511,Consumer,2019
28512,Consumer,2025
28513,Consumer,2025
28514,Consumer,2019
28515,Consumer,2019
28516,Consumer,2019
28517,Consumer,2023
28518,Small Business,2025
28519,Consumer,2021
28520,Small Business,2024
28521,Small Business,2020
28522,Small Business,2019
28523,Consumer,2022
28524,Consumer,2022
28525,Small Business,2025
28526,Small Business,2021
28527,Small Business,2022
28528,Enterprise,2020
28529,Consumer,2021
28530,Consumer,2019
28531,Small Business,2021
28532,Consumer,2020
28533,Small Business,2021
28534,Small Business,2023
28535,Consumer,2024
28536,Consumer,2021
28537,Consumer,2025
28538,Small Business,2021
28539,Consumer,2019
28540,Consumer,2020
28541,Consumer,2020
28542,Small Business,2019
28543,Consumer,2023
28544,Consumer,2023
28545,Consumer,2021
28546,Consumer,2024
28547,Small Business,2020
28548,Consumer,2025
28549,Consumer,2021
28550,Consumer,2020
28551,Consumer,2024
28552,Consumer,2020
28553,Small Business,2025
28554,Consumer,2023
28555,Consumer,2020
28556,Consumer,2021
28557,Small Business,2025
28558,Consumer,2022
28559,Consumer,2022
28560,Consumer,2023
28561,Enterprise,2020
28562,Consumer,2021
28563,Consumer,2021
28564,Consumer,2021
28565,Consumer,2021
28566,Enterprise,2022
28567,Consumer,2024
28568,Consumer,2022
28569,Small Business,2019
28570,Consumer,2019
28571,Consumer,2019
28572,Consumer,2020
28573,Consumer,2024
28574,Enterprise,2023
28575,Small Business,2021
28576,Consumer,2019
28577,Small Business,2021
28578,Consumer,2020
28579,Consumer,2022
28580,Consumer,2022
28581,Small Business,2020
28582,Consumer,2022
28583,Consumer,2019
28584,Consumer,2019
28585,Consumer,2025
28586,Consumer,2025
28587,Consumer,2025
28588,Small Business,2019
28589,Enterprise,2023
28590,Consumer,2025
28591,Small Business,2021
28592,Small Business,2025
28593,Small Business,2025
28594,Consumer,2020
28595,Small Business,2025
28596,Consumer,2019
28597,Consumer,2020
28598,Small Business,2019
28599,Consumer,2025
28600,Small Business,2024
28601,Consumer,2020
28602,Consumer,2025
28603,Consumer,2019
28604,Small Business,2023
28605,Consumer,2025
28606,Small Business,2025
28607,Consumer,2020
28608,Consumer,2024
28609,Consumer,2023
28610,Enterprise,2022
28611,Small Business,2024
28612,Consumer,2025
28613,Consumer,2020
28614,Consumer,2022
28615,Small Business,2020
28616,Consumer,2021
28617,Consumer,2021
28618,Consumer,2024
28619,Enterprise,2023
28620,Consumer,2024
28621,Small Business,2023
28622,Consumer,2021
28623,Consumer,2023
28624,Consumer,2022
28625,Small Business,2022
28626,Consumer,2020
28627,Consumer,2020
28628,Consumer,2019
28629,Consumer,2020
28630,Consumer,2021
28631,Enterprise,2020
28632,Consumer,2022
28633,Small Business,2024
28634,Consumer,2020
28635,Small Business,2020
28636,Small Business,2020
28637,Consumer,2024
28638,Consumer,2019
28639,Small Business,2025
28640,Small Business,2025
28641,Consumer,2021
28642,Enterprise,2023
28643,Small Business,2020
28644,Consumer,2020
28645,Consumer,2023
28646,Consumer,2023
28647,Consumer,2021
28648,Small Business,2022
28649,Small Business,2022
28650,Consumer,2022
28651,Consumer,2020
28652,Consumer,2024
28653,Consumer,2023
28654,Consumer,2022
28655,Consumer,2022
28656,Consumer,2021
28657,Consumer,2021
28658,Small Business,2024
28659,Consumer,2019
28660,Consumer,2020
28661,Enterprise,2020
28662,Small Business,2025
28663,Consumer,2024
28664,Consumer,2025
28665,Consumer,2021
28666,Consumer,2021
28667,Consumer,2020
28668,Consumer,2024
28669,Consumer,2024
28670,Consumer,2025
28671,Enterprise,2020
28672,Small Business,2025
28673,Consumer,2025
28674,Consumer,2019
28675,Consumer,2021
28676,Consumer,2020
28677,Consumer,2025
28678,Small Business,2022
28679,Small Business,2019
28680,Small Business,2022
28681,Consumer,2020
28682,Small Business,2021
28683,Consumer,2023
28684,Consumer,2019
28685,Consumer,2025
28686,Consumer,2022
28687,Consumer,2023
28688,Small Business,2020
28689,Consumer,2024
28690,Enterprise,2022
28691,Consumer,2022
28692,Consumer,2020
28693,Consumer,2020
28694,Consumer,2022
28695,Small Business,2021
28696,Consumer,2023
28697,Consumer,2023
28698,Consumer,2021
28699,Small Business,2019
28700,Consumer,2020
28701,Consumer,2020
28702,Small Business,2021
28703,Consumer,2024
28704,Consumer,2020
28705,Consumer,2024
28706,Consumer,2019
28707,Consumer,2023
28708,Consumer,2023
28709,Consumer,2024
28710,Consumer,2023
28711,Consumer,2021
28712,Consumer,2021
28713,Consumer,2024
28714,Small Business,2025
28715,Small Business,2022
28716,Small Business,2024
28717,Consumer,2025
28718,Consumer,2025
28719,Consumer,2019
28720,Small Business,2022
28721,Consumer,2023
28722,Enterprise,2022
28723,Consumer,2023
28724,Consumer,2023
28725,Small Business,2020
28726,Consumer,2023
28727,Small Business,2023
28728,Consumer,2023
28729,Consumer,2023
28730,Consumer,2022
28731,Consumer,2021
28732,Small Business,2019
28733,Consumer,2024
28734,Consumer,2024
28735,Consumer,2025
28736,Small Business,2021
28737,Small Business,2020
28738,Consumer,2023
28739,Small Business,2023
28740,Small Business,2021
28741,Consumer,2021
28742,Enterprise,2022
28743,Consumer,2021
28744,Small Business,2023
28745,Consumer,2024
28746,Enterprise,2023
28747,Consumer,2023
28748,Consumer,2019
28749,Small Business,2021
28750,Consumer,2020
28751,Consumer,2024
28752,Consumer,2020
28753,Consumer,2025
28754,Consumer,2023
28755,Consumer,2020
28756,Consumer,2021
28757,Consumer,2019
28758,Small Business,2020
28759,Consumer,2023
28760,Consumer,2019
28761,Consumer,2022
28762,Small Business,2024
28763,Consumer,2020
28764,Consumer,2019
28765,Small Business,2023
28766,Consumer,2021
28767,Small Business,2021
28768,Consumer,2022
28769,Small Business,2023
28770,Consumer,2022
28771,Consumer,2021
28772,Consumer,2019
28773,Consumer,2025
28774,Small Business,2023
28775,Consumer,2023
28776,Consumer,2020
28777,Consumer,2019
28778,Small Business,2023
28779,Small Business,2025
28780,Consumer,2021
28781,Consumer,2019
28782,Small Business,2022
28783,Small Business,2025
28784,Consumer,2022
28785,Consumer,2021
28786,Small Business,2025
28787,Consumer,2020
28788,Enterprise,2021
28789,Small Business,2020
28790,Small Business,2020
28791,Small Business,2025
28792,Small Business,2021
28793,Consumer,2024
28794,Small Business,2022
28795,Consumer,2024
28796,Consumer,2019
28797,Consumer,2022
28798,Consumer,2025
28799,Consumer,2025
28800,Consumer,2020
28801,Consumer,2024
28802,Consumer,2025
28803,Consumer,2024
28804,Consumer,2021
28805,Consumer,2019
28806,Consumer,2022
28807,Small Business,2019
28808,Consumer,2023
28809,Consumer,2021
28810,Consumer,2019
28811,Consumer,2023
28812,Consumer,2021
28813,Small Business,2022
28814,Consumer,2020
28815,Enterprise,2022
28816,Consumer,2020
28817,Small Business,2020
28818,Consumer,2023
28819,Small Business,2024
28820,Small Business,2020
28821,Consumer,2020
28822,Consumer,2023
28823,Consumer,2022
28824,Consumer,2021
28825,Consumer,2025
28826,Enterprise,2025
28827,Consumer,2023
28828,Consumer,2025
28829,Consumer,2022
28830,Consumer,2019
28831,Small Business,2019
28832,Consumer,2024
28833,Consumer,2019
28834,Consumer,2020
28835,Enterprise,2023
28836,Consumer,2022
28837,Consumer,2020
28838,Consumer,2024
28839,Small Business,2024
28840,Consumer,2021
28841,Small Business,2020
28842,Enterprise,2024
28843,Consumer,2020
28844,Consumer,2020
28845,Enterprise,2025
28846,Consumer,2025
28847,Small Business,2025
28848,Small Business,2022
28849,Consumer,2024
28850,Consumer,2020
28851,Consumer,2025
28852,Consumer,2019
28853,Consumer,2024
28854,Small Business,2023
28855,Consumer,2025
28856,Small Business,2023
28857,Consumer,2020
28858,Consumer,2023
28859,Consumer,2024
28860,Consumer,2022
28861,Consumer,2023
28862,Small Business,2021
28863,Consumer,2020
28864,Consumer,2023
28865,Consumer,2022
28866,Consumer,2019
28867,Consumer,2024
28868,Consumer,2020
28869,Consumer,2019
28870,Consumer,2020
28871,Consumer,2025
28872,Consumer,2024
28873,Consumer,2021
28874,Small Business,2022
28875,Consumer,2022
28876,Consumer,2019
28877,Small Business,2021
28878,Consumer,2025
28879,Small Business,2023
28880,Small Business,2021
28881,Consumer,2025
28882,Small Business,2019
28883,Consumer,2025
28884,Small Business,2021
28885,Consumer,2022
28886,Consumer,2025
28887,Consumer,2025
28888,Consumer,2024
28889,Consumer,2022
28890,Consumer,2023
28891,Consumer,2025
28892,Consumer,2024
28893,Consumer,2021
28894,Consumer,2022
28895,Consumer,2024
28896,Consumer,2024
28897,Consumer,2021
28898,Consumer,2024
28899,Small Business,2022
28900,Consumer,2021
28901,Consumer,2022
28902,Small Business,2022
28903,Consumer,2019
28904,Consumer,2020
28905,Consumer,2019
28906,Small Business,2023
28907,Consumer,2021
28908,Consumer,2019
28909,Consumer,2023
28910,Consumer,2022
28911,Consumer,2023
28912,Enterprise,2025
28913,Enterprise,2025
28914,Consumer,2022
28915,Small Business,2019
28916,Small Business,2019
28917,Enterprise,2019
28918,Small Business,2019
28919,Small Business,2023
28920,Consumer,2025
28921,Consumer,2024
28922,Consumer,2023
28923,Consumer,2021
28924,Small Business,2023
28925,Enterprise,2022
28926,Small Business,2021
28927,Small Business,2019
28928,Consumer,2022
28929,Consumer,2021
28930,Consumer,2022
28931,Consumer,2022
28932,Small Business,2024
28933,Consumer,2025
28934,Consumer,2022
28935,Consumer,2021
28936,Consumer,2021
28937,Small Business,2025
28938,Small Business,2022
28939,Consumer,2025
28940,Small Business,2023
28941,Consumer,2023
28942,Consumer,2019
28943,Consumer,2024
28944,Small Business,2022
28945,Small Business,2019
28946,Consumer,2021
28947,Small Business,2022
28948,Small Business,2025
28949,Enterprise,2023
28950,Consumer,2021
28951,Consumer,2025
28952,Consumer,2023
28953,Small Business,2025
28954,Consumer,2022
28955,Consumer,2024
28956,Enterprise,2024
28957,Consumer,2024
28958,Consumer,2025
28959,Enterprise,2022
28960,Consumer,2019
28961,Consumer,2021
28962,Consumer,2019
28963,Consumer,2020
28964,Consumer,2023
28965,Consumer,2019
28966,Consumer,2023
28967,Consumer,2023
28968,Small Business,2022
28969,Consumer,2023
28970,Small Business,2022
28971,Enterprise,2023
28972,Small Business,2024
28973,Consumer,2023
28974,Consumer,2023
28975,Consumer,2024
28976,Consumer,2021
28977,Consumer,2025
28978,Enterprise,2021
28979,Consumer,2019
28980,Consumer,2025
28981,Small Business,2024
28982,Enterprise,2021
28983,Small Business,2020
28984,Consumer,2020
28985,Consumer,2023
28986,Consumer,2025
28987,Consumer,2021
28988,Consumer,2023
28989,Small Business,2021
28990,Consumer,2022
28991,Enterprise,2023
28992,Consumer,2024
28993,Consumer,2024
28994,Small Business,2020
28995,Consumer,2019
28996,Consumer,2022
28997,Consumer,2021
28998,Consumer,2020
28999,Consumer,2020
29000,Small Business,2025
29001,Consumer,2019
29002,Enterprise,2019
29003,Small Business,2021
29004,Small Business,2020
29005,Small Business,2019
29006,Consumer,2020
29007,Consumer,2021
29008,Small Business,2022
29009,Consumer,2022
29010,Consumer,2019
29011,Consumer,2025
29012,Consumer,2022
29013,Consumer,2021
29014,Enterprise,2024
29015,Consumer,2025
29016,Consumer,2019
29017,Consumer,2022
29018,Consumer,2025
29019,Consumer,2020
29020,Consumer,2024
29021,Small Business,2023
29022,Consumer,2019
29023,Consumer,2025
29024,Consumer,2019
29025,Consumer,2023
29026,Consumer,2023
29027,Consumer,2024
29028,Consumer,2021
29029,Consumer,2019
29030,Consumer,2022
29031,Consumer,2024
29032,Consumer,2022
29033,Consumer,2019
29034,Small Business,2023
29035,Consumer,2021
29036,Small Business,2024
29037,Consumer,2025
29038,Consumer,2024
29039,Consumer,2025
29040,Enterprise,2023
29041,Consumer,2024
29042,Small Business,2019
29043,Small Business,2020
29044,Consumer,2019
29045,Consumer,2024
29046,Consumer,2023
29047,Small Business,2025
29048,Consumer,2023
29049,Enterprise,2025
29050,Consumer,2024
29051,Small Business,2023
29052,Consumer,2022
29053,Consumer,2019
29054,Consumer,2023
29055,Small Business,2022
29056,Consumer,2025
29057,Consumer,2025
29058,Consumer,2021
29059,Consumer,2020
29060,Consumer,2020
29061,Small Business,2022
29062,Consumer,2025
29063,Small Business,2025
29064,Small Business,2025
29065,Enterprise,2020
29066,Consumer,2019
29067,Consumer,2023
29068,Consumer,2021
29069,Consumer,2022
29070,Consumer,2024
29071,Small Business,2025
29072,Consumer,2020
29073,Consumer,2023
29074,Consumer,2019
29075,Small Business,2022
29076,Consumer,2019
29077,Small Business,2024
29078,Consumer,2022
29079,Consumer,2020
29080,Enterprise,2020
29081,Consumer,2023
29082,Consumer,2020
29083,Small Business,2021
29084,Consumer,2019
29085,Consumer,2021
29086,Enterprise,2024
29087,Consumer,2019
29088,Enterprise,2024
29089,Small Business,2020
29090,Consumer,2024
29091,Consumer,2019
29092,Consumer,2019
29093,Consumer,2025
29094,Consumer,2025
29095,Small Business,2020
29096,Enterprise,2025
29097,Enterprise,2024
29098,Enterprise,2020
29099,Consumer,2024
29100,Consumer,2025
29101,Consumer,2021
29102,Consumer,2022
29103,Enterprise,2021
29104,Small Business,2019
29105,Small Business,2025
29106,Consumer,2023
29107,Consumer,2020
29108,Consumer,2022
29109,Consumer,2024
29110,Consumer,2025
29111,Small Business,2024
29112,Consumer,2021
29113,Consumer,2025
29114,Small Business,2024
29115,Consumer,2022
29116,Consumer,2024
29117,Small Business,2025
29118,Enterprise,2019
29119,Consumer,2023
29120,Consumer,2023
29121,Consumer,2025
29122,Consumer,2022
29123,Consumer,2021
29124,Consumer,2020
29125,Consumer,2021
29126,Consumer,2021
29127,Consumer,2024
29128,Consumer,2025
29129,Small Business,2022
29130,Consumer,2023
29131,Consumer,2024
29132,Consumer,2023
29133,Consumer,2024
29134,Consumer,2019
29135,Small Business,2022
29136,Consumer,2023
29137,Consumer,2022
29138,Consumer,2024
29139,Small Business,2021
29140,Consumer,2025
29141,Consumer,2019
29142,Consumer,2024
29143,Small Business,2024
29144,Small Business,2019
29145,Consumer,2020
29146,Consumer,2025
29147,Small Business,2023
29148,Consumer,2024
29149,Consumer,2024
29150,Small Business,2019
29151,Consumer,2024
29152,Consumer,2023
29153,Consumer,2020
29154,Consumer,2021
29155,Consumer,2021
29156,Consumer,2023
29157,Consumer,2020
29158,Consumer,2020
29159,Consumer,2022
29160,Consumer,2024
29161,Consumer,2022
29162,Consumer,2020
29163,Consumer,2019
29164,Consumer,2024
29165,Consumer,2022
29166,Enterprise,2019
29167,Consumer,2021
29168,Small Business,2019
29169,Consumer,2020
29170,Small Business,2019
29171,Consumer,2025
29172,Small Business,2021
29173,Enterprise,2020
29174,Consumer,2023
29175,Small Business,2025
29176,Consumer,2022
29177,Small Business,2020
29178,Consumer,2022
29179,Consumer,2023
29180,Small Business,2025
29181,Consumer,2019
29182,Consumer,2022
29183,Consumer,2019
29184,Consumer,2022
29185,Small Business,2019
29186,Small Business,2021
29187,Small Business,2022
29188,Consumer,2025
29189,Consumer,2020
29190,Enterprise,2020
29191,Consumer,2023
29192,Consumer,2020
29193,Small Business,2019
29194,Small Business,2022
29195,Small Business,2020
29196,Consumer,2023
29197,Consumer,2019
29198,Consumer,2019
29199,Consumer,2020
29200,Consumer,2024
29201,Consumer,2022
29202,Consumer,2020
29203,Consumer,2023
29204,Consumer,2023
29205,Consumer,2022
29206,Consumer,2020
29207,Consumer,2021
29208,Small Business,2025
29209,Consumer,2023
29210,Small Business,2021
29211,Consumer,2025
29212,Consumer,2020
29213,Consumer,2020
29214,Consumer,2019
29215,Consumer,2019
29216,Consumer,2021
29217,Consumer,2019
29218,Small Business,2021
29219,Consumer,2019
29220,Consumer,2019
29221,Small Business,2023
29222,Consumer,2022
29223,Consumer,2024
29224,Consumer,2022
29225,Consumer,2025
29226,Consumer,2022
29227,Small Business,2020
29228,Consumer,2019
29229,Consumer,2022
29230,Small Business,2021
29231,Consumer,2022
29232,Enterprise,2025
29233,Small Business,2019
29234,Consumer,2021
29235,Consumer,2019
29236,Consumer,2024
29237,Consumer,2022
29238,Consumer,2019
29239,Consumer,2024
29240,Consumer,2019
29241,Consumer,2024
29242,Small Business,2025
29243,Consumer,2022
29244,Consumer,2023
29245,Consumer,2019
29246,Consumer,2023
29247,Consumer,2020
29248,Consumer,2021
29249,Consumer,2022
29250,Consumer,2024
29251,Consumer,2024
29252,Consumer,2025
29253,Consumer,2024
29254,Small Business,2019
29255,Consumer,2023
29256,Consumer,2020
29257,Small Business,2025
29258,Consumer,2025
29259,Consumer,2021
29260,Consumer,2019
29261,Consumer,2025
29262,Consumer,2021
29263,Consumer,2024
29264,Enterprise,2019
29265,Consumer,2020
29266,Consumer,2021
29267,Enterprise,2019
29268,Consumer,2022
29269,Enterprise,2025
29270,Enterprise,2020
29271,Enterprise,2021
29272,Consumer,2019
29273,Consumer,2023
29274,Small Business,2021
29275,Consumer,2022
29276,Consumer,2022
29277,Consumer,2023
29278,Consumer,2024
29279,Small Business,2025
29280,Enterprise,2024
29281,Consumer,2024
29282,Consumer,2019
29283,Consumer,2019
29284,Consumer,2022
29285,Consumer,2019
29286,Consumer,2024
29287,Consumer,2025
29288,Small Business,2023
29289,Consumer,2022
29290,Consumer,2024
29291,Small Business,2022
29292,Consumer,2025
29293,Consumer,2024
29294,Consumer,2021
29295,Consumer,2023
29296,Consumer,2019
29297,Small Business,2019
29298,Consumer,2019
29299,Consumer,2025
29300,Consumer,2019
29301,Consumer,2020
29302,Consumer,2023
29303,Small Business,2020
29304,Consumer,2019
29305,Small Business,2023
29306,Small Business,2025
29307,Small Business,2019
29308,Small Business,2023
29309,Consumer,2022
29310,Consumer,2025
29311,Consumer,2025
29312,Consumer,2022
29313,Consumer,2025
29314,Consumer,2020
29315,Consumer,2023
29316,Enterprise,2020
29317,Consumer,2019
29318,Consumer,2024
29319,Consumer,2022
29320,Consumer,2019
29321,Consumer,2024
29322,Consumer,2025
29323,Consumer,2021
29324,Consumer,2019
29325,Consumer,2021
29326,Consumer,2023
29327,Consumer,2019
29328,Consumer,2021
29329,Consumer,2020
29330,Small Business,2023
29331,Consumer,2020
29332,Consumer,2024
29333,Enterprise,2021
29334,Consumer,2019
29335,Consumer,2020
29336,Small Business,2025
29337,Small Business,2024
29338,Consumer,2023
29339,Consumer,2020
29340,Small Business,2021
29341,Consumer,2022
29342,Consumer,2025
29343,Small Business,2021
29344,Small Business,2024
29345,Consumer,2021
29346,Consumer,2020
29347,Consumer,2024
29348,Small Business,2019
29349,Small Business,2024
29350,Small Business,2025
29351,Consumer,2020
29352,Enterprise,2023
29353,Consumer,2020
29354,Consumer,2022
29355,Small Business,2022
29356,Consumer,2019
29357,Consumer,2020
29358,Consumer,2022
29359,Small Business,2024
29360,Consumer,2020
29361,Consumer,2024
29362,Consumer,2020
29363,Small Business,2019
29364,Small Business,2021
29365,Consumer,2019
29366,Small Business,2019
29367,Consumer,2021
29368,Consumer,2023
29369,Consumer,2025
29370,Consumer,2023
29371,Consumer,2023
29372,Consumer,2023
29373,Consumer,2022
29374,Small Business,2019
29375,Consumer,2021
29376,Small Business,2020
29377,Small Business,2022
29378,Consumer,2024
29379,Small Business,2021
29380,Consumer,2023
29381,Consumer,2023
29382,Consumer,2019
29383,Consumer,2024
29384,Consumer,2024
29385,Small Business,2025
29386,Small Business,2021
29387,Consumer,2025
29388,Consumer,2020
29389,Small Business,2021
29390,Enterprise,2024
29391,Consumer,2022
29392,Small Business,2021
29393,Consumer,2023
29394,Consumer,2022
29395,Small Business,2019
29396,Consumer,2025
29397,Consumer,2024
29398,Consumer,2020
29399,Consumer,2020
29400,Consumer,2022
29401,Consumer,2022
29402,Consumer,2019
29403,Consumer,2021
29404,Consumer,2025
29405,Consumer,2020
29406,Small Business,2021
29407,Consumer,2024
29408,Consumer,2025
29409,Small Business,2020
29410,Small Business,2021
29411,Small Business,2024
29412,Enterprise,2024
29413,Consumer,2021
29414,Small Business,2024
29415,Consumer,2021
29416,Consumer,2020
29417,Consumer,2025
29418,Small Business,2023
29419,Consumer,2024
29420,Small Business,2020
29421,Consumer,2019
29422,Small Business,2019
29423,Consumer,2023
29424,Consumer,2021
29425,Consumer,2022
29426,Consumer,2023
29427,Small Business,2024
29428,Consumer,2020
29429,Consumer,2023
29430,Consumer,2023
29431,Consumer,2022
29432,Consumer,2024
29433,Consumer,2021
29434,Consumer,2021
29435,Small Business,2021
29436,Consumer,2019
29437,Consumer,2019
29438,Consumer,2023
29439,Consumer,2025
29440,Consumer,2019
29441,Consumer,2020
29442,Small Business,2019
29443,Consumer,2020
29444,Small Business,2019
29445,Small Business,2025
29446,Consumer,2020
29447,Consumer,2025
29448,Small Business,2023
29449,Consumer,2021
29450,Small Business,2021
29451,Consumer,2019
29452,Consumer,2025
29453,Small Business,2024
29454,Small Business,2024
29455,Consumer,2019
29456,Consumer,2025
29457,Consumer,2020
29458,Consumer,2023
29459,Small Business,2023
29460,Consumer,2019
29461,Consumer,2021
29462,Consumer,2020
29463,Small Business,2020
29464,Consumer,2020
29465,Consumer,2019
29466,Small Business,2023
29467,Small Business,2024
29468,Consumer,2023
29469,Consumer,2022
29470,Enterprise,2020
29471,Consumer,2023
29472,Consumer,2023
29473,Consumer,2020
29474,Small Business,2020
29475,Small Business,2025
29476,Consumer,2023
29477,Consumer,2022
29478,Consumer,2021
29479,Consumer,2020
29480,Small Business,2020
29481,Consumer,2025
29482,Consumer,2022
29483,Consumer,2022
29484,Consumer,2025
29485,Consumer,2023
29486,Consumer,2023
29487,Consumer,2020
29488,Consumer,2021
29489,Consumer,2019
29490,Consumer,2022
29491,Consumer,2020
29492,Consumer,2022
29493,Consumer,2021
29494,Small Business,2019
29495,Consumer,2022
29496,Consumer,2023
29497,Consumer,2024
29498,Consumer,2020
29499,Consumer,2021
29500,Consumer,2022
29501,Consumer,2024
29502,Consumer,2019
29503,Consumer,2022
29504,Consumer,2024
29505,Consumer,2019
29506,Consumer,2019
29507,Consumer,2019
29508,Consumer,2021
29509,Enterprise,2019
29510,Small Business,2021
29511,Consumer,2021
29512,Enterprise,2024
29513,Consumer,2021
29514,Consumer,2025
29515,Enterprise,2020
29516,Small Business,2020
29517,Consumer,2024
29518,Consumer,2019
29519,Enterprise,2021
29520,Consumer,2023
29521,Consumer,2025
29522,Consumer,2020
29523,Enterprise,2020
29524,Consumer,2019
29525,Consumer,2021
29526,Consumer,2020
29527,Consumer,2021
29528,Consumer,2020
29529,Consumer,2025
29530,Small Business,2022
29531,Small Business,2022
29532,Consumer,2022
29533,Small Business,2023
29534,Consumer,2021
29535,Consumer,2020
29536,Consumer,2021
29537,Consumer,2021
29538,Consumer,2020
29539,Consumer,2020
29540,Consumer,2025
29541,Consumer,2022
29542,Consumer,2022
29543,Consumer,2025
29544,Enterprise,2024
29545,Consumer,2020
29546,Enterprise,2025
29547,Consumer,2021
29548,Consumer,2022
29549,Consumer,2025
29550,Small Business,2025
29551,Small Business,2025
29552,Small Business,2020
29553,Consumer,2019
29554,Consumer,2021
29555,Consumer,2020
29556,Enterprise,2023
29557,Consumer,2020
29558,Consumer,2020
29559,Consumer,2024
29560,Small Business,2023
29561,Small Business,2024
29562,Consumer,2025
29563,Consumer,2025
29564,Consumer,2025
29565,Consumer,2023
29566,Enterprise,2022
29567,Consumer,2023
29568,Enterprise,2024
29569,Consumer,2025
29570,Small Business,2023
29571,Consumer,2023
29572,Small Business,2021
29573,Consumer,2024
29574,Small Business,2021
29575,Small Business,2021
29576,Consumer,2023
29577,Small Business,2023
29578,Consumer,2021
29579,Consumer,2019
29580,Consumer,2024
29581,Consumer,2019
29582,Small Business,2019
29583,Small Business,2019
29584,Consumer,2024
29585,Consumer,2024
29586,Consumer,2022
29587,Consumer,2019
29588,Small Business,2019
29589,Consumer,2022
29590,Consumer,2024
29591,Consumer,2023
29592,Consumer,2022
29593,Consumer,2022
29594,Consumer,2024
29595,Consumer,2020
29596,Small Business,2019
29597,Consumer,2021
29598,Small Business,2020
29599,Consumer,2020
29600,Consumer,2025
29601,Consumer,2022
29602,Consumer,2022
29603,Small Business,2024
29604,Small Business,2021
29605,Consumer,2023
29606,Consumer,2022
29607,Consumer,2023
29608,Consumer,2021
29609,Consumer,2025
29610,Consumer,2025
29611,Consumer,2019
29612,Consumer,2020
29613,Consumer,2024
29614,Consumer,2022
29615,Consumer,2024
29616,Small Business,2021
29617,Consumer,2023
29618,Consumer,2020
29619,Consumer,2025
29620,Consumer,2023
29621,Consumer,2023
29622,Consumer,2019
29623,Consumer,2025
29624,Small Business,2020
29625,Small Business,2019
29626,Consumer,2022
29627,Consumer,2025
29628,Small Business,2021
29629,Consumer,2019
29630,Enterprise,2025
29631,Consumer,2023
29632,Enterprise,2023
29633,Consumer,2022
29634,Consumer,2019
29635,Consumer,2023
29636,Consumer,2020
29637,Consumer,2020
29638,Consumer,2023
29639,Consumer,2022
29640,Enterprise,2020
29641,Enterprise,2019
29642,Small Business,2020
29643,Enterprise,2019
29644,Small Business,2025
29645,Small Business,2019
29646,Consumer,2023
29647,Consumer,2021
29648,Small Business,2021
29649,Consumer,2019
29650,Consumer,2019
29651,Consumer,2025
29652,Consumer,2024
29653,Consumer,2020
29654,Small Business,2023
29655,Consumer,2025
29656,Consumer,2021
29657,Consumer,2025
29658,Consumer,2022
29659,Consumer,2022
29660,Consumer,2025
29661,Consumer,2022
29662,Enterprise,2019
29663,Consumer,2020
29664,Enterprise,2024
29665,Small Business,2023
29666,Small Business,2025
29667,Small Business,2020
29668,Consumer,2022
29669,Consumer,2021
29670,Consumer,2025
29671,Consumer,2024
29672,Consumer,2020
29673,Consumer,2024
29674,Small Business,2024
29675,Consumer,2021
29676,Consumer,2021
29677,Consumer,2020
29678,Consumer,2021
29679,Consumer,2019
29680,Small Business,2023
29681,Consumer,2022
29682,Small Business,2023
29683,Consumer,2025
29684,Consumer,2021
29685,Consumer,2019
29686,Consumer,2021
29687,Consumer,2021
29688,Consumer,2022
29689,Consumer,2024
29690,Consumer,2025
29691,Consumer,2023
29692,Small Business,2024
29693,Consumer,2021
29694,Consumer,2021
29695,Consumer,2025
29696,Consumer,2021
29697,Small Business,2021
29698,Consumer,2025
29699,Consumer,2024
29700,Consumer,2024
29701,Consumer,2024
29702,Consumer,2023
29703,Consumer,2022
29704,Enterprise,2023
29705,Consumer,2019
29706,Consumer,2019
29707,Consumer,2025
29708,Consumer,2019
29709,Consumer,2023
29710,Enterprise,2021
29711,Small Business,2024
29712,Consumer,2022
29713,Small Business,2021
29714,Small Business,2023
29715,Consumer,2025
29716,Small Business,2024
29717,Consumer,2020
29718,Small Business,2025
29719,Consumer,2025
29720,Consumer,2020
29721,Small Business,2023
29722,Consumer,2024
29723,Enterprise,2023
29724,Consumer,2025
29725,Consumer,2020
29726,Small Business,2020
29727,Consumer,2025
29728,Consumer,2019
29729,Consumer,2019
29730,Small Business,2025
29731,Consumer,2024
29732,Consumer,2019
29733,Consumer,2024
29734,Consumer,2024
29735,Small Business,2025
29736,Consumer,2021
29737,Consumer,2021
29738,Consumer,2021
29739,Consumer,2023
29740,Consumer,2025
29741,Consumer,2025
29742,Small Business,2021
29743,Enterprise,2019
29744,Consumer,2021
29745,Small Business,2022
29746,Consumer,2019
29747,Consumer,2025
29748,Consumer,2020
29749,Consumer,2023
29750,Consumer,2021
29751,Small Business,2023
29752,Consumer,2023
29753,Consumer,2025
29754,Consumer,2019
29755,Enterprise,2020
29756,Consumer,2021
29757,Enterprise,2025
29758,Enterprise,2021
29759,Consumer,2022
29760,Consumer,2024
29761,Consumer,2025
29762,Consumer,2020
29763,Consumer,2023
29764,Small Business,2025
29765,Enterprise,2020
29766,Consumer,2025
29767,Consumer,2021
29768,Consumer,2020
29769,Consumer,2024
29770,Consumer,2021
29771,Small Business,2021
29772,Consumer,2024
29773,Consumer,2020
29774,Consumer,2020
29775,Consumer,2024
29776,Enterprise,2024
29777,Small Business,2020
29778,Consumer,2025
29779,Consumer,2019
29780,Small Business,2023
29781,Consumer,2021
29782,Consumer,2020
29783,Enterprise,2024
29784,Consumer,2019
29785,Consumer,2020
29786,Consumer,2021
29787,Consumer,2023
29788,Small Business,2020
29789,Consumer,2019
29790,Consumer,2024
29791,Consumer,2019
29792,Small Business,2022
29793,Consumer,2023
29794,Consumer,2023
29795,Consumer,2019
29796,Consumer,2023
29797,Consumer,2019
29798,Consumer,2019
29799,Consumer,2020
29800,Consumer,2023
29801,Consumer,2020
29802,Consumer,2024
29803,Small Business,2019
29804,Consumer,2022
29805,Consumer,2022
29806,Consumer,2023
29807,Consumer,2021
29808,Consumer,2020
29809,Consumer,2024
29810,Consumer,2023
29811,Consumer,2023
29812,Consumer,2025
29813,Consumer,2025
29814,Consumer,2023
29815,Enterprise,2022
29816,Consumer,2019
29817,Consumer,2020
29818,Consumer,2021
29819,Small Business,2021
29820,Consumer,2025
29821,Enterprise,2019
29822,Consumer,2023
29823,Consumer,2022
29824,Consumer,2021
29825,Consumer,2024
29826,Consumer,2023
29827,Small Business,2024
29828,Small Business,2020
29829,Consumer,2020
29830,Consumer,2025
29831,Consumer,2025
29832,Small Business,2021
29833,Consumer,2021
29834,Consumer,2020
29835,Consumer,2019
29836,Small Business,2019
29837,Consumer,2019
29838,Consumer,2019
29839,Enterprise,2021
29840,Small Business,2023
29841,Consumer,2023
29842,Small Business,2023
29843,Consumer,2023
29844,Consumer,2023
29845,Consumer,2021
29846,Consumer,2021
29847,Consumer,2021
29848,Consumer,2024
29849,Consumer,2022
29850,Small Business,2024
29851,Consumer,2021
29852,Consumer,2023
29853,Consumer,2023
29854,Small Business,2023
29855,Consumer,2019
29856,Enterprise,2020
29857,Small Business,2023
29858,Small Business,2025
29859,Small Business,2022
29860,Consumer,2019
29861,Small Business,2025
29862,Consumer,2024
29863,Consumer,2024
29864,Consumer,2021
29865,Small Business,2023
29866,Consumer,2019
29867,Small Business,2019
29868,Enterprise,2019
29869,Consumer,2021
29870,Consumer,2025
29871,Consumer,2019
29872,Consumer,2022
29873,Consumer,2024
29874,Consumer,2022
29875,Consumer,2019
29876,Consumer,2025
29877,Consumer,2025
29878,Consumer,2022
29879,Consumer,2024
29880,Small Business,2024
29881,Consumer,2023
29882,Consumer,2024
29883,Consumer,2023
29884,Consumer,2024
29885,Small Business,2019
29886,Consumer,2019
29887,Consumer,2020
29888,Small Business,2025
29889,Small Business,2021
29890,Consumer,2023
29891,Consumer,2023
29892,Consumer,2021
29893,Consumer,2023
29894,Small Business,2024
29895,Consumer,2025
29896,Consumer,2019
29897,Consumer,2021
29898,Small Business,2020
29899,Consumer,2022
29900,Small Business,2023
29901,Consumer,2020
29902,Small Business,2023
29903,Small Business,2019
29904,Small Business,2022
29905,Small Business,2025
29906,Enterprise,2023
29907,Small Business,2024
29908,Consumer,2025
29909,Consumer,2022
29910,Consumer,2019
29911,Consumer,2023
29912,Consumer,2021
29913,Consumer,2025
29914,Enterprise,2021
29915,Consumer,2022
29916,Consumer,2025
29917,Consumer,2024
29918,Consumer,2020
29919,Consumer,2025
29920,Consumer,2021
29921,Consumer,2023
29922,Small Business,2025
29923,Consumer,2025
29924,Consumer,2023
29925,Consumer,2024
29926,Consumer,2019
29927,Consumer,2025
29928,Small Business,2025
29929,Consumer,2020
29930,Consumer,2019
29931,Consumer,2025
29932,Consumer,2022
29933,Consumer,2020
29934,Consumer,2020
29935,Small Business,2023
29936,Consumer,2023
29937,Consumer,2023
29938,Consumer,2020
29939,Consumer,2024
29940,Consumer,2024
29941,Consumer,2019
29942,Small Business,2022
29943,Small Business,2023
29944,Consumer,2021
29945,Consumer,2023
29946,Consumer,2025
29947,Small Business,2025
29948,Consumer,2024
29949,Small Business,2023
29950,Consumer,2022
29951,Consumer,2019
29952,Consumer,2022
29953,Consumer,2024
29954,Consumer,2022
29955,Consumer,2025
29956,Consumer,2022
29957,Enterprise,2019
29958,Consumer,2025
29959,Small Business,2022
29960,Enterprise,2019
29961,Consumer,2023
29962,Consumer,2021
29963,Consumer,2024
29964,Small Business,2024
29965,Small Business,2025
29966,Enterprise,2025
29967,Consumer,2024
29968,Small Business,2020
29969,Consumer,2024
29970,Consumer,2019
29971,Consumer,2022
29972,Consumer,2024
29973,Consumer,2025
29974,Consumer,2025
29975,Enterprise,2019
29976,Consumer,2024
29977,Small Business,2019
29978,Consumer,2022
29979,Consumer,2021
29980,Consumer,2020
29981,Small Business,2024
29982,Small Business,2025
29983,Consumer,2021
29984,Consumer,2024
29985,Consumer,2024
29986,Consumer,2023
29987,Consumer,2021
29988,Small Business,2025
29989,Consumer,2023
29990,Consumer,2025
29991,Consumer,2020
29992,Small Business,2019
29993,Consumer,2023
29994,Consumer,2019
29995,Small Business,2020
29996,Consumer,2020
29997,Consumer,2020
29998,Consumer,2025
29999,Small Business,2025
30000,Consumer,2022
30001,Consumer,2023
30002,Consumer,2023
30003,Consumer,2025
30004,Consumer,2021
30005,Consumer,2023
30006,Consumer,2021
30007,Consumer,2022
30008,Enterprise,2021
30009,Consumer,2024
30010,Consumer,2025
30011,Consumer,2025
30012,Consumer,2021
30013,Small Business,2019
30014,Enterprise,2024
30015,Consumer,2019
30016,Consumer,2020
30017,Consumer,2025
30018,Small Business,2021
30019,Consumer,2022
30020,Consumer,2020
30021,Consumer,2020
30022,Consumer,2021
30023,Consumer,2020
30024,Consumer,2023
30025,Consumer,2023
30026,Consumer,2019
30027,Consumer,2025
30028,Consumer,2022
30029,Small Business,2024
30030,Consumer,2019
30031,Consumer,2021
30032,Consumer,2025
30033,Small Business,2025
30034,Small Business,2019
30035,Consumer,2023
30036,Consumer,2024
30037,Small Business,2019
30038,Small Business,2025
30039,Consumer,2020
30040,Consumer,2025
30041,Consumer,2019
30042,Small Business,2023
30043,Consumer,2020
30044,Enterprise,2023
30045,Consumer,2024
30046,Consumer,2022
30047,Small Business,2024
30048,Small Business,2024
30049,Small Business,2021
30050,Consumer,2025
30051,Enterprise,2019
30052,Enterprise,2022
30053,Enterprise,2024
30054,Consumer,2024
30055,Small Business,2021
30056,Consumer,2025
30057,Consumer,2025
30058,Consumer,2019
30059,Consumer,2019
30060,Enterprise,2023
30061,Consumer,2020
30062,Consumer,2019
30063,Small Business,2024
30064,Consumer,2022
30065,Consumer,2025
30066,Consumer,2024
30067,Consumer,2023
30068,Consumer,2021
30069,Small Business,2024
30070,Consumer,2019
30071,Consumer,2021
30072,Consumer,2024
30073,Small Business,2023
30074,Consumer,2020
30075,Small Business,2024
30076,Consumer,2022
30077,Consumer,2024
30078,Consumer,2020
30079,Consumer,2019
30080,Consumer,2025
30081,Consumer,2025
30082,Consumer,2021
30083,Consumer,2025
30084,Consumer,2024
30085,Consumer,2020
30086,Consumer,2021
30087,Small Business,2022
30088,Small Business,2021
30089,Small Business,2021
30090,Consumer,2020
30091,Small Business,2023
30092,Small Business,2021
30093,Consumer,2025
30094,Consumer,2025
30095,Consumer,2019
30096,Small Business,2023
30097,Consumer,2023
30098,Consumer,2019
30099,Consumer,2024
30100,Consumer,2022
30101,Consumer,2024
30102,Consumer,2022
30103,Consumer,2021
30104,Consumer,2023
30105,Enterprise,2024
30106,Consumer,2024
30107,Consumer,2022
30108,Consumer,2022
30109,Consumer,2025
30110,Small Business,2025
30111,Enterprise,2021
30112,Consumer,2023
30113,Consumer,2020
30114,Consumer,2021
30115,Consumer,2022
30116,Consumer,2021
30117,Consumer,2025
30118,Consumer,2025
30119,Consumer,2019
30120,Small Business,2020
30121,Consumer,2020
30122,Small Business,2019
30123,Small Business,2022
30124,Consumer,2024
30125,Small Business,2024
30126,Consumer,2021
30127,Consumer,2021
30128,Consumer,2020
30129,Consumer,2025
30130,Consumer,2024
30131,Consumer,2021
30132,Small Business,2020
30133,Small Business,2022
30134,Consumer,2024
30135,Consumer,2020
30136,Consumer,2021
30137,Small Business,2020
30138,Consumer,2023
30139,Small Business,2025
30140,Consumer,2024
30141,Consumer,2024
30142,Consumer,2020
30143,Consumer,2025
30144,Consumer,2024
30145,Small Business,2021
30146,Consumer,2023
30147,Consumer,2019
30148,Consumer,2025
30149,Consumer,2019
30150,Consumer,2019
30151,Small Business,2023
30152,Enterprise,2024
30153,Consumer,2024
30154,Consumer,2025
30155,Consumer,2019
30156,Consumer,2023
30157,Consumer,2021
30158,Consumer,2025
30159,Consumer,2021
30160,Enterprise,2021
30161,Small Business,2021
30162,Consumer,2023
30163,Enterprise,2025
30164,Small Business,2022
30165,Consumer,2021
30166,Small Business,2021
30167,Enterprise,2023
30168,Consumer,2023
30169,Small Business,2020
30170,Consumer,2021
30171,Consumer,2025
30172,Small Business,2025
30173,Consumer,2021
30174,Consumer,2024
30175,Consumer,2019
30176,Small Business,2025
30177,Small Business,2021
30178,Consumer,2023
30179,Consumer,2023
30180,Consumer,2024
30181,Consumer,2025
30182,Consumer,2021
30183,Small Business,2022
30184,Consumer,2023
30185,Consumer,2023
30186,Small Business,2021
30187,Consumer,2021
30188,Consumer,2023
30189,Consumer,2025
30190,Consumer,2019
30191,Small Business,2020
30192,Consumer,2024
30193,Small Business,2023
30194,Consumer,2021
30195,Consumer,2021
30196,Consumer,2025
30197,Small Business,2025
30198,Enterprise,2025
30199,Consumer,2021
30200,Consumer,2023
30201,Consumer,2025
30202,Consumer,2020
30203,Small Business,2020
30204,Consumer,2023
30205,Consumer,2020
30206,Consumer,2024
30207,Consumer,2025
30208,Small Business,2022
30209,Consumer,2025
30210,Small Business,2023
30211,Consumer,2021
30212,Small Business,2025
30213,Consumer,2023
30214,Consumer,2019
30215,Consumer,2025
30216,Consumer,2022
30217,Enterprise,2021
30218,Small Business,2025
30219,Consumer,2024
30220,Consumer,2021
30221,Consumer,2025
30222,Consumer,2025
30223,Consumer,2020
30224,Consumer,2022
30225,Consumer,2023
30226,Small Business,2021
30227,Consumer,2022
30228,Small Business,2025
30229,Small Business,2022
30230,Consumer,2020
30231,Consumer,2024
30232,Consumer,2021
30233,Consumer,2020
30234,Consumer,2020
30235,Consumer,2024
30236,Consumer,2025
30237,Consumer,2020
30238,Small Business,2020
30239,Consumer,2025
30240,Small Business,2019
30241,Consumer,2022
30242,Consumer,2020
30243,Consumer,2020
30244,Small Business,2023
30245,Consumer,2020
30246,Consumer,2020
30247,Consumer,2023
30248,Consumer,2021
30249,Consumer,2025
30250,Consumer,2022
30251,Consumer,2019
30252,Consumer,2023
30253,Consumer,2023
30254,Consumer,2023
30255,Consumer,2025
30256,Consumer,2023
30257,Consumer,2024
30258,Consumer,2023
30259,Consumer,2020
30260,Consumer,2025
30261,Consumer,2023
30262,Consumer,2023
30263,Small Business,2019
30264,Consumer,2024
30265,Consumer,2019
30266,Consumer,2021
30267,Consumer,2022
30268,Small Business,2025
30269,Enterprise,2020
30270,Consumer,2024
30271,Consumer,2022
30272,Consumer,2023
30273,Consumer,2025
30274,Consumer,2022
30275,Consumer,2019
30276,Consumer,2019
30277,Consumer,2021
30278,Consumer,2025
30279,Consumer,2020
30280,Small Business,2019
30281,Consumer,2019
30282,Small Business,2022
30283,Consumer,2021
30284,Consumer,2021
30285,Consumer,2023
30286,Consumer,2021
30287,Small Business,2019
30288,Small Business,2021
30289,Consumer,2024
30290,Consumer,2023
30291,Consumer,2025
30292,Small Business,2019
30293,Consumer,2019
30294,Small Business,2020
30295,Consumer,2019
30296,Consumer,2023
30297,Consumer,2023
30298,Small Business,2024
30299,Consumer,2020
30300,Consumer,2023
30301,Consumer,2020
30302,Consumer,2025
30303,Consumer,2020
30304,Small Business,2019
30305,Consumer,2020
30306,Small Business,2022
30307,Consumer,2023
30308,Small Business,2021
30309,Small Business,2021
30310,Consumer,2020
30311,Enterprise,2019
30312,Consumer,2025
30313,Consumer,2024
30314,Consumer,2020
30315,Consumer,2020
30316,Consumer,2022
30317,Small Business,2021
30318,Enterprise,2020
30319,Consumer,2022
30320,Small Business,2022
30321,Small Business,2023
30322,Small Business,2024
30323,Consumer,2020
30324,Consumer,2023
30325,Consumer,2024
30326,Small Business,2023
30327,Consumer,2025
30328,Small Business,2020
30329,Enterprise,2024
30330,Consumer,2019
30331,Small Business,2021
30332,Consumer,2024
30333,Consumer,2025
30334,Consumer,2019
30335,Enterprise,2024
30336,Small Business,2021
30337,Small Business,2022
30338,Consumer,2024
30339,Consumer,2024
30340,Small Business,2021
30341,Small Business,2025
30342,Enterprise,2022
30343,Small Business,2020
30344,Small Business,2025
30345,Consumer,2021
30346,Small Business,2025
30347,Consumer,2025
30348,Small Business,2019
30349,Consumer,2023
30350,Small Business,2025
30351,Consumer,2020
30352,Consumer,2022
30353,Consumer,2025
30354,Consumer,2024
30355,Small Business,2021
30356,Consumer,2021
30357,Consumer,2019
30358,Consumer,2025
30359,Small Business,2025
30360,Enterprise,2024
30361,Small Business,2021
30362,Consumer,2022
30363,Small Business,2021
30364,Consumer,2021
30365,Enterprise,2019
30366,Consumer,2020
30367,Consumer,2023
30368,Consumer,2020
30369,Small Business,2020
30370,Consumer,2022
30371,Small Business,2024
30372,Consumer,2021
30373,Small Business,2024
30374,Consumer,2023
30375,Consumer,2021
30376,Small Business,2023
30377,Consumer,2022
30378,Consumer,2020
30379,Consumer,2021
30380,Consumer,2020
30381,Consumer,2022
30382,Consumer,2019
30383,Consumer,2019
30384,Small Business,2021
30385,Consumer,2022
30386,Consumer,2022
30387,Consumer,2019
30388,Consumer,2019
30389,Consumer,2019
30390,Consumer,2019
30391,Consumer,2024
30392,Consumer,2020
30393,Consumer,2024
30394,Consumer,2022
30395,Consumer,2025
30396,Consumer,2025
30397,Small Business,2023
30398,Consumer,2025
30399,Consumer,2021
30400,Consumer,2021
30401,Consumer,2019
30402,Small Business,2022
30403,Consumer,2023
30404,Consumer,2022
30405,Consumer,2020
30406,Consumer,2021
30407,Small Business,2020
30408,Consumer,2024
30409,Small Business,2019
30410,Small Business,2021
30411,Small Business,2021
30412,Consumer,2021
30413,Consumer,2021
30414,Consumer,2025
30415,Small Business,2022
30416,Consumer,2021
30417,Consumer,2021
30418,Consumer,2022
30419,Small Business,2021
30420,Consumer,2025
30421,Consumer,2019
30422,Small Business,2021
30423,Small Business,2022
30424,Small Business,2025
30425,Consumer,2021
30426,Consumer,2020
30427,Consumer,2021
30428,Consumer,2023
30429,Consumer,2025
30430,Consumer,2019
30431,Consumer,2023
30432,Consumer,2022
30433,Small Business,2021
30434,Consumer,2020
30435,Enterprise,2023
30436,Small Business,2023
30437,Consumer,2019
30438,Consumer,2023
30439,Enterprise,2022
30440,Small Business,2021
30441,Consumer,2022
30442,Consumer,2025
30443,Enterprise,2022
30444,Consumer,2025
30445,Consumer,2019
30446,Consumer,2024
30447,Small Business,2024
30448,Consumer,2024
30449,Consumer,2021
30450,Small Business,2019
30451,Consumer,2019
30452,Consumer,2021
30453,Consumer,2019
30454,Consumer,2020
30455,Enterprise,2019
30456,Consumer,2021
30457,Consumer,2025
30458,Consumer,2019
30459,Consumer,2021
30460,Consumer,2021
30461,Consumer,2022
30462,Consumer,2022
30463,Consumer,2025
30464,Consumer,2020
30465,Consumer,2021
30466,Consumer,2019
30467,Consumer,2019
30468,Consumer,2023
30469,Small Business,2021
30470,Consumer,2020
30471,Small Business,2022
30472,Small Business,2022
30473,Small Business,2022
30474,Small Business,2024
30475,Consumer,2023
30476,Consumer,2021
30477,Consumer,2020
30478,Consumer,2019
30479,Consumer,2023
30480,Consumer,2024
30481,Consumer,2023
30482,Consumer,2024
30483,Consumer,2023
30484,Consumer,2023
30485,Small Business,2025
30486,Consumer,2022
30487,Consumer,2025
30488,Consumer,2024
30489,Consumer,2022
30490,Consumer,2021
30491,Small Business,2020
30492,Consumer,2021
30493,Small Business,2022
30494,Consumer,2023
30495,Consumer,2024
30496,Consumer,2020
30497,Consumer,2020
30498,Consumer,2023
30499,Consumer,2019
30500,Consumer,2025
30501,Consumer,2020
30502,Small Business,2022
30503,Consumer,2019
30504,Consumer,2019
30505,Consumer,2025
30506,Consumer,2023
30507,Consumer,2025
30508,Consumer,2025
30509,Consumer,2025
30510,Small Business,2020
30511,Consumer,2024
30512,Consumer,2023
30513,Consumer,2020
30514,Consumer,2020
30515,Consumer,2021
30516,Consumer,2024
30517,Consumer,2022
30518,Consumer,2020
30519,Consumer,2023
30520,Small Business,2023
30521,Small Business,2023
30522,Consumer,2023
30523,Small Business,2021
30524,Consumer,2021
30525,Consumer,2021
30526,Small Business,2025
30527,Small Business,2022
30528,Small Business,2025
30529,Small Business,2021
30530,Consumer,2021
30531,Enterprise,2021
30532,Consumer,2021
30533,Consumer,2021
30534,Consumer,2023
30535,Consumer,2025
30536,Consumer,2020
30537,Consumer,2021
30538,Consumer,2021
30539,Consumer,2020
30540,Consumer,2019
30541,Consumer,2019
30542,Consumer,2019
30543,Small Business,2020
30544,Consumer,2023
30545,Consumer,2019
30546,Enterprise,2021
30547,Small Business,2022
30548,Consumer,2019
30549,Consumer,2022
30550,Consumer,2025
30551,Small Business,2019
30552,Small Business,2021
30553,Small Business,2019
30554,Enterprise,2020
30555,Consumer,2024
30556,Consumer,2022
30557,Consumer,2021
30558,Consumer,2024
30559,Consumer,2025
30560,Consumer,2025
30561,Consumer,2022
30562,Small Business,2021
30563,Consumer,2022
30564,Small Business,2024
30565,Small Business,2022
30566,Consumer,2022
30567,Consumer,2024
30568,Consumer,2023
30569,Small Business,2024
30570,Small Business,2022
30571,Consumer,2024
30572,Consumer,2020
30573,Small Business,2023
30574,Consumer,2024
30575,Consumer,2021
30576,Consumer,2022
30577,Consumer,2023
30578,Small Business,2021
30579,Consumer,2022
30580,Small Business,2023
30581,Consumer,2024
30582,Consumer,2021
30583,Consumer,2025
30584,Consumer,2024
30585,Consumer,2024
30586,Consumer,2019
30587,Small Business,2021
30588,Small Business,2019
30589,Consumer,2025
30590,Consumer,2022
30591,Enterprise,2021
30592,Consumer,2020
30593,Consumer,2023
30594,Consumer,2019
30595,Consumer,2021
30596,Consumer,2019
30597,Consumer,2024
30598,Small Business,2024
30599,Consumer,2024
30600,Consumer,2025
30601,Small Business,2022
30602,Consumer,2023
30603,Small Business,2025
30604,Consumer,2024
30605,Consumer,2022
30606,Consumer,2024
30607,Consumer,2024
30608,Consumer,2024
30609,Consumer,2022
30610,Consumer,2021
30611,Consumer,2024
30612,Consumer,2019
30613,Consumer,2025
30614,Small Business,2023
30615,Small Business,2024
30616,Small Business,2025
30617,Consumer,2024
30618,Small Business,2025
30619,Consumer,2023
30620,Consumer,2019
30621,Enterprise,2021
30622,Consumer,2025
30623,Consumer,2020
30624,Consumer,2019
30625,Enterprise,2021
30626,Consumer,2022
30627,Small Business,2022
30628,Consumer,2024
30629,Consumer,2020
30630,Consumer,2021
30631,Small Business,2023
30632,Consumer,2023
30633,Small Business,2024
30634,Consumer,2020
30635,Small Business,2025
30636,Consumer,2025
30637,Consumer,2025
30638,Consumer,2019
30639,Consumer,2021
30640,Consumer,2023
30641,Consumer,2021
30642,Enterprise,2019
30643,Consumer,2020
30644,Consumer,2019
30645,Consumer,2024
30646,Consumer,2020
30647,Consumer,2023
30648,Enterprise,2019
30649,Consumer,2024
30650,Consumer,2020
30651,Consumer,2020
30652,Consumer,2020
30653,Consumer,2019
30654,Small Business,2025
30655,Consumer,2025
30656,Consumer,2019
30657,Consumer,2020
30658,Enterprise,2023
30659,Consumer,2022
30660,Consumer,2023
30661,Consumer,2025
30662,Consumer,2024
30663,Consumer,2021
30664,Consumer,2021
30665,Consumer,2021
30666,Consumer,2020
30667,Small Business,2022
30668,Consumer,2019
30669,Consumer,2019
30670,Consumer,2019
30671,Consumer,2024
30672,Consumer,2022
30673,Consumer,2021
30674,Consumer,2023
30675,Consumer,2024
30676,Consumer,2024
30677,Consumer,2022
30678,Consumer,2024
30679,Consumer,2021
30680,Consumer,2024
30681,Consumer,2020
30682,Consumer,2020
30683,Enterprise,2024
30684,Consumer,2024
30685,Consumer,2025
30686,Small Business,2019
30687,Consumer,2025
30688,Consumer,2025
30689,Small Business,2022
30690,Consumer,2022
30691,Consumer,2020
30692,Consumer,2023
30693,Consumer,2024
30694,Consumer,2023
30695,Small Business,2020
30696,Consumer,2022
30697,Consumer,2020
30698,Small Business,2022
30699,Enterprise,2025
30700,Consumer,2025
30701,Consumer,2024
30702,Consumer,2021
30703,Small Business,2021
30704,Small Business,2024
30705,Small Business,2019
30706,Consumer,2021
30707,Consumer,2022
30708,Consumer,2019
30709,Consumer,2024
30710,Consumer,2021
30711,Consumer,2024
30712,Consumer,2020
30713,Consumer,2019
30714,Enterprise,2022
30715,Consumer,2025
30716,Small Business,2019
30717,Consumer,2019
30718,Consumer,2024
30719,Consumer,2019
30720,Consumer,2023
30721,Small Business,2019
30722,Consumer,2019
30723,Small Business,2021
30724,Small Business,2023
30725,Consumer,2023
30726,Consumer,2025
30727,Consumer,2019
30728,Consumer,2019
30729,Consumer,2024
30730,Consumer,2021
30731,Enterprise,2020
30732,Consumer,2025
30733,Small Business,2021
30734,Consumer,2019
30735,Consumer,2019
30736,Small Business,2025
30737,Consumer,2020
30738,Consumer,2025
30739,Small Business,2020
30740,Small Business,2021
30741,Consumer,2019
30742,Small Business,2022
30743,Consumer,2025
30744,Consumer,2025
30745,Consumer,2021
30746,Consumer,2019
30747,Consumer,2023
30748,Consumer,2021
30749,Consumer,2025
30750,Small Business,2019
30751,Small Business,2019
30752,Small Business,2024
30753,Consumer,2023
30754,Small Business,2023
30755,Consumer,2022
30756,Consumer,2025
30757,Consumer,2023
30758,Consumer,2020
30759,Consumer,2024
30760,Consumer,2022
30761,Enterprise,2020
30762,Consumer,2023
30763,Consumer,2023
30764,Consumer,2020
30765,Consumer,2020
30766,Enterprise,2025
30767,Consumer,2024
30768,Consumer,2020
30769,Consumer,2023
30770,Consumer,2019
30771,Consumer,2025
30772,Consumer,2020
30773,Consumer,2020
30774,Consumer,2024
30775,Small Business,2025
30776,Consumer,2023
30777,Consumer,2025
30778,Consumer,2025
30779,Consumer,2021
30780,Consumer,2023
30781,Consumer,2023
30782,Consumer,2025
30783,Consumer,2022
30784,Consumer,2022
30785,Consumer,2024
30786,Small Business,2025
30787,Consumer,2019
30788,Enterprise,2025
30789,Consumer,2021
30790,Consumer,2022
30791,Consumer,2022
30792,Consumer,2019
30793,Enterprise,2023
30794,Consumer,2025
30795,Consumer,2024
30796,Consumer,2022
30797,Consumer,2019
30798,Small Business,2024
30799,Small Business,2023
30800,Consumer,2022
30801,Small Business,2021
30802,Consumer,2021
30803,Consumer,2020
30804,Consumer,2021
30805,Small Business,2020
30806,Small Business,2021
30807,Consumer,2025
30808,Consumer,2023
30809,Consumer,2023
30810,Small Business,2024
30811,Consumer,2025
30812,Small Business,2022
30813,Consumer,2021
30814,Consumer,2022
30815,Consumer,2025
30816,Consumer,2021
30817,Consumer,2025
30818,Small Business,2022
30819,Consumer,2024
30820,Consumer,2020
30821,Consumer,2025
30822,Consumer,2024
30823,Consumer,2025
30824,Consumer,2024
30825,Small Business,2022
30826,Consumer,2020
30827,Consumer,2024
30828,Consumer,2022
30829,Consumer,2020
30830,Small Business,2020
30831,Consumer,2020
30832,Small Business,2025
30833,Consumer,2023
30834,Consumer,2021
30835,Consumer,2020
30836,Consumer,2025
30837,Small Business,2024
30838,Consumer,2023
30839,Consumer,2019
30840,Consumer,2025
30841,Consumer,2022
30842,Small Business,2024
30843,Consumer,2020
30844,Enterprise,2023
30845,Consumer,2019
30846,Small Business,2022
30847,Small Business,2020
30848,Small Business,2022
30849,Small Business,2025
30850,Consumer,2019
30851,Consumer,2022
30852,Small Business,2025
30853,Small Business,2025
30854,Consumer,2022
30855,Consumer,2023
30856,Consumer,2023
30857,Consumer,2022
30858,Consumer,2020
30859,Consumer,2024
30860,Consumer,2022
30861,Consumer,2025
30862,Consumer,2020
30863,Consumer,2020
30864,Consumer,2020
30865,Consumer,2023
30866,Consumer,2022
30867,Consumer,2023
30868,Small Business,2020
30869,Small Business,2021
30870,Consumer,2023
30871,Small Business,2022
30872,Consumer,2021
30873,Consumer,2021
30874,Small Business,2021
30875,Enterprise,2020
30876,Consumer,2023
30877,Consumer,2020
30878,Consumer,2023
30879,Consumer,2019
30880,Consumer,2021
30881,Consumer,2022
30882,Small Business,2025
30883,Consumer,2023
30884,Consumer,2021
30885,Small Business,2021
30886,Small Business,2024
30887,Consumer,2025
30888,Consumer,2024
30889,Consumer,2025
30890,Consumer,2020
30891,Consumer,2022
30892,Consumer,2022
30893,Consumer,2021
30894,Consumer,2019
30895,Consumer,2020
30896,Small Business,2021
30897,Enterprise,2021
30898,Consumer,2020
30899,Consumer,2021
30900,Consumer,2024
30901,Consumer,2021
30902,Small Business,2020
30903,Consumer,2022
30904,Consumer,2019
30905,Consumer,2020
30906,Consumer,2019
30907,Small Business,2019
30908,Small Business,2024
30909,Consumer,2019
30910,Consumer,2020
30911,Consumer,2020
30912,Small Business,2023
30913,Consumer,2021
30914,Consumer,2020
30915,Consumer,2024
30916,Consumer,2020
30917,Consumer,2025
30918,Consumer,2024
30919,Small Business,2025
30920,Consumer,2023
30921,Small Business,2020
30922,Consumer,2023
30923,Consumer,2024
30924,Consumer,2025
30925,Small Business,2019
30926,Consumer,2025
30927,Consumer,2024
30928,Consumer,2024
30929,Small Business,2020
30930,Consumer,2019
30931,Consumer,2023
30932,Consumer,2020
30933,Consumer,2020
30934,Consumer,2025
30935,Consumer,2025
30936,Consumer,2023
30937,Enterprise,2023
30938,Consumer,2022
30939,Consumer,2024
30940,Consumer,2022
30941,Consumer,2023
30942,Small Business,2024
30943,Small Business,2024
30944,Consumer,2023
30945,Small Business,2024
30946,Consumer,2020
30947,Small Business,2019
30948,Consumer,2019
30949,Small Business,2024
30950,Small Business,2021
30951,Consumer,2024
30952,Consumer,2025
30953,Enterprise,2023
30954,Consumer,2021
30955,Consumer,2019
30956,Consumer,2025
30957,Consumer,2021
30958,Consumer,2023
30959,Small Business,2024
30960,Small Business,2025
30961,Consumer,2022
30962,Enterprise,2025
30963,Consumer,2024
30964,Consumer,2021
30965,Consumer,2021
30966,Consumer,2022
30967,Consumer,2024
30968,Consumer,2023
30969,Consumer,2024
30970,Consumer,2019
30971,Consumer,2021
30972,Consumer,2020
30973,Consumer,2019
30974,Enterprise,2024
30975,Consumer,2025
30976,Small Business,2025
30977,Enterprise,2025
30978,Small Business,2021
30979,Consumer,2020
30980,Consumer,2021
30981,Consumer,2022
30982,Consumer,2025
30983,Consumer,2021
30984,Consumer,2020
30985,Consumer,2025
30986,Small Business,2025
30987,Consumer,2024
30988,Enterprise,2019
30989,Small Business,2022
30990,Small Business,2020
30991,Consumer,2020
30992,Enterprise,2019
30993,Consumer,2021
30994,Small Business,2019
30995,Consumer,2019
30996,Consumer,2020
30997,Consumer,2022
30998,Small Business,2023
30999,Small Business,2025
31000,Consumer,2020
31001,Small Business,2024
31002,Consumer,2025
31003,Enterprise,2024
31004,Consumer,2021
31005,Small Business,2021
31006,Small Business,2022
31007,Consumer,2024
31008,Consumer,2023
31009,Consumer,2022
31010,Enterprise,2019
31011,Consumer,2023
31012,Small Business,2023
31013,Enterprise,2022
31014,Consumer,2019
31015,Consumer,2022
31016,Consumer,2024
31017,Consumer,2025
31018,Small Business,2022
31019,Consumer,2024
31020,Consumer,2019
31021,Consumer,2019
31022,Small Business,2023
31023,Consumer,2025
31024,Consumer,2019
31025,Consumer,2020
31026,Small Business,2025
31027,Consumer,2025
31028,Consumer,2022
31029,Small Business,2019
31030,Consumer,2021
31031,Consumer,2023
31032,Consumer,2021
31033,Consumer,2021
31034,Consumer,2022
31035,Consumer,2022
31036,Consumer,2024
31037,Consumer,2022
31038,Consumer,2022
31039,Consumer,2021
31040,Consumer,2023
31041,Consumer,2023
31042,Consumer,2019
31043,Small Business,2019
31044,Consumer,2024
31045,Small Business,2019
31046,Consumer,2022
31047,Consumer,2024
31048,Small Business,2022
31049,Consumer,2019
31050,Enterprise,2020
31051,Consumer,2020
31052,Consumer,2019
31053,Consumer,2021
31054,Consumer,2021
31055,Consumer,2023
31056,Consumer,2024
31057,Small Business,2023
31058,Consumer,2022
31059,Consumer,2024
31060,Consumer,2020
31061,Consumer,2022
31062,Consumer,2023
31063,Consumer,2024
31064,Enterprise,2021
31065,Consumer,2022
31066,Consumer,2020
31067,Consumer,2021
31068,Consumer,2024
31069,Consumer,2024
31070,Consumer,2020
31071,Small Business,2025
31072,Consumer,2023
31073,Small Business,2025
31074,Small Business,2024
31075,Consumer,2019
31076,Small Business,2019
31077,Consumer,2025
31078,Consumer,2023
31079,Consumer,2025
31080,Consumer,2019
31081,Consumer,2020
31082,Small Business,2024
31083,Consumer,2024
31084,Consumer,2020
31085,Consumer,2025
31086,Enterprise,2020
31087,Consumer,2021
31088,Consumer,2019
31089,Consumer,2022
31090,Enterprise,2022
31091,Consumer,2023
31092,Consumer,2021
31093,Consumer,2022
31094,Consumer,2022
31095,Consumer,2020
31096,Small Business,2024
31097,Consumer,2025
31098,Consumer,2019
31099,Enterprise,2021
31100,Consumer,2020
31101,Consumer,2020
31102,Consumer,2019
31103,Consumer,2021
31104,Consumer,2023
31105,Consumer,2021
31106,Consumer,2023
31107,Enterprise,2019
31108,Consumer,2024
31109,Consumer,2022
31110,Consumer,2024
31111,Small Business,2022
31112,Consumer,2023
31113,Consumer,2022
31114,Small Business,2020
31115,Consumer,2020
31116,Small Business,2024
31117,Consumer,2021
31118,Small Business,2019
31119,Consumer,2022
31120,Enterprise,2024
31121,Consumer,2024
31122,Consumer,2024
31123,Small Business,2025
31124,Consumer,2020
31125,Consumer,2024
31126,Consumer,2021
31127,Consumer,2025
31128,Consumer,2020
31129,Consumer,2024
31130,Consumer,2024
31131,Consumer,2023
31132,Small Business,2021
31133,Consumer,2022
31134,Consumer,2021
31135,Consumer,2019
31136,Consumer,2022
31137,Consumer,2023
31138,Consumer,2024
31139,Consumer,2019
31140,Consumer,2023
31141,Consumer,2021
31142,Consumer,2023
31143,Consumer,2022
31144,Consumer,2025
31145,Consumer,2019
31146,Consumer,2020
31147,Enterprise,2024
31148,Consumer,2020
31149,Consumer,2020
31150,Small Business,2023
31151,Small Business,2022
31152,Consumer,2020
31153,Consumer,2021
31154,Consumer,2023
31155,Consumer,2019
31156,Consumer,2025
31157,Consumer,2021
31158,Enterprise,2022
31159,Consumer,2023
31160,Small Business,2020
31161,Consumer,2022
31162,Consumer,2025
31163,Small Business,2025
31164,Consumer,2021
31165,Consumer,2025
31166,Consumer,2019
31167,Consumer,2025
31168,Small Business,2021
31169,Consumer,2021
31170,Small Business,2019
31171,Consumer,2023
31172,Small Business,2019
31173,Consumer,2024
31174,Consumer,2019
31175,Small Business,2022
31176,Consumer,2022
31177,Consumer,2025
31178,Small Business,2022
31179,Consumer,2021
31180,Consumer,2024
31181,Consumer,2025
31182,Small Business,2022
31183,Consumer,2024
31184,Consumer,2025
31185,Consumer,2022
31186,Consumer,2025
31187,Consumer,2024
31188,Small Business,2020
31189,Small Business,2022
31190,Small Business,2019
31191,Small Business,2024
31192,Consumer,2023
31193,Consumer,2019
31194,Consumer,2019
31195,Consumer,2023
31196,Consumer,2021
31197,Consumer,2019
31198,Consumer,2019
31199,Consumer,2025
31200,Consumer,2022
31201,Enterprise,2024
31202,Consumer,2022
31203,Consumer,2025
31204,Consumer,2024
31205,Consumer,2025
31206,Consumer,2023
31207,Enterprise,2019
31208,Small Business,2021
31209,Consumer,2019
31210,Small Business,2022
31211,Consumer,2022
31212,Small Business,2022
31213,Consumer,2025
31214,Consumer,2020
31215,Enterprise,2025
31216,Consumer,2024
31217,Consumer,2022
31218,Small Business,2022
31219,Consumer,2021
31220,Consumer,2023
31221,Consumer,2024
31222,Consumer,2019
31223,Consumer,2025
31224,Consumer,2019
31225,Consumer,2020
31226,Consumer,2023
31227,Consumer,2019
31228,Consumer,2024
31229,Consumer,2020
31230,Consumer,2021
31231,Consumer,2023
31232,Consumer,2025
31233,Small Business,2020
31234,Consumer,2024
31235,Consumer,2023
31236,Consumer,2022
31237,Consumer,2025
31238,Consumer,2023
31239,Consumer,2024
31240,Consumer,2023
31241,Consumer,2022
31242,Consumer,2021
31243,Enterprise,2020
31244,Consumer,2019
31245,Consumer,2021
31246,Consumer,2024
31247,Consumer,2021
31248,Small Business,2022
31249,Consumer,2021
31250,Consumer,2024
31251,Consumer,2023
31252,Small Business,2021
31253,Consumer,2025
31254,Consumer,2019
31255,Consumer,2019
31256,Consumer,2019
31257,Consumer,2019
31258,Consumer,2020
31259,Enterprise,2023
31260,Consumer,2024
31261,Consumer,2019
31262,Enterprise,2019
31263,Consumer,2025
31264,Consumer,2024
31265,Consumer,2024
31266,Small Business,2023
31267,Consumer,2021
31268,Consumer,2021
31269,Consumer,2021
31270,Consumer,2022
31271,Small Business,2019
31272,Consumer,2025
31273,Consumer,2025
31274,Consumer,2019
31275,Consumer,2022
31276,Small Business,2021
31277,Consumer,2021
31278,Consumer,2021
31279,Consumer,2022
31280,Small Business,2025
31281,Consumer,2024
31282,Consumer,2025
31283,Consumer,2020
31284,Small Business,2024
31285,Small Business,2021
31286,Consumer,2021
31287,Consumer,2019
31288,Consumer,2025
31289,Consumer,2019
31290,Consumer,2022
31291,Consumer,2025
31292,Consumer,2023
31293,Consumer,2019
31294,Consumer,2025
31295,Consumer,2023
31296,Small Business,2020
31297,Consumer,2020
31298,Consumer,2025
31299,Small Business,2023
31300,Small Business,2021
31301,Small Business,2021
31302,Small Business,2025
31303,Consumer,2021
31304,Consumer,2022
31305,Small Business,2019
31306,Consumer,2020
31307,Consumer,2024
31308,Consumer,2024
31309,Consumer,2025
31310,Consumer,2019
31311,Consumer,2022
31312,Consumer,2020
31313,Consumer,2024
31314,Consumer,2020
31315,Consumer,2019
31316,Small Business,2024
31317,Consumer,2019
31318,Consumer,2025
31319,Consumer,2024
31320,Consumer,2023
31321,Consumer,2020
31322,Consumer,2020
31323,Small Business,2020
31324,Consumer,2021
31325,Consumer,2020
31326,Consumer,2020
31327,Enterprise,2021
31328,Small Business,2019
31329,Consumer,2025
31330,Enterprise,2024
31331,Consumer,2020
31332,Small Business,2020
31333,Small Business,2025
31334,Small Business,2019
31335,Consumer,2024
31336,Consumer,2019
31337,Consumer,2019
31338,Consumer,2025
31339,Small Business,2022
31340,Consumer,2021
31341,Consumer,2019
31342,Consumer,2023
31343,Consumer,2022
31344,Consumer,2019
31345,Consumer,2023
31346,Consumer,2022
31347,Consumer,2025
31348,Consumer,2024
31349,Enterprise,2023
31350,Consumer,2019
31351,Consumer,2020
31352,Small Business,2021
31353,Consumer,2025
31354,Consumer,2021
31355,Consumer,2022
31356,Consumer,2025
31357,Consumer,2019
31358,Small Business,2023
31359,Consumer,2025
31360,Consumer,2025
31361,Small Business,2022
31362,Consumer,2021
31363,Consumer,2020
31364,Consumer,2023
31365,Consumer,2025
31366,Consumer,2022
31367,Consumer,2023
31368,Small Business,2020
31369,Small Business,2024
31370,Small Business,2021
31371,Consumer,2021
31372,Consumer,2020
31373,Consumer,2023
31374,Consumer,2019
31375,Consumer,2025
31376,Consumer,2025
31377,Consumer,2025
31378,Consumer,2025
31379,Consumer,2024
31380,Enterprise,2024
31381,Consumer,2021
31382,Consumer,2020
31383,Consumer,2019
31384,Consumer,2019
31385,Consumer,2023
31386,Consumer,2020
31387,Consumer,2020
31388,Consumer,2025
31389,Consumer,2020
31390,Consumer,2020
31391,Consumer,2022
31392,Consumer,2020
31393,Consumer,2019
31394,Consumer,2023
31395,Consumer,2022
31396,Consumer,2022
31397,Enterprise,2020
31398,Enterprise,2023
31399,Small Business,2022
31400,Consumer,2022
31401,Consumer,2025
31402,Consumer,2023
31403,Consumer,2025
31404,Consumer,2025
31405,Enterprise,2019
31406,Small Business,2020
31407,Consumer,2023
31408,Consumer,2019
31409,Small Business,2024
31410,Small Business,2021
31411,Consumer,2021
31412,Consumer,2022
31413,Consumer,2021
31414,Consumer,2022
31415,Consumer,2024
31416,Consumer,2022
31417,Consumer,2025
31418,Consumer,2022
31419,Small Business,2024
31420,Consumer,2022
31421,Consumer,2024
31422,Consumer,2025
31423,Small Business,2025
31424,Consumer,2019
31425,Consumer,2020
31426,Consumer,2025
31427,Consumer,2024
31428,Small Business,2023
31429,Consumer,2023
31430,Consumer,2019
31431,Consumer,2022
31432,Consumer,2019
31433,Small Business,2023
31434,Consumer,2023
31435,Small Business,2023
31436,Consumer,2023
31437,Consumer,2025
31438,Enterprise,2022
31439,Consumer,2024
31440,Small Business,2022
31441,Consumer,2024
31442,Consumer,2020
31443,Enterprise,2022
31444,Consumer,2023
31445,Consumer,2025
31446,Consumer,2025
31447,Consumer,2020
31448,Consumer,2021
31449,Consumer,2019
31450,Enterprise,2023
31451,Consumer,2019
31452,Consumer,2019
31453,Consumer,2024
31454,Consumer,2022
31455,Consumer,2020
31456,Consumer,2024
31457,Consumer,2024
31458,Small Business,2024
31459,Enterprise,2024
31460,Small Business,2022
31461,Consumer,2025
31462,Small Business,2022
31463,Consumer,2023
31464,Consumer,2019
31465,Consumer,2022
31466,Consumer,2021
31467,Consumer,2024
31468,Consumer,2023
31469,Consumer,2023
31470,Enterprise,2024
31471,Consumer,2023
31472,Consumer,2019
31473,Consumer,2020
31474,Consumer,2025
31475,Enterprise,2023
31476,Consumer,2025
31477,Consumer,2019
31478,Consumer,2020
31479,Consumer,2023
31480,Consumer,2019
31481,Enterprise,2019
31482,Consumer,2021
31483,Consumer,2023
31484,Consumer,2025
31485,Small Business,2025
31486,Consumer,2022
31487,Consumer,2024
31488,Consumer,2021
31489,Small Business,2023
31490,Consumer,2025
31491,Small Business,2023
31492,Small Business,2019
31493,Consumer,2020
31494,Consumer,2025
31495,Consumer,2024
31496,Small Business,2024
31497,Consumer,2019
31498,Enterprise,2021
31499,Consumer,2022
31500,Consumer,2024
31501,Small Business,2019
31502,Small Business,2024
31503,Consumer,2023
31504,Small Business,2023
31505,Consumer,2025
31506,Consumer,2024
31507,Consumer,2023
31508,Consumer,2022
31509,Consumer,2025
31510,Consumer,2024
31511,Small Business,2021
31512,Consumer,2024
31513,Consumer,2022
31514,Consumer,2025
31515,Consumer,2021
31516,Consumer,2024
31517,Enterprise,2020
31518,Enterprise,2025
31519,Consumer,2020
31520,Consumer,2020
31521,Consumer,2025
31522,Consumer,2020
31523,Consumer,2022
31524,Small Business,2022
31525,Consumer,2024
31526,Consumer,2020
31527,Enterprise,2021
31528,Consumer,2025
31529,Consumer,2025
31530,Small Business,2020
31531,Consumer,2022
31532,Consumer,2022
31533,Consumer,2022
31534,Consumer,2022
31535,Consumer,2019
31536,Small Business,2025
31537,Consumer,2020
31538,Consumer,2020
31539,Enterprise,2024
31540,Enterprise,2025
31541,Small Business,2025
31542,Small Business,2021
31543,Enterprise,2024
31544,Small Business,2020
31545,Consumer,2021
31546,Consumer,2020
31547,Consumer,2020
31548,Consumer,2025
31549,Consumer,2025
31550,Consumer,2020
31551,Consumer,2021
31552,Consumer,2019
31553,Consumer,2024
31554,Consumer,2021
31555,Consumer,2023
31556,Consumer,2022
31557,Consumer,2020
31558,Consumer,2021
31559,Consumer,2019
31560,Small Business,2020
31561,Consumer,2024
31562,Small Business,2021
31563,Small Business,2022
31564,Enterprise,2023
31565,Small Business,2025
31566,Consumer,2022
31567,Consumer,2025
31568,Consumer,2023
31569,Consumer,2019
31570,Consumer,2025
31571,Enterprise,2020
31572,Consumer,2024
31573,Consumer,2025
31574,Enterprise,2024
31575,Consumer,2023
31576,Consumer,2021
31577,Consumer,2023
31578,Consumer,2022
31579,Consumer,2023
31580,Consumer,2021
31581,Consumer,2023
31582,Consumer,2022
31583,Consumer,2025
31584,Consumer,2019
31585,Consumer,2024
31586,Consumer,2022
31587,Small Business,2023
31588,Consumer,2022
31589,Consumer,2019
31590,Consumer,2023
31591,Consumer,2021
31592,Small Business,2020
31593,Enterprise,2025
31594,Consumer,2020
31595,Consumer,2021
31596,Consumer,2021
31597,Small Business,2022
31598,Consumer,2022
31599,Consumer,2023
31600,Small Business,2021
31601,Consumer,2021
31602,Small Business,2023
31603,Consumer,2023
31604,Small Business,2023
31605,Small Business,2022
31606,Consumer,2019
31607,Consumer,2022
31608,Consumer,2020
31609,Consumer,2019
31610,Consumer,2023
31611,Small Business,2022
31612,Small Business,2022
31613,Enterprise,2024
31614,Consumer,2021
31615,Consumer,2021
31616,Consumer,2020
31617,Consumer,2019
31618,Consumer,2025
31619,Consumer,2021
31620,Consumer,2022
31621,Consumer,2025
31622,Consumer,2020
31623,Consumer,2020
31624,Consumer,2024
31625,Small Business,2021
31626,Consumer,2020
31627,Consumer,2024
31628,Consumer,2020
31629,Consumer,2019
31630,Consumer,2024
31631,Consumer,2025
31632,Small Business,2025
31633,Consumer,2019
31634,Consumer,2022
31635,Consumer,2025
31636,Small Business,2023
31637,Consumer,2021
31638,Enterprise,2021
31639,Small Business,2021
31640,Small Business,2023
31641,Consumer,2023
31642,Consumer,2024
31643,Small Business,2020
31644,Enterprise,2024
31645,Small Business,2022
31646,Enterprise,2019
31647,Consumer,2024
31648,Consumer,2019
31649,Consumer,2019
31650,Consumer,2023
31651,Consumer,2019
31652,Consumer,2022
31653,Consumer,2021
31654,Consumer,2025
31655,Consumer,2021
31656,Consumer,2019
31657,Consumer,2019
31658,Consumer,2025
31659,Small Business,2025
31660,Consumer,2019
31661,Consumer,2021
31662,Consumer,2019
31663,Consumer,2024
31664,Consumer,2025
31665,Small Business,2023
31666,Consumer,2022
31667,Small Business,2021
31668,Consumer,2021
31669,Consumer,2023
31670,Small Business,2023
31671,Small Business,2022
31672,Consumer,2021
31673,Consumer,2024
31674,Consumer,2025
31675,Consumer,2019
31676,Consumer,2024
31677,Consumer,2022
31678,Consumer,2023
31679,Enterprise,2024
31680,Consumer,2021
31681,Small Business,2020
31682,Consumer,2019
31683,Consumer,2025
31684,Consumer,2024
31685,Consumer,2024
31686,Consumer,2019
31687,Consumer,2025
31688,Consumer,2019
31689,Consumer,2021
31690,Consumer,2023
31691,Consumer,2019
31692,Consumer,2024
31693,Consumer,2025
31694,Consumer,2021
31695,Consumer,2019
31696,Small Business,2023
31697,Enterprise,2024
31698,Consumer,2025
31699,Consumer,2020
31700,Enterprise,2020
31701,Consumer,2019
31702,Consumer,2019
31703,Consumer,2024
31704,Consumer,2020
31705,Consumer,2021
31706,Small Business,2022
31707,Consumer,2019
31708,Consumer,2024
31709,Consumer,2022
31710,Consumer,2021
31711,Small Business,2020
31712,Small Business,2023
31713,Small Business,2024
31714,Consumer,2022
31715,Small Business,2024
31716,Consumer,2022
31717,Consumer,2019
31718,Consumer,2020
31719,Consumer,2024
31720,Consumer,2019
31721,Small Business,2022
31722,Small Business,2020
31723,Consumer,2024
31724,Consumer,2020
31725,Consumer,2024
31726,Consumer,2020
31727,Consumer,2023
31728,Consumer,2020
31729,Consumer,2022
31730,Consumer,2023
31731,Enterprise,2020
31732,Small Business,2022
31733,Consumer,2023
31734,Consumer,2020
31735,Consumer,2019
31736,Consumer,2020
31737,Small Business,2021
31738,Consumer,2020
31739,Consumer,2024
31740,Consumer,2023
31741,Small Business,2022
31742,Small Business,2022
31743,Consumer,2024
31744,Enterprise,2023
31745,Consumer,2023
31746,Consumer,2021
31747,Small Business,2019
31748,Consumer,2019
31749,Consumer,2024
31750,Consumer,2024
31751,Consumer,2019
31752,Consumer,2019
31753,Consumer,2020
31754,Consumer,2021
31755,Consumer,2020
31756,Consumer,2023
31757,Small Business,2025
31758,Enterprise,2023
31759,Consumer,2021
31760,Consumer,2022
31761,Consumer,2025
31762,Consumer,2024
31763,Consumer,2020
31764,Consumer,2022
31765,Consumer,2019
31766,Enterprise,2024
31767,Consumer,2023
31768,Consumer,2020
31769,Small Business,2024
31770,Small Business,2022
31771,Consumer,2024
31772,Consumer,2019
31773,Consumer,2022
31774,Consumer,2023
31775,Small Business,2019
31776,Consumer,2021
31777,Consumer,2024
31778,Consumer,2023
31779,Consumer,2019
31780,Small Business,2024
31781,Consumer,2024
31782,Small Business,2022
31783,Small Business,2024
31784,Consumer,2023
31785,Consumer,2025
31786,Consumer,2024
31787,Consumer,2025
31788,Consumer,2024
31789,Consumer,2021
31790,Consumer,2019
31791,Small Business,2023
31792,Consumer,2022
31793,Small Business,2025
31794,Enterprise,2025
31795,Consumer,2019
31796,Consumer,2020
31797,Consumer,2022
31798,Small Business,2023
31799,Small Business,2021
31800,Small Business,2020
31801,Consumer,2022
31802,Small Business,2024
31803,Consumer,2025
31804,Consumer,2024
31805,Consumer,2020
31806,Consumer,2025
31807,Consumer,2022
31808,Small Business,2023
31809,Consumer,2023
31810,Small Business,2022
31811,Consumer,2022
31812,Consumer,2022
31813,Consumer,2019
31814,Consumer,2024
31815,Consumer,2021
31816,Consumer,2024
31817,Consumer,2019
31818,Consumer,2019
31819,Consumer,2020
31820,Consumer,2021
31821,Consumer,2019
31822,Consumer,2023
31823,Consumer,2019
31824,Small Business,2019
31825,Consumer,2023
31826,Consumer,2023
31827,Small Business,2023
31828,Consumer,2025
31829,Small Business,2024
31830,Small Business,2021
31831,Small Business,2023
31832,Small Business,2020
31833,Consumer,2024
31834,Consumer,2024
31835,Consumer,2022
31836,Consumer,2022
31837,Consumer,2023
31838,Consumer,2024
31839,Enterprise,2025
31840,Consumer,2019
31841,Consumer,2023
31842,Consumer,2020
31843,Consumer,2019
31844,Consumer,2019
31845,Consumer,2019
31846,Enterprise,2022
31847,Consumer,2024
31848,Consumer,2025
31849,Consumer,2024
31850,Consumer,2023
31851,Consumer,2023
31852,Consumer,2019
31853,Consumer,2024
31854,Consumer,2019
31855,Small Business,2024
31856,Small Business,2024
31857,Consumer,2020
31858,Consumer,2019
31859,Small Business,2025
31860,Consumer,2020
31861,Consumer,2022
31862,Consumer,2023
31863,Consumer,2022
31864,Enterprise,2020
31865,Consumer,2022
31866,Consumer,2022
31867,Consumer,2022
31868,Consumer,2021
31869,Small Business,2019
31870,Consumer,2021
31871,Small Business,2021
31872,Consumer,2020
31873,Small Business,2019
31874,Small Business,2021
31875,Consumer,2025
31876,Small Business,2020
31877,Consumer,2023
31878,Consumer,2025
31879,Consumer,2025
31880,Consumer,2021
31881,Enterprise,2019
31882,Small Business,2024
31883,Consumer,2021
31884,Small Business,2021
31885,Consumer,2024
31886,Consumer,2020
31887,Small Business,2022
31888,Consumer,2022
31889,Small Business,2024
31890,Consumer,2024
31891,Consumer,2021
31892,Consumer,2019
31893,Consumer,2020
31894,Consumer,2020
31895,Consumer,2024
31896,Consumer,2024
31897,Small Business,2019
31898,Consumer,2021
31899,Consumer,2020
31900,Consumer,2024
31901,Consumer,2024
31902,Consumer,2019
31903,Consumer,2023
31904,Consumer,2024
31905,Enterprise,2019
31906,Consumer,2023
31907,Consumer,2022
31908,Consumer,2020
31909,Consumer,2025
31910,Consumer,2019
31911,Consumer,2022
31912,Consumer,2025
31913,Small Business,2021
31914,Consumer,2021
31915,Small Business,2024
31916,Consumer,2020
31917,Consumer,2022
31918,Consumer,2020
31919,Small Business,2019
31920,Consumer,2021
31921,Consumer,2019
31922,Consumer,2022
31923,Enterprise,2022
31924,Consumer,2022
31925,Consumer,2025
31926,Enterprise,2024
31927,Small Business,2022
31928,Consumer,2020
31929,Consumer,2020
31930,Consumer,2024
31931,Enterprise,2024
31932,Consumer,2025
31933,Small Business,2025
31934,Consumer,2019
31935,Enterprise,2024
31936,Consumer,2024
31937,Consumer,2020
31938,Small Business,2020
31939,Enterprise,2025
31940,Small Business,2022
31941,Consumer,2023
31942,Consumer,2019
31943,Small Business,2023
31944,Consumer,2021
31945,Consumer,2024
31946,Consumer,2019
31947,Consumer,2025
31948,Consumer,2020
31949,Consumer,2021
31950,Enterprise,2019
31951,Consumer,2019
31952,Consumer,2025
31953,Consumer,2023
31954,Consumer,2025
31955,Small Business,2024
31956,Small Business,2023
31957,Consumer,2023
31958,Enterprise,2021
31959,Consumer,2023
31960,Small Business,2025
31961,Small Business,2020
31962,Small Business,2025
31963,Consumer,2022
31964,Consumer,2024
31965,Consumer,2021
31966,Consumer,2023
31967,Consumer,2022
31968,Consumer,2021
31969,Consumer,2019
31970,Consumer,2025
31971,Consumer,2023
31972,Consumer,2022
31973,Consumer,2022
31974,Consumer,2023
31975,Small Business,2019
31976,Consumer,2020
31977,Consumer,2025
31978,Small Business,2019
31979,Consumer,2019
31980,Consumer,2025
31981,Small Business,2024
31982,Small Business,2023
31983,Consumer,2025
31984,Consumer,2023
31985,Small Business,2019
31986,Consumer,2019
31987,Consumer,2025
31988,Consumer,2021
31989,Consumer,2021
31990,Consumer,2020
31991,Small Business,2024
31992,Consumer,2024
31993,Enterprise,2023
31994,Small Business,2022
31995,Small Business,2023
31996,Small Business,2021
31997,Consumer,2021
31998,Consumer,2020
31999,Consumer,2022
32000,Consumer,2021
32001,Consumer,2020
32002,Small Business,2021
32003,Small Business,2023
32004,Consumer,2024
32005,Consumer,2024
32006,Consumer,2024
32007,Small Business,2025
32008,Enterprise,2021
32009,Consumer,2025
32010,Consumer,2021
32011,Small Business,2024
32012,Consumer,2025
32013,Small Business,2024
32014,Consumer,2021
32015,Consumer,2021
32016,Consumer,2023
32017,Small Business,2025
32018,Consumer,2019
32019,Small Business,2020
32020,Small Business,2022
32021,Small Business,2024
32022,Small Business,2020
32023,Small Business,2022
32024,Small Business,2020
32025,Consumer,2023
32026,Small Business,2020
32027,Enterprise,2019
32028,Consumer,2022
32029,Consumer,2019
32030,Consumer,2021
32031,Small Business,2025
32032,Enterprise,2024
32033,Consumer,2023
32034,Enterprise,2022
32035,Consumer,2024
32036,Consumer,2019
32037,Small Business,2022
32038,Enterprise,2022
32039,Consumer,2019
32040,Enterprise,2019
32041,Small Business,2022
32042,Small Business,2020
32043,Small Business,2025
32044,Consumer,2019
32045,Consumer,2019
32046,Consumer,2024
32047,Consumer,2021
32048,Consumer,2022
32049,Consumer,2020
32050,Consumer,2019
32051,Consumer,2024
32052,Consumer,2022
32053,Consumer,2021
32054,Consumer,2020
32055,Consumer,2019
32056,Consumer,2024
32057,Small Business,2019
32058,Consumer,2025
32059,Consumer,2022
32060,Enterprise,2020
32061,Small Business,2025
32062,Consumer,2020
32063,Consumer,2021
32064,Consumer,2023
32065,Consumer,2019
32066,Small Business,2023
32067,Consumer,2020
32068,Enterprise,2024
32069,Consumer,2022
32070,Small Business,2023
32071,Consumer,2022
32072,Consumer,2020
32073,Consumer,2021
32074,Consumer,2024
32075,Consumer,2022
32076,Small Business,2020
32077,Consumer,2019
32078,Consumer,2019
32079,Consumer,2024
32080,Consumer,2025
32081,Consumer,2022
32082,Consumer,2023
32083,Small Business,2022
32084,Consumer,2021
32085,Small Business,2024
32086,Consumer,2020
32087,Consumer,2024
32088,Consumer,2019
32089,Consumer,2023
32090,Consumer,2022
32091,Consumer,2019
32092,Consumer,2025
32093,Small Business,2020
32094,Enterprise,2023
32095,Consumer,2022
32096,Consumer,2024
32097,Consumer,2022
32098,Consumer,2023
32099,Consumer,2024
32100,Consumer,2019
32101,Small Business,2020
32102,Consumer,2022
32103,Enterprise,2021
32104,Small Business,2019
32105,Consumer,2023
32106,Consumer,2019
32107,Consumer,2024
32108,Consumer,2020
32109,Consumer,2023
32110,Consumer,2025
32111,Consumer,2021
32112,Consumer,2020
32113,Consumer,2020
32114,Small Business,2022
32115,Enterprise,2021
32116,Small Business,2025
32117,Consumer,2024
32118,Consumer,2023
32119,Consumer,2021
32120,Enterprise,2019
32121,Consumer,2020
32122,Consumer,2022
32123,Small Business,2024
32124,Consumer,2024
32125,Enterprise,2025
32126,Consumer,2022
32127,Consumer,2022
32128,Enterprise,2020
32129,Consumer,2023
32130,Consumer,2023
32131,Consumer,2019
32132,Consumer,2021
32133,Consumer,2025
32134,Consumer,2022
32135,Consumer,2022
32136,Consumer,2019
32137,Consumer,2024
32138,Consumer,2025
32139,Small Business,2025
32140,Consumer,2025
32141,Consumer,2025
32142,Consumer,2021
32143,Consumer,2024
32144,Consumer,2021
32145,Enterprise,2021
32146,Consumer,2020
32147,Small Business,2019
32148,Consumer,2023
32149,Small Business,2019
32150,Small Business,2020
32151,Small Business,2020
32152,Consumer,2023
32153,Consumer,2022
32154,Consumer,2025
32155,Consumer,2023
32156,Consumer,2020
32157,Small Business,2020
32158,Consumer,2020
32159,Consumer,2022
32160,Small Business,2019
32161,Consumer,2021
32162,Small Business,2021
32163,Small Business,2019
32164,Consumer,2025
32165,Consumer,2021
32166,Enterprise,2019
32167,Consumer,2024
32168,Enterprise,2023
32169,Consumer,2021
32170,Consumer,2021
32171,Consumer,2020
32172,Consumer,2021
32173,Consumer,2020
32174,Consumer,2020
32175,Consumer,2021
32176,Consumer,2024
32177,Small Business,2020
32178,Consumer,2024
32179,Consumer,2024
32180,Consumer,2019
32181,Consumer,2020
32182,Consumer,2023
32183,Small Business,2020
32184,Consumer,2021
32185,Small Business,2023
32186,Small Business,2019
32187,Small Business,2023
32188,Consumer,2021
32189,Consumer,2024
32190,Consumer,2020
32191,Consumer,2023
32192,Consumer,2024
32193,Consumer,2022
32194,Consumer,2022
32195,Consumer,2021
32196,Consumer,2024
32197,Consumer,2021
32198,Consumer,2025
32199,Consumer,2020
32200,Consumer,2021
32201,Consumer,2022
32202,Small Business,2022
32203,Consumer,2022
32204,Consumer,2025
32205,Consumer,2022
32206,Consumer,2020
32207,Consumer,2021
32208,Small Business,2019
32209,Small Business,2021
32210,Consumer,2022
32211,Consumer,2019
32212,Small Business,2022
32213,Consumer,2020
32214,Consumer,2025
32215,Small Business,2019
32216,Consumer,2022
32217,Small Business,2020
32218,Consumer,2022
32219,Small Business,2022
32220,Consumer,2022
32221,Consumer,2022
32222,Consumer,2022
32223,Consumer,2021
32224,Consumer,2025
32225,Consumer,2023
32226,Consumer,2023
32227,Consumer,2021
32228,Consumer,2024
32229,Small Business,2023
32230,Consumer,2020
32231,Consumer,2022
32232,Small Business,2025
32233,Consumer,2025
32234,Consumer,2025
32235,Consumer,2024
32236,Consumer,2025
32237,Small Business,2020
32238,Small Business,2025
32239,Consumer,2025
32240,Enterprise,2023
32241,Consumer,2023
32242,Consumer,2023
32243,Consumer,2019
32244,Consumer,2019
32245,Consumer,2020
32246,Consumer,2020
32247,Consumer,2019
32248,Consumer,2024
32249,Consumer,2019
32250,Small Business,2021
32251,Small Business,2019
32252,Consumer,2023
32253,Consumer,2025
32254,Consumer,2023
32255,Consumer,2022
32256,Consumer,2023
32257,Small Business,2020
32258,Consumer,2021
32259,Small Business,2021
32260,Small Business,2025
32261,Consumer,2021
32262,Small Business,2020
32263,Consumer,2022
32264,Small Business,2024
32265,Consumer,2021
32266,Consumer,2019
32267,Consumer,2021
32268,Consumer,2024
32269,Small Business,2025
32270,Small Business,2024
32271,Consumer,2022
32272,Small Business,2025
32273,Consumer,2019
32274,Consumer,2019
32275,Consumer,2023
32276,Small Business,2024
32277,Consumer,2020
32278,Consumer,2021
32279,Consumer,2020
32280,Small Business,2020
32281,Consumer,2019
32282,Consumer,2020
32283,Consumer,2023
32284,Consumer,2024
32285,Consumer,2025
32286,Small Business,2025
32287,Consumer,2020
32288,Small Business,2023
32289,Enterprise,2021
32290,Consumer,2020
32291,Consumer,2023
32292,Consumer,2021
32293,Consumer,2023
32294,Consumer,2020
32295,Consumer,2021
32296,Small Business,2019
32297,Small Business,2019
32298,Consumer,2024
32299,Small Business,2025
32300,Small Business,2019
32301,Consumer,2023
32302,Consumer,2023
32303,Small Business,2020
32304,Small Business,2021
32305,Consumer,2021
32306,Consumer,2019
32307,Consumer,2024
32308,Consumer,2021
32309,Small Business,2022
32310,Small Business,2019
32311,Consumer,2019
32312,Consumer,2023
32313,Consumer,2021
32314,Consumer,2023
32315,Small Business,2025
32316,Consumer,2025
32317,Small Business,2019
32318,Consumer,2021
32319,Consumer,2020
32320,Consumer,2020
32321,Small Business,2022
32322,Consumer,2022
32323,Consumer,2025
32324,Consumer,2024
32325,Consumer,2019
32326,Consumer,2022
32327,Small Business,2020
32328,Small Business,2025
32329,Consumer,2020
32330,Small Business,2019
32331,Consumer,2025
32332,Consumer,2024
32333,Consumer,2023
32334,Consumer,2023
32335,Consumer,2024
32336,Consumer,2020
32337,Consumer,2023
32338,Consumer,2020
32339,Consumer,2025
32340,Consumer,2021
32341,Consumer,2025
32342,Consumer,2021
32343,Consumer,2020
32344,Consumer,2021
32345,Consumer,2022
32346,Small Business,2024
32347,Consumer,2019
32348,Consumer,2019
32349,Consumer,2020
32350,Consumer,2024
32351,Consumer,2021
32352,Enterprise,2022
32353,Consumer,2025
32354,Consumer,2020
32355,Consumer,2020
32356,Small Business,2023
32357,Consumer,2024
32358,Consumer,2021
32359,Consumer,2020
32360,Small Business,2019
32361,Small Business,2025
32362,Small Business,2023
32363,Small Business,2021
32364,Consumer,2021
32365,Consumer,2020
32366,Small Business,2020
32367,Consumer,2024
32368,Consumer,2022
32369,Consumer,2025
32370,Consumer,2022
32371,Consumer,2023
32372,Consumer,2023
32373,Consumer,2020
32374,Consumer,2022
32375,Consumer,2025
32376,Small Business,2022
32377,Small Business,2020
32378,Small Business,2022
32379,Consumer,2023
32380,Small Business,2025
32381,Small Business,2024
32382,Consumer,2019
32383,Consumer,2023
32384,Consumer,2023
32385,Consumer,2024
32386,Small Business,2019
32387,Consumer,2020
32388,Consumer,2020
32389,Consumer,2020
32390,Small Business,2024
32391,Consumer,2022
32392,Consumer,2021
32393,Enterprise,2022
32394,Consumer,2019
32395,Consumer,2020
32396,Consumer,2022
32397,Small Business,2020
32398,Small Business,2022
32399,Small Business,2021
32400,Small Business,2025
32401,Consumer,2025
32402,Consumer,2025
32403,Consumer,2021
32404,Consumer,2020
32405,Consumer,2022
32406,Consumer,2024
32407,Consumer,2024
32408,Consumer,2022
32409,Consumer,2022
32410,Enterprise,2022
32411,Consumer,2022
32412,Small Business,2019
32413,Consumer,2021
32414,Small Business,2024
32415,Consumer,2025
32416,Consumer,2023
32417,Consumer,2025
32418,Consumer,2025
32419,Small Business,2022
32420,Consumer,2024
32421,Consumer,2020
32422,Consumer,2022
32423,Consumer,2021
32424,Consumer,2025
32425,Consumer,2021
32426,Consumer,2021
32427,Consumer,2021
32428,Consumer,2025
32429,Consumer,2023
32430,Enterprise,2019
32431,Consumer,2019
32432,Consumer,2021
32433,Small Business,2024
32434,Enterprise,2025
32435,Small Business,2020
32436,Consumer,2019
32437,Small Business,2020
32438,Consumer,2025
32439,Small Business,2021
32440,Consumer,2019
32441,Consumer,2022
32442,Small Business,2023
32443,Consumer,2019
32444,Consumer,2023
32445,Small Business,2024
32446,Consumer,2019
32447,Consumer,2019
32448,Consumer,2024
32449,Consumer,2022
32450,Consumer,2019
32451,Consumer,2019
32452,Small Business,2024
32453,Consumer,2024
32454,Small Business,2025
32455,Small Business,2023
32456,Enterprise,2023
32457,Consumer,2025
32458,Consumer,2025
32459,Consumer,2019
32460,Small Business,2023
32461,Small Business,2024
32462,Small Business,2025
32463,Consumer,2019
32464,Consumer,2024
32465,Consumer,2022
32466,Consumer,2023
32467,Enterprise,2025
32468,Small Business,2025
32469,Small Business,2020
32470,Small Business,2022
32471,Consumer,2021
32472,Consumer,2022
32473,Consumer,2021
32474,Small Business,2024
32475,Small Business,2025
32476,Consumer,2023
32477,Consumer,2023
32478,Consumer,2020
32479,Consumer,2021
32480,Enterprise,2021
32481,Consumer,2019
32482,Consumer,2023
32483,Consumer,2023
32484,Small Business,2019
32485,Consumer,2022
32486,Consumer,2022
32487,Consumer,2022
32488,Consumer,2020
32489,Consumer,2019
32490,Small Business,2020
32491,Small Business,2025
32492,Consumer,2025
32493,Consumer,2023
32494,Consumer,2020
32495,Consumer,2019
32496,Consumer,2025
32497,Small Business,2021
32498,Consumer,2022
32499,Consumer,2025
32500,Consumer,2025
32501,Consumer,2022
32502,Consumer,2024
32503,Consumer,2022
32504,Small Business,2021
32505,Consumer,2020
32506,Consumer,2019
32507,Small Business,2025
32508,Consumer,2025
32509,Small Business,2021
32510,Consumer,2023
32511,Consumer,2019
32512,Consumer,2019
32513,Small Business,2025
32514,Small Business,2025
32515,Consumer,2023
32516,Consumer,2022
32517,Consumer,2023
32518,Consumer,2019
32519,Consumer,2021
32520,Enterprise,2021
32521,Consumer,2022
32522,Consumer,2025
32523,Consumer,2019
32524,Consumer,2021
32525,Enterprise,2024
32526,Consumer,2024
32527,Small Business,2025
32528,Consumer,2021
32529,Consumer,2025
32530,Consumer,2019
32531,Small Business,2024
32532,Consumer,2020
32533,Consumer,2023
32534,Consumer,2025
32535,Consumer,2023
32536,Small Business,2020
32537,Small Business,2025
32538,Consumer,2025
32539,Consumer,2022
32540,Consumer,2021
32541,Consumer,2023
32542,Consumer,2025
32543,Consumer,2025
32544,Consumer,2019
32545,Small Business,2019
32546,Consumer,2022
32547,Small Business,2025
32548,Small Business,2019
32549,Small Business,2023
32550,Enterprise,2020
32551,Consumer,2021
32552,Consumer,2024
32553,Small Business,2021
32554,Small Business,2020
32555,Consumer,2025
32556,Consumer,2025
32557,Small Business,2025
32558,Consumer,2023
32559,Consumer,2020
32560,Consumer,2024
32561,Consumer,2024
32562,Consumer,2021
32563,Consumer,2023
32564,Small Business,2025
32565,Consumer,2023
32566,Small Business,2024
32567,Consumer,2019
32568,Small Business,2025
32569,Consumer,2025
32570,Consumer,2020
32571,Consumer,2022
32572,Consumer,2020
32573,Consumer,2022
32574,Consumer,2024
32575,Small Business,2020
32576,Consumer,2023
32577,Small Business,2019
32578,Consumer,2021
32579,Consumer,2022
32580,Enterprise,2022
32581,Consumer,2019
32582,Small Business,2022
32583,Consumer,2021
32584,Consumer,2022
32585,Small Business,2021
32586,Consumer,2022
32587,Consumer,2025
32588,Consumer,2022
32589,Consumer,2024
32590,Consumer,2021
32591,Consumer,2023
32592,Consumer,2022
32593,Consumer,2023
32594,Enterprise,2020
32595,Enterprise,2024
32596,Small Business,2020
32597,Small Business,2020
32598,Small Business,2023
32599,Consumer,2021
32600,Consumer,2025
32601,Consumer,2023
32602,Consumer,2020
32603,Small Business,2025
32604,Consumer,2025
32605,Consumer,2021
32606,Small Business,2023
32607,Consumer,2022
32608,Enterprise,2025
32609,Enterprise,2025
32610,Consumer,2021
32611,Consumer,2025
32612,Consumer,2023
32613,Consumer,2019
32614,Small Business,2022
32615,Consumer,2021
32616,Consumer,2025
32617,Consumer,2020
32618,Consumer,2019
32619,Consumer,2019
32620,Consumer,2019
32621,Consumer,2022
32622,Small Business,2025
32623,Consumer,2022
32624,Consumer,2019
32625,Consumer,2025
32626,Small Business,2025
32627,Consumer,2024
32628,Consumer,2019
32629,Consumer,2020
32630,Consumer,2019
32631,Enterprise,2023
32632,Small Business,2021
32633,Consumer,2019
32634,Consumer,2024
32635,Consumer,2024
32636,Consumer,2023
32637,Consumer,2020
32638,Consumer,2025
32639,Consumer,2021
32640,Consumer,2023
32641,Consumer,2019
32642,Consumer,2023
32643,Consumer,2025
32644,Consumer,2022
32645,Consumer,2020
32646,Consumer,2021
32647,Enterprise,2020
32648,Consumer,2023
32649,Consumer,2022
32650,Consumer,2025
32651,Consumer,2019
32652,Small Business,2025
32653,Consumer,2020
32654,Small Business,2019
32655,Consumer,2020
32656,Consumer,2022
32657,Consumer,2024
32658,Consumer,2023
32659,Consumer,2020
32660,Consumer,2024
32661,Consumer,2019
32662,Consumer,2021
32663,Consumer,2025
32664,Consumer,2025
32665,Small Business,2021
32666,Consumer,2021
32667,Consumer,2021
32668,Consumer,2020
32669,Consumer,2020
32670,Consumer,2024
32671,Consumer,2023
32672,Small Business,2023
32673,Consumer,2024
32674,Consumer,2025
32675,Consumer,2024
32676,Consumer,2019
32677,Consumer,2024
32678,Consumer,2019
32679,Consumer,2023
32680,Consumer,2025
32681,Consumer,2025
32682,Consumer,2022
32683,Consumer,2025
32684,Consumer,2020
32685,Consumer,2025
32686,Consumer,2024
32687,Consumer,2024
32688,Consumer,2025
32689,Consumer,2024
32690,Small Business,2025
32691,Small Business,2022
32692,Consumer,2025
32693,Consumer,2024
32694,Small Business,2020
32695,Consumer,2021
32696,Consumer,2024
32697,Consumer,2023
32698,Consumer,2019
32699,Consumer,2023
32700,Consumer,2021
32701,Consumer,2019
32702,Consumer,2020
32703,Consumer,2020
32704,Consumer,2021
32705,Consumer,2025
32706,Consumer,2020
32707,Consumer,2020
32708,Enterprise,2025
32709,Consumer,2022
32710,Consumer,2025
32711,Consumer,2021
32712,Consumer,2020
32713,Consumer,2025
32714,Consumer,2019
32715,Enterprise,2024
32716,Consumer,2020
32717,Consumer,2024
32718,Small Business,2022
32719,Consumer,2019
32720,Consumer,2025
32721,Consumer,2020
32722,Consumer,2024
32723,Consumer,2020
32724,Small Business,2021
32725,Consumer,2020
32726,Consumer,2025
32727,Consumer,2019
32728,Consumer,2022
32729,Enterprise,2020
32730,Consumer,2024
32731,Consumer,2022
32732,Consumer,2022
32733,Small Business,2024
32734,Consumer,2023
32735,Consumer,2023
32736,Consumer,2021
32737,Consumer,2020
32738,Consumer,2019
32739,Consumer,2022
32740,Small Business,2023
32741,Small Business,2020
32742,Enterprise,2021
32743,Consumer,2019
32744,Small Business,2022
32745,Consumer,2025
32746,Consumer,2023
32747,Small Business,2019
32748,Small Business,2022
32749,Small Business,2025
32750,Consumer,2020
32751,Consumer,2020
32752,Small Business,2024
32753,Enterprise,2023
32754,Consumer,2020
32755,Consumer,2019
32756,Consumer,2019
32757,Consumer,2022
32758,Consumer,2021
32759,Enterprise,2020
32760,Consumer,2019
32761,Small Business,2019
32762,Consumer,2021
32763,Consumer,2020
32764,Consumer,2024
32765,Consumer,2024
32766,Small Business,2024
32767,Consumer,2023
32768,Small Business,2022
32769,Consumer,2020
32770,Enterprise,2020
32771,Consumer,2023
32772,Consumer,2025
32773,Consumer,2024
32774,Consumer,2024
32775,Consumer,2024
32776,Small Business,2019
32777,Small Business,2025
32778,Consumer,2023
32779,Consumer,2025
32780,Consumer,2025
32781,Small Business,2019
32782,Small Business,2025
32783,Consumer,2022
32784,Consumer,2021
32785,Consumer,2025
32786,Consumer,2023
32787,Consumer,2023
32788,Consumer,2023
32789,Small Business,2023
32790,Consumer,2024
32791,Enterprise,2021
32792,Small Business,2025
32793,Consumer,2023
32794,Consumer,2022
32795,Consumer,2022
32796,Consumer,2019
32797,Consumer,2019
32798,Small Business,2024
32799,Small Business,2021
32800,Consumer,2025
32801,Consumer,2021
32802,Consumer,2025
32803,Consumer,2024
32804,Consumer,2019
32805,Small Business,2021
32806,Consumer,2025
32807,Consumer,2024
32808,Small Business,2020
32809,Consumer,2020
32810,Consumer,2025
32811,Consumer,2022
32812,Consumer,2024
32813,Consumer,2022
32814,Consumer,2019
32815,Consumer,2022
32816,Consumer,2019
32817,Consumer,2025
32818,Consumer,2020
32819,Consumer,2024
32820,Consumer,2020
32821,Enterprise,2019
32822,Consumer,2019
32823,Small Business,2019
32824,Enterprise,2025
32825,Consumer,2019
32826,Consumer,2019
32827,Consumer,2020
32828,Consumer,2025
32829,Enterprise,2024
32830,Enterprise,2020
32831,Consumer,2022
32832,Small Business,2023
32833,Small Business,2020
32834,Consumer,2023
32835,Small Business,2020
32836,Consumer,2021
32837,Enterprise,2025
32838,Small Business,2022
32839,Consumer,2025
32840,Consumer,2024
32841,Enterprise,2021
32842,Consumer,2019
32843,Consumer,2020
32844,Consumer,2021
32845,Consumer,2024
32846,Consumer,2024
32847,Consumer,2021
32848,Enterprise,2021
32849,Small Business,2024
32850,Small Business,2019
32851,Consumer,2021
32852,Consumer,2020
32853,Consumer,2023
32854,Consumer,2023
32855,Small Business,2024
32856,Consumer,2025
32857,Enterprise,2020
32858,Small Business,2020
32859,Consumer,2021
32860,Enterprise,2022
32861,Small Business,2024
32862,Consumer,2020
32863,Consumer,2022
32864,Consumer,2025
32865,Small Business,2019
32866,Consumer,2025
32867,Consumer,2020
32868,Consumer,2021
32869,Consumer,2020
32870,Consumer,2019
32871,Consumer,2020
32872,Small Business,2023
32873,Consumer,2021
32874,Consumer,2023
32875,Consumer,2024
32876,Enterprise,2023
32877,Enterprise,2023
32878,Enterprise,2021
32879,Consumer,2024
32880,Consumer,2019
32881,Consumer,2024
32882,Consumer,2019
32883,Consumer,2023
32884,Consumer,2024
32885,Consumer,2025
32886,Consumer,2022
32887,Consumer,2024
32888,Small Business,2020
32889,Consumer,2021
32890,Consumer,2025
32891,Consumer,2022
32892,Consumer,2025
32893,Small Business,2022
32894,Consumer,2024
32895,Consumer,2020
32896,Small Business,2023
32897,Consumer,2020
32898,Consumer,2023
32899,Consumer,2021
32900,Consumer,2022
32901,Consumer,2025
32902,Small Business,2020
32903,Consumer,2024
32904,Consumer,2024
32905,Consumer,2021
32906,Consumer,2022
32907,Consumer,2025
32908,Enterprise,2022
32909,Consumer,2019
32910,Small Business,2023
32911,Consumer,2019
32912,Consumer,2021
32913,Consumer,2024
32914,Consumer,2023
32915,Consumer,2023
32916,Consumer,2020
32917,Small Business,2019
32918,Small Business,2025
32919,Consumer,2020
32920,Consumer,2025
32921,Consumer,2021
32922,Consumer,2023
32923,Consumer,2023
32924,Small Business,2021
32925,Consumer,2024
32926,Consumer,2021
32927,Small Business,2022
32928,Consumer,2025
32929,Small Business,2021
32930,Small Business,2021
32931,Consumer,2019
32932,Consumer,2024
32933,Consumer,2019
32934,Consumer,2021
32935,Small Business,2020
32936,Consumer,2025
32937,Small Business,2022
32938,Consumer,2022
32939,Consumer,2022
32940,Consumer,2023
32941,Small Business,2020
32942,Consumer,2019
32943,Consumer,2020
32944,Enterprise,2025
32945,Consumer,2019
32946,Small Business,2022
32947,Consumer,2024
32948,Small Business,2023
32949,Consumer,2024
32950,Consumer,2019
32951,Consumer,2021
32952,Consumer,2023
32953,Consumer,2019
32954,Consumer,2021
32955,Consumer,2024
32956,Consumer,2021
32957,Enterprise,2024
32958,Consumer,2022
32959,Consumer,2019
32960,Small Business,2022
32961,Consumer,2021
32962,Enterprise,2024
32963,Consumer,2024
32964,Consumer,2021
32965,Small Business,2025
32966,Consumer,2025
32967,Consumer,2022
32968,Consumer,2019
32969,Consumer,2023
32970,Consumer,2022
32971,Small Business,2023
32972,Consumer,2023
32973,Consumer,2024
32974,Consumer,2025
32975,Consumer,2021
32976,Consumer,2021
32977,Consumer,2020
32978,Consumer,2023
32979,Consumer,2023
32980,Small Business,2024
32981,Small Business,2020
32982,Consumer,2024
32983,Consumer,2023
32984,Consumer,2025
32985,Consumer,2019
32986,Small Business,2021
32987,Consumer,2025
32988,Consumer,2024
32989,Small Business,2023
32990,Small Business,2025
32991,Consumer,2023
32992,Consumer,2022
32993,Consumer,2020
32994,Consumer,2023
32995,Consumer,2022
32996,Consumer,2021
32997,Consumer,2020
32998,Consumer,2020
32999,Consumer,2022
33000,Small Business,2020
33001,Consumer,2023
33002,Enterprise,2019
33003,Consumer,2021
33004,Enterprise,2023
33005,Consumer,2024
33006,Consumer,2025
33007,Consumer,2019
33008,Consumer,2021
33009,Consumer,2023
33010,Consumer,2019
33011,Consumer,2022
33012,Consumer,2020
33013,Consumer,2022
33014,Consumer,2024
33015,Consumer,2020
33016,Consumer,2022
33017,Consumer,2024
33018,Small Business,2024
33019,Consumer,2021
33020,Consumer,2020
33021,Consumer,2021
33022,Consumer,2023
33023,Consumer,2023
33024,Small Business,2024
33025,Small Business,2021
33026,Consumer,2024
33027,Consumer,2024
33028,Consumer,2023
33029,Small Business,2024
33030,Consumer,2025
33031,Small Business,2024
33032,Consumer,2019
33033,Consumer,2024
33034,Consumer,2022
33035,Consumer,2021
33036,Consumer,2022
33037,Consumer,2020
33038,Consumer,2025
33039,Consumer,2019
33040,Consumer,2022
33041,Consumer,2025
33042,Consumer,2023
33043,Consumer,2025
33044,Small Business,2025
33045,Consumer,2019
33046,Consumer,2019
33047,Consumer,2019
33048,Consumer,2021
33049,Small Business,2021
33050,Small Business,2021
33051,Consumer,2020
33052,Consumer,2019
33053,Consumer,2022
33054,Small Business,2022
33055,Consumer,2021
33056,Consumer,2021
33057,Consumer,2022
33058,Consumer,2020
33059,Enterprise,2020
33060,Consumer,2019
33061,Enterprise,2021
33062,Consumer,2019
33063,Consumer,2021
33064,Small Business,2021
33065,Consumer,2020
33066,Small Business,2023
33067,Consumer,2020
33068,Consumer,2020
33069,Consumer,2025
33070,Enterprise,2025
33071,Consumer,2019
33072,Consumer,2020
33073,Small Business,2023
33074,Consumer,2020
33075,Small Business,2020
33076,Consumer,2021
33077,Small Business,2025
33078,Consumer,2020
33079,Consumer,2023
33080,Small Business,2025
33081,Small Business,2024
33082,Consumer,2024
33083,Consumer,2021
33084,Consumer,2021
33085,Small Business,2023
33086,Small Business,2025
33087,Consumer,2021
33088,Consumer,2023
33089,Consumer,2025
33090,Small Business,2024
33091,Small Business,2025
33092,Consumer,2021
33093,Small Business,2023
33094,Consumer,2020
33095,Consumer,2019
33096,Enterprise,2022
33097,Consumer,2024
33098,Consumer,2021
33099,Consumer,2020
33100,Consumer,2025
33101,Consumer,2021
33102,Consumer,2020
33103,Consumer,2020
33104,Consumer,2019
33105,Consumer,2025
33106,Consumer,2023
33107,Small Business,2019
33108,Consumer,2022
33109,Small Business,2021
33110,Consumer,2022
33111,Consumer,2025
33112,Consumer,2021
33113,Consumer,2021
33114,Consumer,2021
33115,Consumer,2023
33116,Small Business,2019
33117,Small Business,2023
33118,Consumer,2024
33119,Consumer,2025
33120,Consumer,2022
33121,Small Business,2022
33122,Small Business,2025
33123,Consumer,2024
33124,Consumer,2022
33125,Small Business,2021
33126,Consumer,2025
33127,Small Business,2021
33128,Consumer,2025
33129,Small Business,2022
33130,Consumer,2022
33131,Small Business,2022
33132,Consumer,2024
33133,Consumer,2024
33134,Enterprise,2019
33135,Consumer,2024
33136,Small Business,2019
33137,Consumer,2024
33138,Consumer,2023
33139,Consumer,2023
33140,Consumer,2019
33141,Consumer,2024
33142,Small Business,2023
33143,Consumer,2023
33144,Consumer,2020
33145,Consumer,2024
33146,Consumer,2020
33147,Consumer,2022
33148,Small Business,2021
33149,Consumer,2021
33150,Consumer,2025
33151,Small Business,2024
33152,Consumer,2023
33153,Consumer,2023
33154,Consumer,2024
33155,Small Business,2024
33156,Consumer,2024
33157,Consumer,2019
33158,Consumer,2024
33159,Consumer,2021
33160,Consumer,2020
33161,Consumer,2020
33162,Consumer,2025
33163,Small Business,2024
33164,Consumer,2021
33165,Consumer,2025
33166,Small Business,2022
33167,Consumer,2024
33168,Consumer,2024
33169,Small Business,2020
33170,Consumer,2024
33171,Consumer,2025
33172,Enterprise,2022
33173,Consumer,2021
33174,Consumer,2022
33175,Consumer,2024
33176,Consumer,2021
33177,Consumer,2019
33178,Consumer,2019
33179,Consumer,2024
33180,Consumer,2023
33181,Small Business,2020
33182,Consumer,2023
33183,Consumer,2021
33184,Consumer,2022
33185,Consumer,2020
33186,Consumer,2019
33187,Consumer,2025
33188,Consumer,2022
33189,Consumer,2025
33190,Consumer,2019
33191,Consumer,2021
33192,Small Business,2022
33193,Consumer,2019
33194,Small Business,2024
33195,Consumer,2025
33196,Consumer,2020
33197,Small Business,2025
33198,Consumer,2025
33199,Small Business,2021
33200,Consumer,2023
33201,Small Business,2022
33202,Consumer,2020
33203,Consumer,2020
33204,Consumer,2020
33205,Consumer,2025
33206,Consumer,2019
33207,Small Business,2022
33208,Small Business,2025
33209,Small Business,2022
33210,Small Business,2019
33211,Consumer,2021
33212,Consumer,2023
33213,Small Business,2019
33214,Consumer,2024
33215,Consumer,2023
33216,Consumer,2020
33217,Consumer,2024
33218,Small Business,2021
33219,Consumer,2021
33220,Consumer,2021
33221,Small Business,2021
33222,Enterprise,2024
33223,Consumer,2019
33224,Small Business,2025
33225,Consumer,2024
33226,Consumer,2025
33227,Consumer,2023
33228,Consumer,2019
33229,Consumer,2024
33230,Consumer,2023
33231,Consumer,2022
33232,Small Business,2023
33233,Consumer,2021
33234,Consumer,2025
33235,Consumer,2025
33236,Small Business,2023
33237,Small Business,2025
33238,Small Business,2022
33239,Small Business,2020
33240,Consumer,2022
33241,Consumer,2025
33242,Consumer,2024
33243,Small Business,2019
33244,Consumer,2023
33245,Consumer,2024
33246,Consumer,2019
33247,Small Business,2022
33248,Consumer,2025
33249,Small Business,2021
33250,Small Business,2023
33251,Consumer,2021
33252,Small Business,2020
33253,Consumer,2021
33254,Consumer,2022
33255,Consumer,2021
33256,Consumer,2020
33257,Consumer,2025
33258,Small Business,2023
33259,Small Business,2023
33260,Consumer,2022
33261,Consumer,2021
33262,Consumer,2025
33263,Consumer,2021
33264,Enterprise,2019
33265,Consumer,2022
33266,Small Business,2022
33267,Small Business,2021
33268,Consumer,2020
33269,Consumer,2022
33270,Small Business,2019
33271,Consumer,2021
33272,Consumer,2024
33273,Small Business,2023
33274,Small Business,2024
33275,Small Business,2020
33276,Small Business,2025
33277,Small Business,2020
33278,Consumer,2023
33279,Consumer,2025
33280,Small Business,2020
33281,Consumer,2019
33282,Small Business,2021
33283,Consumer,2019
33284,Consumer,2023
33285,Small Business,2024
33286,Small Business,2023
33287,Consumer,2020
33288,Consumer,2019
33289,Consumer,2021
33290,Consumer,2025
33291,Consumer,2021
33292,Enterprise,2025
33293,Enterprise,2025
33294,Consumer,2024
33295,Small Business,2020
33296,Consumer,2020
33297,Consumer,2019
33298,Consumer,2021
33299,Small Business,2022
33300,Small Business,2023
33301,Consumer,2019
33302,Consumer,2021
33303,Consumer,2021
33304,Small Business,2021
33305,Consumer,2023
33306,Consumer,2023
33307,Consumer,2025
33308,Consumer,2019
33309,Consumer,2020
33310,Small Business,2019
33311,Consumer,2020
33312,Consumer,2019
33313,Enterprise,2021
33314,Consumer,2020
33315,Consumer,2022
33316,Consumer,2022
33317,Consumer,2023
33318,Enterprise,2024
33319,Consumer,2019
33320,Small Business,2020
33321,Consumer,2024
33322,Consumer,2021
33323,Consumer,2025
33324,Consumer,2019
33325,Consumer,2019
33326,Consumer,2022
33327,Consumer,2022
33328,Consumer,2019
33329,Consumer,2022
33330,Consumer,2021
33331,Consumer,2023
33332,Consumer,2024
33333,Enterprise,2023
33334,Consumer,2025
33335,Enterprise,2022
33336,Consumer,2021
33337,Small Business,2019
33338,Consumer,2020
33339,Consumer,2021
33340,Small Business,2024
33341,Consumer,2022
33342,Small Business,2023
33343,Small Business,2019
33344,Consumer,2021
33345,Consumer,2024
33346,Consumer,2025
33347,Consumer,2021
33348,Consumer,2022
33349,Consumer,2020
33350,Consumer,2025
33351,Enterprise,2019
33352,Consumer,2025
33353,Consumer,2023
33354,Consumer,2025
33355,Consumer,2020
33356,Consumer,2019
33357,Consumer,2020
33358,Consumer,2020
33359,Consumer,2020
33360,Consumer,2021
33361,Enterprise,2020
33362,Consumer,2024
33363,Consumer,2020
33364,Consumer,2021
33365,Consumer,2024
33366,Consumer,2020
33367,Consumer,2021
33368,Consumer,2021
33369,Consumer,2022
33370,Consumer,2021
33371,Enterprise,2023
33372,Consumer,2024
33373,Consumer,2022
33374,Consumer,2025
33375,Small Business,2023
33376,Consumer,2021
33377,Consumer,2020
33378,Consumer,2019
33379,Consumer,2019
33380,Consumer,2024
33381,Consumer,2024
33382,Consumer,2022
33383,Consumer,2020
33384,Enterprise,2022
33385,Consumer,2022
33386,Consumer,2021
33387,Consumer,2022
33388,Small Business,2022
33389,Small Business,2019
33390,Consumer,2019
33391,Consumer,2019
33392,Consumer,2023
33393,Consumer,2025
33394,Consumer,2025
33395,Consumer,2023
33396,Small Business,2025
33397,Consumer,2021
33398,Consumer,2024
33399,Consumer,2022
33400,Consumer,2021
33401,Consumer,2023
33402,Consumer,2025
33403,Consumer,2022
33404,Consumer,2023
33405,Consumer,2020
33406,Enterprise,2022
33407,Small Business,2023
33408,Consumer,2020
33409,Consumer,2024
33410,Consumer,2024
33411,Consumer,2024
33412,Consumer,2024
33413,Small Business,2023
33414,Small Business,2022
33415,Consumer,2025
33416,Consumer,2021
33417,Consumer,2019
33418,Small Business,2021
33419,Consumer,2021
33420,Enterprise,2023
33421,Consumer,2019
33422,Consumer,2020
33423,Consumer,2025
33424,Consumer,2022
33425,Consumer,2022
33426,Consumer,2019
33427,Small Business,2019
33428,Consumer,2024
33429,Consumer,2023
33430,Consumer,2021
33431,Consumer,2021
33432,Consumer,2022
33433,Consumer,2024
33434,Small Business,2025
33435,Consumer,2022
33436,Consumer,2021
33437,Consumer,2021
33438,Consumer,2022
33439,Small Business,2021
33440,Consumer,2021
33441,Consumer,2022
33442,Small Business,2024
33443,Consumer,2020
33444,Consumer,2022
33445,Consumer,2020
33446,Consumer,2022
33447,Consumer,2019
33448,Consumer,2022
33449,Consumer,2023
33450,Consumer,2023
33451,Small Business,2023
33452,Consumer,2022
33453,Consumer,2023
33454,Consumer,2022
33455,Consumer,2025
33456,Consumer,2023
33457,Small Business,2021
33458,Consumer,2023
33459,Consumer,2021
33460,Enterprise,2023
33461,Consumer,2021
33462,Consumer,2022
33463,Small Business,2023
33464,Consumer,2025
33465,Consumer,2022
33466,Enterprise,2023
33467,Consumer,2025
33468,Consumer,2024
33469,Consumer,2019
33470,Small Business,2022
33471,Consumer,2023
33472,Consumer,2021
33473,Small Business,2020
33474,Small Business,2022
33475,Consumer,2020
33476,Small Business,2023
33477,Consumer,2023
33478,Small Business,2021
33479,Consumer,2023
33480,Consumer,2024
33481,Consumer,2020
33482,Consumer,2021
33483,Consumer,2023
33484,Small Business,2023
33485,Consumer,2023
33486,Small Business,2021
33487,Consumer,2019
33488,Consumer,2022
33489,Consumer,2021
33490,Consumer,2021
33491,Consumer,2024
33492,Consumer,2021
33493,Consumer,2025
33494,Consumer,2023
33495,Small Business,2020
33496,Small Business,2020
33497,Consumer,2023
33498,Consumer,2020
33499,Small Business,2025
33500,Small Business,2021
33501,Consumer,2019
33502,Consumer,2020
33503,Small Business,2024
33504,Small Business,2020
33505,Consumer,2022
33506,Consumer,2024
33507,Small Business,2025
33508,Consumer,2020
33509,Consumer,2024
33510,Consumer,2023
33511,Consumer,2020
33512,Consumer,2022
33513,Consumer,2019
33514,Consumer,2020
33515,Consumer,2025
33516,Consumer,2021
33517,Consumer,2021
33518,Small Business,2019
33519,Small Business,2021
33520,Consumer,2019
33521,Consumer,2024
33522,Small Business,2021
33523,Consumer,2025
33524,Consumer,2024
33525,Consumer,2024
33526,Consumer,2021
33527,Consumer,2025
33528,Consumer,2022
33529,Consumer,2019
33530,Consumer,2019
33531,Consumer,2025
33532,Consumer,2025
33533,Consumer,2023
33534,Consumer,2021
33535,Consumer,2023
33536,Consumer,2020
33537,Enterprise,2025
33538,Consumer,2021
33539,Consumer,2021
33540,Consumer,2025
33541,Consumer,2025
33542,Small Business,2023
33543,Consumer,2019
33544,Consumer,2019
33545,Consumer,2022
33546,Consumer,2020
33547,Consumer,2020
33548,Consumer,2024
33549,Small Business,2021
33550,Consumer,2024
33551,Consumer,2023
33552,Consumer,2019
33553,Consumer,2019
33554,Consumer,2021
33555,Consumer,2019
33556,Enterprise,2019
33557,Consumer,2022
33558,Consumer,2019
33559,Consumer,2025
33560,Consumer,2019
33561,Consumer,2025
33562,Small Business,2022
33563,Consumer,2022
33564,Consumer,2019
33565,Consumer,2024
33566,Consumer,2023
33567,Consumer,2022
33568,Consumer,2021
33569,Consumer,2022
33570,Consumer,2021
33571,Small Business,2025
33572,Small Business,2025
33573,Consumer,2022
33574,Small Business,2021
33575,Consumer,2024
33576,Small Business,2019
33577,Consumer,2022
33578,Consumer,2021
33579,Consumer,2023
33580,Consumer,2022
33581,Small Business,2024
33582,Consumer,2022
33583,Enterprise,2020
33584,Consumer,2022
33585,Consumer,2024
33586,Consumer,2021
33587,Consumer,2022
33588,Consumer,2022
33589,Consumer,2022
33590,Small Business,2025
33591,Consumer,2025
33592,Consumer,2021
33593,Consumer,2023
33594,Consumer,2022
33595,Small Business,2023
33596,Consumer,2024
33597,Consumer,2024
33598,Consumer,2021
33599,Consumer,2025
33600,Consumer,2019
33601,Consumer,2023
33602,Small Business,2022
33603,Consumer,2022
33604,Consumer,2022
33605,Consumer,2023
33606,Consumer,2025
33607,Small Business,2020
33608,Small Business,2024
33609,Consumer,2025
33610,Consumer,2024
33611,Small Business,2023
33612,Consumer,2021
33613,Consumer,2020
33614,Consumer,2020
33615,Consumer,2021
33616,Consumer,2022
33617,Consumer,2020
33618,Small Business,2021
33619,Consumer,2020
33620,Consumer,2025
33621,Consumer,2022
33622,Consumer,2019
33623,Small Business,2022
33624,Consumer,2022
33625,Consumer,2022
33626,Small Business,2021
33627,Consumer,2022
33628,Consumer,2024
33629,Consumer,2024
33630,Consumer,2023
33631,Consumer,2024
33632,Consumer,2019
33633,Consumer,2019
33634,Consumer,2023
33635,Small Business,2021
33636,Consumer,2022
33637,Consumer,2024
33638,Consumer,2023
33639,Consumer,2022
33640,Consumer,2019
33641,Consumer,2025
33642,Consumer,2022
33643,Consumer,2021
33644,Consumer,2022
33645,Consumer,2025
33646,Consumer,2020
33647,Small Business,2019
33648,Consumer,2023
33649,Consumer,2024
33650,Consumer,2025
33651,Consumer,2024
33652,Consumer,2019
33653,Consumer,2023
33654,Consumer,2020
33655,Consumer,2019
33656,Consumer,2021
33657,Consumer,2025
33658,Consumer,2022
33659,Consumer,2020
33660,Consumer,2024
33661,Consumer,2025
33662,Consumer,2023
33663,Consumer,2021
33664,Consumer,2022
33665,Small Business,2021
33666,Consumer,2025
33667,Small Business,2020
33668,Small Business,2021
33669,Consumer,2019
33670,Small Business,2024
33671,Consumer,2021
33672,Consumer,2024
33673,Enterprise,2020
33674,Consumer,2019
33675,Small Business,2022
33676,Small Business,2019
33677,Small Business,2023
33678,Consumer,2025
33679,Consumer,2025
33680,Consumer,2021
33681,Consumer,2020
33682,Small Business,2023
33683,Consumer,2019
33684,Consumer,2019
33685,Enterprise,2022
33686,Consumer,2024
33687,Small Business,2024
33688,Consumer,2021
33689,Consumer,2019
33690,Consumer,2023
33691,Consumer,2024
33692,Small Business,2019
33693,Consumer,2021
33694,Consumer,2019
33695,Small Business,2022
33696,Consumer,2024
33697,Consumer,2022
33698,Consumer,2022
33699,Small Business,2020
33700,Small Business,2024
33701,Consumer,2024
33702,Consumer,2020
33703,Enterprise,2024
33704,Small Business,2021
33705,Consumer,2025
33706,Consumer,2024
33707,Consumer,2024
33708,Consumer,2023
33709,Consumer,2021
33710,Consumer,2023
33711,Consumer,2023
33712,Small Business,2020
33713,Consumer,2022
33714,Small Business,2022
33715,Consumer,2025
33716,Enterprise,2024
33717,Consumer,2024
33718,Consumer,2020
33719,Consumer,2023
33720,Consumer,2021
33721,Consumer,2020
33722,Small Business,2019
33723,Consumer,2022
33724,Small Business,2025
33725,Consumer,2023
33726,Consumer,2025
33727,Consumer,2023
33728,Consumer,2019
33729,Consumer,2024
33730,Consumer,2024
33731,Consumer,2024
33732,Consumer,2022
33733,Consumer,2022
33734,Consumer,2025
33735,Consumer,2025
33736,Consumer,2022
33737,Small Business,2024
33738,Consumer,2020
33739,Small Business,2023
33740,Consumer,2024
33741,Enterprise,2025
33742,Consumer,2025
33743,Consumer,2020
33744,Consumer,2022
33745,Small Business,2022
33746,Consumer,2021
33747,Small Business,2019
33748,Consumer,2024
33749,Consumer,2024
33750,Small Business,2019
33751,Consumer,2021
33752,Consumer,2024
33753,Small Business,2020
33754,Consumer,2025
33755,Consumer,2019
33756,Consumer,2021
33757,Small Business,2025
33758,Consumer,2019
33759,Consumer,2022
33760,Consumer,2019
33761,Small Business,2020
33762,Consumer,2025
33763,Consumer,2022
33764,Small Business,2024
33765,Small Business,2025
33766,Consumer,2021
33767,Consumer,2023
33768,Consumer,2025
33769,Consumer,2022
33770,Consumer,2025
33771,Consumer,2019
33772,Consumer,2025
33773,Consumer,2021
33774,Consumer,2022
33775,Consumer,2020
33776,Consumer,2024
33777,Consumer,2020
33778,Consumer,2019
33779,Small Business,2019
33780,Consumer,2020
33781,Small Business,2023
33782,Enterprise,2023
33783,Consumer,2020
33784,Small Business,2019
33785,Consumer,2020
33786,Consumer,2019
33787,Consumer,2021
33788,Consumer,2019
33789,Consumer,2020
33790,Small Business,2022
33791,Consumer,2021
33792,Small Business,2022
33793,Enterprise,2020
33794,Small Business,2025
33795,Consumer,2019
33796,Consumer,2021
33797,Consumer,2020
33798,Consumer,2022
33799,Consumer,2022
33800,Consumer,2024
33801,Small Business,2024
33802,Consumer,2024
33803,Consumer,2022
33804,Consumer,2021
33805,Consumer,2023
33806,Small Business,2024
33807,Small Business,2020
33808,Consumer,2025
33809,Consumer,2022
33810,Small Business,2024
33811,Consumer,2019
33812,Consumer,2021
33813,Consumer,2021
33814,Consumer,2024
33815,Small Business,2020
33816,Consumer,2024
33817,Consumer,2024
33818,Enterprise,2020
33819,Consumer,2025
33820,Consumer,2023
33821,Consumer,2022
33822,Enterprise,2019
33823,Enterprise,2022
33824,Consumer,2020
33825,Small Business,2021
33826,Small Business,2019
33827,Consumer,2024
33828,Consumer,2019
33829,Small Business,2022
33830,Consumer,2019
33831,Consumer,2021
33832,Consumer,2025
33833,Consumer,2020
33834,Consumer,2020
33835,Consumer,2025
33836,Consumer,2019
33837,Enterprise,2025
33838,Consumer,2024
33839,Consumer,2021
33840,Consumer,2023
33841,Consumer,2023
33842,Small Business,2023
33843,Consumer,2020
33844,Consumer,2025
33845,Consumer,2022
33846,Small Business,2023
33847,Small Business,2024
33848,Consumer,2023
33849,Small Business,2022
33850,Small Business,2022
33851,Small Business,2023
33852,Enterprise,2022
33853,Small Business,2024
33854,Consumer,2024
33855,Consumer,2023
33856,Small Business,2021
33857,Small Business,2022
33858,Consumer,2019
33859,Consumer,2020
33860,Consumer,2021
33861,Consumer,2023
33862,Consumer,2021
33863,Consumer,2019
33864,Consumer,2020
33865,Consumer,2020
33866,Consumer,2023
33867,Consumer,2025
33868,Small Business,2024
33869,Consumer,2022
33870,Consumer,2020
33871,Consumer,2025
33872,Consumer,2022
33873,Consumer,2024
33874,Consumer,2021
33875,Enterprise,2021
33876,Consumer,2022
33877,Consumer,2023
33878,Enterprise,2019
33879,Small Business,2021
33880,Consumer,2025
33881,Small Business,2023
33882,Consumer,2019
33883,Small Business,2023
33884,Consumer,2024
33885,Consumer,2024
33886,Small Business,2020
33887,Small Business,2020
33888,Consumer,2024
33889,Consumer,2025
33890,Small Business,2020
33891,Consumer,2020
33892,Consumer,2024
33893,Consumer,2024
33894,Enterprise,2025
33895,Consumer,2023
33896,Consumer,2025
33897,Consumer,2024
33898,Consumer,2025
33899,Consumer,2024
33900,Consumer,2021
33901,Consumer,2019
33902,Small Business,2022
33903,Consumer,2020
33904,Consumer,2025
33905,Consumer,2021
33906,Small Business,2025
33907,Consumer,2021
33908,Consumer,2022
33909,Consumer,2023
33910,Consumer,2021
33911,Consumer,2023
33912,Consumer,2019
33913,Small Business,2023
33914,Consumer,2021
33915,Small Business,2020
33916,Enterprise,2022
33917,Small Business,2019
33918,Consumer,2024
33919,Consumer,2025
33920,Consumer,2021
33921,Consumer,2021
33922,Consumer,2021
33923,Consumer,2024
33924,Small Business,2019
33925,Small Business,2019
33926,Consumer,2019
33927,Small Business,2023
33928,Consumer,2024
33929,Small Business,2023
33930,Consumer,2020
33931,Consumer,2021
33932,Consumer,2025
33933,Small Business,2024
33934,Small Business,2019
33935,Enterprise,2020
33936,Small Business,2024
33937,Consumer,2023
33938,Consumer,2019
33939,Consumer,2020
33940,Consumer,2023
33941,Consumer,2024
33942,Consumer,2024
33943,Consumer,2019
33944,Small Business,2020
33945,Consumer,2022
33946,Consumer,2022
33947,Consumer,2025
33948,Consumer,2024
33949,Consumer,2020
33950,Consumer,2020
33951,Small Business,2019
33952,Consumer,2022
33953,Consumer,2020
33954,Small Business,2022
33955,Small Business,2023
33956,Consumer,2024
33957,Consumer,2022
33958,Consumer,2021
33959,Consumer,2024
33960,Consumer,2023
33961,Consumer,2023
33962,Small Business,2025
33963,Consumer,2025
33964,Small Business,2023
33965,Consumer,2020
33966,Consumer,2019
33967,Small Business,2023
33968,Consumer,2020
33969,Consumer,2025
33970,Consumer,2021
33971,Consumer,2020
33972,Consumer,2021
33973,Consumer,2023
33974,Consumer,2021
33975,Consumer,2019
33976,Consumer,2022
33977,Consumer,2022
33978,Consumer,2025
33979,Consumer,2019
33980,Consumer,2024
33981,Consumer,2021
33982,Enterprise,2019
33983,Small Business,2019
33984,Small Business,2022
33985,Consumer,2023
33986,Consumer,2023
33987,Consumer,2024
33988,Enterprise,2020
33989,Enterprise,2023
33990,Consumer,2019
33991,Consumer,2022
33992,Consumer,2025
33993,Consumer,2023
33994,Consumer,2024
33995,Consumer,2019
33996,Consumer,2025
33997,Small Business,2021
33998,Small Business,2024
33999,Small Business,2021
34000,Consumer,2023
34001,Consumer,2022
34002,Consumer,2024
34003,Consumer,2025
34004,Enterprise,2022
34005,Consumer,2019
34006,Consumer,2020
34007,Consumer,2021
34008,Consumer,2019
34009,Consumer,2022
34010,Consumer,2023
34011,Consumer,2022
34012,Consumer,2020
34013,Consumer,2021
34014,Consumer,2024
34015,Small Business,2019
34016,Consumer,2022
34017,Consumer,2024
34018,Consumer,2025
34019,Consumer,2022
34020,Consumer,2021
34021,Consumer,2023
34022,Enterprise,2021
34023,Consumer,2024
34024,Consumer,2020
34025,Small Business,2021
34026,Consumer,2021
34027,Consumer,2024
34028,Consumer,2022
34029,Consumer,2024
34030,Consumer,2019
34031,Enterprise,2024
34032,Consumer,2024
34033,Consumer,2019
34034,Enterprise,2019
34035,Consumer,2022
34036,Consumer,2025
34037,Enterprise,2024
34038,Consumer,2021
34039,Small Business,2025
34040,Consumer,2022
34041,Consumer,2023
34042,Enterprise,2025
34043,Consumer,2020
34044,Small Business,2024
34045,Small Business,2021
34046,Consumer,2020
34047,Small Business,2021
34048,Small Business,2021
34049,Small Business,2023
34050,Consumer,2020
34051,Consumer,2023
34052,Consumer,2023
34053,Consumer,2024
34054,Small Business,2023
34055,Enterprise,2023
34056,Consumer,2025
34057,Consumer,2023
34058,Enterprise,2020
34059,Consumer,2024
34060,Consumer,2019
34061,Consumer,2021
34062,Consumer,2020
34063,Small Business,2024
34064,Consumer,2025
34065,Consumer,2021
34066,Small Business,2025
34067,Small Business,2025
34068,Enterprise,2021
34069,Small Business,2020
34070,Consumer,2022
34071,Small Business,2025
34072,Consumer,2024
34073,Consumer,2024
34074,Consumer,2022
34075,Consumer,2021
34076,Consumer,2025
34077,Small Business,2022
34078,Consumer,2024
34079,Consumer,2024
34080,Enterprise,2024
34081,Small Business,2025
34082,Small Business,2023
34083,Consumer,2022
34084,Consumer,2020
34085,Consumer,2019
34086,Small Business,2020
34087,Small Business,2025
34088,Consumer,2025
34089,Consumer,2022
34090,Consumer,2020
34091,Consumer,2019
34092,Consumer,2020
34093,Consumer,2020
34094,Consumer,2024
34095,Consumer,2024
34096,Consumer,2019
34097,Consumer,2019
34098,Consumer,2024
34099,Consumer,2019
34100,Consumer,2023
34101,Consumer,2022
34102,Small Business,2019
34103,Consumer,2023
34104,Small Business,2020
34105,Consumer,2020
34106,Consumer,2021
34107,Consumer,2025
34108,Consumer,2020
34109,Consumer,2020
34110,Consumer,2020
34111,Consumer,2025
34112,Small Business,2024
34113,Consumer,2025
34114,Consumer,2025
34115,Consumer,2022
34116,Consumer,2020
34117,Small Business,2021
34118,Consumer,2023
34119,Consumer,2024
34120,Consumer,2022
34121,Consumer,2019
34122,Enterprise,2021
34123,Consumer,2022
34124,Consumer,2025
34125,Consumer,2023
34126,Consumer,2019
34127,Consumer,2022
34128,Consumer,2025
34129,Consumer,2021
34130,Consumer,2021
34131,Small Business,2019
34132,Consumer,2022
34133,Small Business,2020
34134,Consumer,2025
34135,Consumer,2020
34136,Enterprise,2023
34137,Consumer,2023
34138,Consumer,2024
34139,Consumer,2021
34140,Consumer,2019
34141,Consumer,2020
34142,Consumer,2022
34143,Consumer,2021
34144,Consumer,2021
34145,Consumer,2019
34146,Consumer,2021
34147,Small Business,2022
34148,Consumer,2020
34149,Consumer,2024
34150,Consumer,2023
34151,Small Business,2021
34152,Consumer,2022
34153,Small Business,2024
34154,Small Business,2019
34155,Consumer,2021
34156,Small Business,2024
34157,Consumer,2024
34158,Consumer,2020
34159,Enterprise,2023
34160,Small Business,2023
34161,Consumer,2023
34162,Small Business,2025
34163,Consumer,2020
34164,Small Business,2021
34165,Enterprise,2022
34166,Small Business,2023
34167,Consumer,2023
34168,Consumer,2025
34169,Small Business,2020
34170,Consumer,2023
34171,Small Business,2020
34172,Consumer,2025
34173,Consumer,2019
34174,Consumer,2019
34175,Consumer,2025
34176,Consumer,2021
34177,Consumer,2021
34178,Small Business,2023
34179,Consumer,2019
34180,Consumer,2022
34181,Consumer,2021
34182,Consumer,2020
34183,Consumer,2020
34184,Small Business,2021
34185,Consumer,2022
34186,Consumer,2024
34187,Consumer,2020
34188,Consumer,2024
34189,Consumer,2020
34190,Consumer,2023
34191,Consumer,2021
34192,Small Business,2025
34193,Consumer,2023
34194,Consumer,2022
34195,Consumer,2019
34196,Consumer,2024
34197,Enterprise,2025
34198,Consumer,2019
34199,Consumer,2022
34200,Consumer,2025
34201,Consumer,2023
34202,Consumer,2025
34203,Consumer,2024
34204,Consumer,2025
34205,Small Business,2021
34206,Consumer,2025
34207,Consumer,2020
34208,Consumer,2024
34209,Consumer,2022
34210,Consumer,2019
34211,Small Business,2023
34212,Small Business,2025
34213,Consumer,2025
34214,Consumer,2020
34215,Consumer,2024
34216,Consumer,2025
34217,Small Business,2025
34218,Small Business,2022
34219,Small Business,2025
34220,Consumer,2020
34221,Enterprise,2022
34222,Enterprise,2021
34223,Consumer,2021
34224,Consumer,2020
34225,Small Business,2023
34226,Consumer,2024
34227,Consumer,2024
34228,Consumer,2024
34229,Consumer,2019
34230,Small Business,2021
34231,Small Business,2023
34232,Enterprise,2021
34233,Consumer,2020
34234,Small Business,2020
34235,Consumer,2022
34236,Consumer,2021
34237,Small Business,2023
34238,Small Business,2023
34239,Consumer,2020
34240,Consumer,2023
34241,Consumer,2023
34242,Consumer,2019
34243,Consumer,2024
34244,Consumer,2024
34245,Small Business,2025
34246,Consumer,2025
34247,Consumer,2020
34248,Consumer,2024
34249,Consumer,2025
34250,Consumer,2019
34251,Consumer,2023
34252,Consumer,2024
34253,Consumer,2019
34254,Consumer,2019
34255,Small Business,2021
34256,Consumer,2019
34257,Consumer,2020
34258,Consumer,2020
34259,Consumer,2020
34260,Consumer,2022
34261,Small Business,2025
34262,Consumer,2024
34263,Consumer,2019
34264,Consumer,2024
34265,Small Business,2024
34266,Consumer,2021
34267,Consumer,2021
34268,Consumer,2022
34269,Small Business,2025
34270,Consumer,2020
34271,Small Business,2022
34272,Small Business,2025
34273,Consumer,2023
34274,Consumer,2020
34275,Small Business,2024
34276,Consumer,2020
34277,Consumer,2020
34278,Consumer,2025
34279,Consumer,2024
34280,Consumer,2020
34281,Small Business,2024
34282,Consumer,2020
34283,Consumer,2021
34284,Consumer,2025
34285,Consumer,2021
34286,Consumer,2019
34287,Consumer,2025
34288,Enterprise,2019
34289,Small Business,2025
34290,Consumer,2022
34291,Consumer,2020
34292,Consumer,2021
34293,Consumer,2019
34294,Small Business,2025
34295,Small Business,2025
34296,Enterprise,2024
34297,Consumer,2020
34298,Consumer,2022
34299,Consumer,2023
34300,Consumer,2019
34301,Consumer,2023
34302,Small Business,2020
34303,Small Business,2024
34304,Small Business,2025
34305,Consumer,2021
34306,Consumer,2020
34307,Consumer,2021
34308,Consumer,2019
34309,Consumer,2020
34310,Consumer,2020
34311,Consumer,2019
34312,Consumer,2024
34313,Enterprise,2022
34314,Small Business,2025
34315,Consumer,2021
34316,Consumer,2020
34317,Consumer,2022
34318,Small Business,2020
34319,Consumer,2024
34320,Consumer,2024
34321,Small Business,2023
34322,Consumer,2020
34323,Small Business,2024
34324,Small Business,2021
34325,Small Business,2025
34326,Small Business,2021
34327,Small Business,2023
34328,Consumer,2021
34329,Consumer,2025
34330,Consumer,2019
34331,Consumer,2025
34332,Consumer,2024
34333,Consumer,2019
34334,Consumer,2020
34335,Small Business,2021
34336,Consumer,2021
34337,Consumer,2023
34338,Consumer,2023
34339,Consumer,2020
34340,Consumer,2024
34341,Consumer,2019
34342,Small Business,2023
34343,Consumer,2024
34344,Consumer,2021
34345,Consumer,2021
34346,Small Business,2019
34347,Consumer,2019
34348,Consumer,2022
34349,Consumer,2019
34350,Consumer,2022
34351,Consumer,2025
34352,Consumer,2021
34353,Consumer,2023
34354,Consumer,2023
34355,Small Business,2024
34356,Consumer,2024
34357,Consumer,2023
34358,Consumer,2019
34359,Consumer,2024
34360,Enterprise,2024
34361,Consumer,2021
34362,Small Business,2023
34363,Consumer,2024
34364,Consumer,2021
34365,Small Business,2020
34366,Small Business,2023
34367,Small Business,2021
34368,Consumer,2023
34369,Consumer,2021
34370,Consumer,2024
34371,Consumer,2020
34372,Consumer,2021
34373,Consumer,2022
34374,Consumer,2023
34375,Small Business,2024
34376,Enterprise,2022
34377,Consumer,2025
34378,Consumer,2021
34379,Consumer,2024
34380,Consumer,2019
34381,Consumer,2022
34382,Small Business,2025
34383,Consumer,2025
34384,Consumer,2019
34385,Consumer,2021
34386,Consumer,2023
34387,Small Business,2019
34388,Small Business,2021
34389,Consumer,2025
34390,Consumer,2024
34391,Small Business,2022
34392,Consumer,2022
34393,Consumer,2021
34394,Consumer,2020
34395,Consumer,2023
34396,Consumer,2020
34397,Consumer,2024
34398,Consumer,2021
34399,Consumer,2024
34400,Consumer,2022
34401,Small Business,2025
34402,Small Business,2023
34403,Consumer,2025
34404,Consumer,2024
34405,Consumer,2024
34406,Small Business,2021
34407,Consumer,2019
34408,Small Business,2024
34409,Enterprise,2023
34410,Consumer,2020
34411,Consumer,2019
34412,Consumer,2025
34413,Consumer,2022
34414,Consumer,2019
34415,Consumer,2025
34416,Small Business,2024
34417,Consumer,2022
34418,Consumer,2020
34419,Consumer,2020
34420,Consumer,2023
34421,Consumer,2020
34422,Consumer,2022
34423,Consumer,2019
34424,Consumer,2023
34425,Consumer,2021
34426,Small Business,2025
34427,Consumer,2023
34428,Small Business,2023
34429,Consumer,2022
34430,Consumer,2020
34431,Consumer,2024
34432,Consumer,2021
34433,Consumer,2020
34434,Small Business,2019
34435,Consumer,2022
34436,Consumer,2021
34437,Consumer,2019
34438,Consumer,2021
34439,Consumer,2025
34440,Consumer,2023
34441,Consumer,2019
34442,Small Business,2025
34443,Consumer,2025
34444,Consumer,2020
34445,Consumer,2022
34446,Consumer,2024
34447,Small Business,2022
34448,Small Business,2025
34449,Consumer,2022
34450,Consumer,2023
34451,Consumer,2024
34452,Small Business,2023
34453,Consumer,2019
34454,Consumer,2024
34455,Consumer,2019
34456,Small Business,2021
34457,Enterprise,2019
34458,Consumer,2025
34459,Consumer,2023
34460,Consumer,2021
34461,Consumer,2024
34462,Consumer,2019
34463,Consumer,2020
34464,Small Business,2024
34465,Enterprise,2025
34466,Small Business,2021
34467,Consumer,2023
34468,Consumer,2019
34469,Consumer,2020
34470,Consumer,2020
34471,Consumer,2022
34472,Small Business,2021
34473,Consumer,2019
34474,Consumer,2020
34475,Consumer,2019
34476,Consumer,2019
34477,Consumer,2023
34478,Consumer,2020
34479,Consumer,2019
34480,Consumer,2023
34481,Consumer,2024
34482,Enterprise,2019
34483,Small Business,2021
34484,Consumer,2024
34485,Small Business,2020
34486,Consumer,2024
34487,Small Business,2023
34488,Consumer,2024
34489,Consumer,2024
34490,Consumer,2020
34491,Enterprise,2020
34492,Small Business,2023
34493,Consumer,2024
34494,Consumer,2019
34495,Consumer,2023
34496,Small Business,2025
34497,Consumer,2023
34498,Consumer,2019
34499,Consumer,2020
34500,Consumer,2020
34501,Consumer,2021
34502,Small Business,2019
34503,Enterprise,2024
34504,Consumer,2025
34505,Small Business,2021
34506,Consumer,2019
34507,Consumer,2023
34508,Consumer,2019
34509,Consumer,2021
34510,Enterprise,2019
34511,Consumer,2023
34512,Consumer,2025
34513,Consumer,2021
34514,Consumer,2021
34515,Consumer,2022
34516,Consumer,2025
34517,Small Business,2023
34518,Consumer,2025
34519,Consumer,2021
34520,Consumer,2024
34521,Consumer,2025
34522,Consumer,2020
34523,Consumer,2021
34524,Small Business,2025
34525,Consumer,2022
34526,Small Business,2022
34527,Enterprise,2023
34528,Consumer,2022
34529,Consumer,2022
34530,Consumer,2023
34531,Consumer,2020
34532,Consumer,2024
34533,Consumer,2024
34534,Consumer,2025
34535,Consumer,2024
34536,Consumer,2025
34537,Consumer,2022
34538,Small Business,2021
34539,Small Business,2023
34540,Small Business,2019
34541,Consumer,2021
34542,Consumer,2025
34543,Consumer,2019
34544,Consumer,2019
34545,Consumer,2023
34546,Small Business,2022
34547,Small Business,2024
34548,Enterprise,2020
34549,Consumer,2022
34550,Consumer,2021
34551,Consumer,2025
34552,Small Business,2022
34553,Consumer,2019
34554,Small Business,2023
34555,Small Business,2023
34556,Consumer,2025
34557,Consumer,2021
34558,Small Business,2025
34559,Consumer,2021
34560,Consumer,2022
34561,Consumer,2021
34562,Consumer,2021
34563,Enterprise,2023
34564,Consumer,2022
34565,Consumer,2025
34566,Enterprise,2021
34567,Consumer,2023
34568,Small Business,2022
34569,Small Business,2025
34570,Consumer,2025
34571,Consumer,2021
34572,Consumer,2022
34573,Consumer,2021
34574,Consumer,2019
34575,Consumer,2025
34576,Consumer,2023
34577,Small Business,2025
34578,Consumer,2020
34579,Consumer,2021
34580,Consumer,2020
34581,Consumer,2021
34582,Consumer,2024
34583,Consumer,2024
34584,Enterprise,2020
34585,Small Business,2019
34586,Consumer,2023
34587,Small Business,2020
34588,Consumer,2024
34589,Consumer,2019
34590,Consumer,2021
34591,Small Business,2021
34592,Enterprise,2022
34593,Consumer,2024
34594,Consumer,2023
34595,Consumer,2021
34596,Consumer,2023
34597,Consumer,2022
34598,Consumer,2025
34599,Consumer,2025
34600,Consumer,2025
34601,Small Business,2020
34602,Consumer,2020
34603,Consumer,2020
34604,Consumer,2022
34605,Consumer,2024
34606,Small Business,2020
34607,Consumer,2025
34608,Small Business,2019
34609,Consumer,2022
34610,Small Business,2021
34611,Consumer,2025
34612,Consumer,2021
34613,Consumer,2020
34614,Small Business,2022
34615,Consumer,2019
34616,Consumer,2023
34617,Consumer,2020
34618,Small Business,2021
34619,Consumer,2023
34620,Consumer,2025
34621,Small Business,2023
34622,Consumer,2024
34623,Consumer,2024
34624,Small Business,2024
34625,Consumer,2021
34626,Consumer,2021
34627,Consumer,2025
34628,Consumer,2020
34629,Small Business,2025
34630,Consumer,2019
34631,Consumer,2024
34632,Consumer,2020
34633,Consumer,2024
34634,Consumer,2025
34635,Consumer,2025
34636,Enterprise,2021
34637,Consumer,2020
34638,Consumer,2021
34639,Small Business,2023
34640,Consumer,2022
34641,Consumer,2024
34642,Small Business,2023
34643,Small Business,2019
34644,Consumer,2025
34645,Consumer,2020
34646,Consumer,2019
34647,Consumer,2020
34648,Consumer,2024
34649,Consumer,2024
34650,Small Business,2022
34651,Consumer,2022
34652,Small Business,2020
34653,Consumer,2025
34654,Consumer,2022
34655,Consumer,2019
34656,Consumer,2022
34657,Consumer,2019
34658,Consumer,2019
34659,Small Business,2020
34660,Small Business,2019
34661,Consumer,2025
34662,Consumer,2023
34663,Small Business,2022
34664,Consumer,2024
34665,Consumer,2023
34666,Small Business,2023
34667,Consumer,2022
34668,Consumer,2021
34669,Consumer,2019
34670,Consumer,2022
34671,Consumer,2024
34672,Consumer,2025
34673,Small Business,2020
34674,Consumer,2025
34675,Consumer,2019
34676,Consumer,2020
34677,Consumer,2024
34678,Consumer,2019
34679,Consumer,2022
34680,Enterprise,2023
34681,Consumer,2019
34682,Small Business,2020
34683,Consumer,2021
34684,Consumer,2024
34685,Small Business,2024
34686,Consumer,2020
34687,Small Business,2021
34688,Consumer,2020
34689,Consumer,2022
34690,Consumer,2024
34691,Consumer,2019
34692,Consumer,2020
34693,Small Business,2021
34694,Small Business,2019
34695,Small Business,2025
34696,Consumer,2024
34697,Consumer,2021
34698,Small Business,2019
34699,Consumer,2022
34700,Consumer,2021
34701,Consumer,2020
34702,Small Business,2021
34703,Small Business,2025
34704,Consumer,2020
34705,Small Business,2025
34706,Small Business,2019
34707,Consumer,2022
34708,Consumer,2019
34709,Consumer,2023
34710,Consumer,2021
34711,Consumer,2023
34712,Consumer,2025
34713,Consumer,2025
34714,Consumer,2024
34715,Consumer,2021
34716,Small Business,2024
34717,Consumer,2022
34718,Small Business,2023
34719,Enterprise,2023
34720,Small Business,2024
34721,Consumer,2024
34722,Small Business,2022
34723,Small Business,2020
34724,Small Business,2025
34725,Consumer,2019
34726,Consumer,2023
34727,Consumer,2020
34728,Consumer,2023
34729,Consumer,2022
34730,Consumer,2019
34731,Small Business,2025
34732,Consumer,2024
34733,Consumer,2021
34734,Consumer,2021
34735,Consumer,2022
34736,Consumer,2024
34737,Small Business,2025
34738,Consumer,2024
34739,Consumer,2019
34740,Consumer,2019
34741,Consumer,2020
34742,Consumer,2021
34743,Enterprise,2019
34744,Consumer,2025
34745,Consumer,2023
34746,Small Business,2019
34747,Consumer,2025
34748,Consumer,2024
34749,Small Business,2021
34750,Consumer,2021
34751,Consumer,2023
34752,Enterprise,2022
34753,Consumer,2025
34754,Consumer,2025
34755,Consumer,2025
34756,Consumer,2023
34757,Consumer,2024
34758,Small Business,2022
34759,Enterprise,2024
34760,Consumer,2023
34761,Small Business,2022
34762,Consumer,2020
34763,Consumer,2025
34764,Consumer,2019
34765,Consumer,2019
34766,Consumer,2023
34767,Consumer,2021
34768,Small Business,2025
34769,Consumer,2019
34770,Small Business,2023
34771,Consumer,2020
34772,Consumer,2022
34773,Consumer,2022
34774,Consumer,2020
34775,Consumer,2021
34776,Consumer,2019
34777,Consumer,2024
34778,Consumer,2020
34779,Consumer,2019
34780,Consumer,2025
34781,Consumer,2023
34782,Small Business,2022
34783,Consumer,2022
34784,Consumer,2024
34785,Consumer,2021
34786,Small Business,2019
34787,Consumer,2023
34788,Consumer,2022
34789,Consumer,2019
34790,Consumer,2020
34791,Consumer,2021
34792,Small Business,2025
34793,Consumer,2024
34794,Consumer,2020
34795,Consumer,2020
34796,Consumer,2019
34797,Consumer,2020
34798,Consumer,2020
34799,Consumer,2022
34800,Consumer,2019
34801,Consumer,2022
34802,Consumer,2021
34803,Consumer,2023
34804,Small Business,2025
34805,Consumer,2025
34806,Consumer,2025
34807,Consumer,2022
34808,Enterprise,2023
34809,Consumer,2023
34810,Consumer,2024
34811,Consumer,2020
34812,Small Business,2021
34813,Small Business,2021
34814,Consumer,2025
34815,Enterprise,2020
34816,Consumer,2020
34817,Small Business,2021
34818,Consumer,2021
34819,Small Business,2023
34820,Small Business,2019
34821,Small Business,2020
34822,Consumer,2025
34823,Consumer,2023
34824,Consumer,2021
34825,Consumer,2025
34826,Consumer,2020
34827,Consumer,2023
34828,Consumer,2020
34829,Consumer,2023
34830,Small Business,2022
34831,Consumer,2019
34832,Consumer,2022
34833,Consumer,2022
34834,Consumer,2023
34835,Consumer,2025
34836,Consumer,2024
34837,Consumer,2021
34838,Consumer,2023
34839,Enterprise,2022
34840,Consumer,2022
34841,Consumer,2020
34842,Small Business,2022
34843,Small Business,2021
34844,Consumer,2025
34845,Consumer,2022
34846,Consumer,2022
34847,Consumer,2019
34848,Consumer,2021
34849,Consumer,2025
34850,Consumer,2023
34851,Consumer,2024
34852,Small Business,2023
34853,Consumer,2022
34854,Enterprise,2025
34855,Consumer,2021
34856,Enterprise,2021
34857,Small Business,2024
34858,Consumer,2022
34859,Consumer,2021
34860,Consumer,2023
34861,Small Business,2024
34862,Consumer,2023
34863,Consumer,2022
34864,Small Business,2019
34865,Consumer,2024
34866,Consumer,2025
34867,Small Business,2024
34868,Small Business,2020
34869,Consumer,2025
34870,Consumer,2020
34871,Consumer,2025
34872,Consumer,2023
34873,Consumer,2022
34874,Enterprise,2020
34875,Consumer,2021
34876,Consumer,2019
34877,Consumer,2023
34878,Small Business,2025
34879,Consumer,2024
34880,Consumer,2023
34881,Consumer,2025
34882,Consumer,2025
34883,Consumer,2025
34884,Consumer,2019
34885,Consumer,2025
34886,Consumer,2019
34887,Consumer,2021
34888,Small Business,2020
34889,Consumer,2024
34890,Enterprise,2019
34891,Consumer,2025
34892,Consumer,2022
34893,Consumer,2019
34894,Consumer,2025
34895,Consumer,2019
34896,Consumer,2021
34897,Enterprise,2020
34898,Consumer,2024
34899,Consumer,2020
34900,Consumer,2023
34901,Consumer,2019
34902,Consumer,2019
34903,Small Business,2019
34904,Enterprise,2020
34905,Enterprise,2022
34906,Consumer,2023
34907,Consumer,2023
34908,Consumer,2019
34909,Consumer,2021
34910,Consumer,2022
34911,Consumer,2021
34912,Consumer,2023
34913,Small Business,2022
34914,Small Business,2021
34915,Small Business,2020
34916,Consumer,2021
34917,Small Business,2024
34918,Consumer,2024
34919,Consumer,2022
34920,Consumer,2021
34921,Consumer,2021
34922,Consumer,2022
34923,Small Business,2025
34924,Consumer,2020
34925,Small Business,2023
34926,Consumer,2024
34927,Small Business,2019
34928,Small Business,2023
34929,Consumer,2023
34930,Small Business,2025
34931,Consumer,2021
34932,Consumer,2024
34933,Consumer,2019
34934,Consumer,2023
34935,Consumer,2020
34936,Consumer,2023
34937,Consumer,2023
34938,Consumer,2021
34939,Enterprise,2024
34940,Enterprise,2022
34941,Consumer,2020
34942,Consumer,2023
34943,Consumer,2022
34944,Consumer,2022
34945,Consumer,2019
34946,Small Business,2025
34947,Consumer,2021
34948,Consumer,2022
34949,Consumer,2020
34950,Small Business,2019
34951,Consumer,2024
34952,Consumer,2019
34953,Consumer,2023
34954,Consumer,2019
34955,Consumer,2021
34956,Consumer,2025
34957,Consumer,2022
34958,Consumer,2021
34959,Enterprise,2019
34960,Consumer,2024
34961,Small Business,2023
34962,Consumer,2022
34963,Small Business,2024
34964,Small Business,2025
34965,Consumer,2023
34966,Consumer,2022
34967,Consumer,2023
34968,Small Business,2025
34969,Consumer,2020
34970,Consumer,2023
34971,Small Business,2022
34972,Small Business,2020
34973,Consumer,2020
34974,Small Business,2023
34975,Consumer,2020
34976,Small Business,2020
34977,Consumer,2021
34978,Consumer,2020
34979,Consumer,2021
34980,Small Business,2021
34981,Consumer,2019
34982,Consumer,2021
34983,Consumer,2023
34984,Consumer,2022
34985,Consumer,2021
34986,Consumer,2023
34987,Small Business,2020
34988,Consumer,2025
34989,Consumer,2019
34990,Consumer,2022
34991,Consumer,2024
34992,Consumer,2024
34993,Consumer,2022
34994,Consumer,2022
34995,Consumer,2025
34996,Consumer,2022
34997,Consumer,2019
34998,Consumer,2021
34999,Consumer,2019
35000,Consumer,2025
35001,Enterprise,2020
35002,Enterprise,2020
35003,Consumer,2023
35004,Consumer,2021
35005,Consumer,2024
35006,Consumer,2024
35007,Consumer,2022
35008,Enterprise,2021
35009,Consumer,2020
35010,Consumer,2019
35011,Consumer,2025
35012,Consumer,2020
35013,Consumer,2022
35014,Small Business,2019
35015,Consumer,2022
35016,Consumer,2021
35017,Consumer,2022
35018,Small Business,2021
35019,Consumer,2024
35020,Consumer,2025
35021,Small Business,2023
35022,Enterprise,2024
35023,Consumer,2022
35024,Small Business,2019
35025,Consumer,2021
35026,Consumer,2019
35027,Consumer,2019
35028,Consumer,2025
35029,Small Business,2022
35030,Consumer,2023
35031,Consumer,2022
35032,Consumer,2023
35033,Consumer,2021
35034,Small Business,2023
35035,Small Business,2022
35036,Consumer,2020
35037,Consumer,2022
35038,Consumer,2020
35039,Enterprise,2022
35040,Consumer,2022
35041,Consumer,2021
35042,Consumer,2022
35043,Small Business,2019
35044,Consumer,2025
35045,Small Business,2023
35046,Consumer,2019
35047,Consumer,2019
35048,Consumer,2019
35049,Small Business,2020
35050,Consumer,2025
35051,Enterprise,2024
35052,Consumer,2025
35053,Small Business,2022
35054,Consumer,2021
35055,Consumer,2021
35056,Consumer,2021
35057,Small Business,2025
35058,Consumer,2023
35059,Consumer,2024
35060,Consumer,2020
35061,Small Business,2025
35062,Consumer,2025
35063,Consumer,2023
35064,Consumer,2020
35065,Consumer,2023
35066,Consumer,2019
35067,Small Business,2020
35068,Small Business,2022
35069,Consumer,2025
35070,Consumer,2024
35071,Consumer,2020
35072,Small Business,2025
35073,Small Business,2022
35074,Consumer,2023
35075,Enterprise,2024
35076,Consumer,2019
35077,Small Business,2020
35078,Small Business,2023
35079,Consumer,2022
35080,Enterprise,2019
35081,Consumer,2019
35082,Consumer,2020
35083,Small Business,2022
35084,Consumer,2021
35085,Consumer,2025
35086,Consumer,2019
35087,Consumer,2022
35088,Consumer,2021
35089,Small Business,2019
35090,Small Business,2024
35091,Small Business,2024
35092,Consumer,2019
35093,Small Business,2022
35094,Consumer,2022
35095,Small Business,2019
35096,Consumer,2020
35097,Consumer,2021
35098,Consumer,2022
35099,Consumer,2022
35100,Enterprise,2022
35101,Consumer,2024
35102,Small Business,2020
35103,Consumer,2019
35104,Consumer,2024
35105,Consumer,2020
35106,Enterprise,2022
35107,Consumer,2019
35108,Consumer,2025
35109,Enterprise,2023
35110,Small Business,2025
35111,Small Business,2025
35112,Consumer,2020
35113,Consumer,2021
35114,Consumer,2025
35115,Consumer,2022
35116,Consumer,2024
35117,Small Business,2022
35118,Enterprise,2022
35119,Consumer,2021
35120,Small Business,2024
35121,Consumer,2022
35122,Consumer,2021
35123,Small Business,2022
35124,Consumer,2022
35125,Consumer,2020
35126,Small Business,2021
35127,Consumer,2023
35128,Consumer,2024
35129,Consumer,2021
35130,Consumer,2025
35131,Consumer,2025
35132,Consumer,2020
35133,Consumer,2020
35134,Small Business,2023
35135,Small Business,2020
35136,Consumer,2019
35137,Small Business,2024
35138,Consumer,2025
35139,Consumer,2020
35140,Consumer,2020
35141,Consumer,2024
35142,Enterprise,2019
35143,Small Business,2019
35144,Small Business,2024
35145,Consumer,2020
35146,Consumer,2023
35147,Consumer,2021
35148,Consumer,2021
35149,Small Business,2025
35150,Small Business,2023
35151,Small Business,2020
35152,Small Business,2024
35153,Consumer,2020
35154,Small Business,2020
35155,Enterprise,2021
35156,Consumer,2021
35157,Consumer,2025
35158,Consumer,2022
35159,Consumer,2021
35160,Consumer,2023
35161,Small Business,2022
35162,Enterprise,2023
35163,Small Business,2021
35164,Consumer,2022
35165,Consumer,2025
35166,Consumer,2023
35167,Consumer,2019
35168,Consumer,2019
35169,Enterprise,2022
35170,Small Business,2021
35171,Small Business,2022
35172,Consumer,2023
35173,Consumer,2025
35174,Consumer,2021
35175,Consumer,2023
35176,Small Business,2025
35177,Consumer,2020
35178,Consumer,2025
35179,Small Business,2025
35180,Consumer,2021
35181,Consumer,2024
35182,Small Business,2020
35183,Small Business,2019
35184,Small Business,2020
35185,Consumer,2019
35186,Consumer,2022
35187,Consumer,2020
35188,Consumer,2025
35189,Consumer,2022
35190,Consumer,2020
35191,Consumer,2021
35192,Consumer,2021
35193,Consumer,2019
35194,Consumer,2022
35195,Small Business,2019
35196,Consumer,2022
35197,Consumer,2024
35198,Consumer,2023
35199,Consumer,2019
35200,Consumer,2024
35201,Consumer,2022
35202,Consumer,2024
35203,Consumer,2021
35204,Consumer,2022
35205,Consumer,2022
35206,Consumer,2019
35207,Consumer,2022
35208,Consumer,2023
35209,Consumer,2024
35210,Small Business,2023
35211,Consumer,2021
35212,Consumer,2020
35213,Consumer,2024
35214,Consumer,2024
35215,Consumer,2020
35216,Enterprise,2024
35217,Consumer,2024
35218,Consumer,2021
35219,Small Business,2022
35220,Consumer,2025
35221,Consumer,2023
35222,Small Business,2023
35223,Consumer,2025
35224,Consumer,2025
35225,Small Business,2024
35226,Consumer,2024
35227,Small Business,2020
35228,Consumer,2023
35229,Consumer,2021
35230,Consumer,2020
35231,Small Business,2025
35232,Consumer,2021
35233,Consumer,2023
35234,Consumer,2023
35235,Consumer,2023
35236,Consumer,2024
35237,Small Business,2024
35238,Consumer,2025
35239,Consumer,2025
35240,Consumer,2019
35241,Consumer,2021
35242,Consumer,2024
35243,Consumer,2024
35244,Small Business,2020
35245,Consumer,2024
35246,Consumer,2023
35247,Consumer,2022
35248,Consumer,2021
35249,Small Business,2023
35250,Small Business,2022
35251,Consumer,2020
35252,Small Business,2022
35253,Consumer,2022
35254,Consumer,2025
35255,Consumer,2020
35256,Small Business,2023
35257,Consumer,2019
35258,Consumer,2020
35259,Small Business,2024
35260,Consumer,2023
35261,Consumer,2020
35262,Consumer,2023
35263,Consumer,2025
35264,Consumer,2021
35265,Consumer,2024
35266,Consumer,2020
35267,Consumer,2021
35268,Small Business,2025
35269,Small Business,2019
35270,Consumer,2020
35271,Consumer,2019
35272,Consumer,2019
35273,Small Business,2024
35274,Small Business,2023
35275,Small Business,2019
35276,Small Business,2021
35277,Small Business,2024
35278,Consumer,2022
35279,Consumer,2023
35280,Consumer,2020
35281,Consumer,2025
35282,Small Business,2021
35283,Consumer,2025
35284,Consumer,2021
35285,Consumer,2024
35286,Consumer,2022
35287,Consumer,2023
35288,Consumer,2019
35289,Consumer,2024
35290,Consumer,2022
35291,Consumer,2020
35292,Consumer,2023
35293,Consumer,2024
35294,Enterprise,2023
35295,Consumer,2025
35296,Consumer,2020
35297,Small Business,2020
35298,Small Business,2022
35299,Consumer,2021
35300,Consumer,2021
35301,Small Business,2023
35302,Consumer,2019
35303,Small Business,2022
35304,Consumer,2022
35305,Small Business,2019
35306,Small Business,2023
35307,Small Business,2024
35308,Enterprise,2025
35309,Consumer,2025
35310,Consumer,2019
35311,Consumer,2020
35312,Consumer,2021
35313,Consumer,2023
35314,Consumer,2025
35315,Consumer,2020
35316,Consumer,2022
35317,Small Business,2023
35318,Small Business,2025
35319,Consumer,2023
35320,Small Business,2023
35321,Consumer,2025
35322,Consumer,2025
35323,Small Business,2025
35324,Consumer,2024
35325,Consumer,2021
35326,Enterprise,2019
35327,Consumer,2024
35328,Consumer,2024
35329,Consumer,2023
35330,Consumer,2019
35331,Consumer,2025
35332,Small Business,2024
35333,Consumer,2023
35334,Consumer,2021
35335,Consumer,2019
35336,Consumer,2023
35337,Consumer,2021
35338,Enterprise,2019
35339,Small Business,2019
35340,Consumer,2019
35341,Consumer,2020
35342,Small Business,2019
35343,Consumer,2019
35344,Consumer,2021
35345,Consumer,2019
35346,Consumer,2020
35347,Enterprise,2021
35348,Consumer,2019
35349,Consumer,2020
35350,Consumer,2025
35351,Small Business,2021
35352,Consumer,2024
35353,Small Business,2022
35354,Small Business,2022
35355,Small Business,2019
35356,Consumer,2024
35357,Small Business,2020
35358,Consumer,2021
35359,Enterprise,2020
35360,Consumer,2023
35361,Consumer,2023
35362,Consumer,2022
35363,Small Business,2021
35364,Consumer,2019
35365,Consumer,2024
35366,Small Business,2023
35367,Consumer,2023
35368,Consumer,2025
35369,Consumer,2019
35370,Small Business,2020
35371,Consumer,2025
35372,Consumer,2019
35373,Small Business,2021
35374,Small Business,2024
35375,Consumer,2022
35376,Consumer,2020
35377,Consumer,2021
35378,Consumer,2021
35379,Consumer,2020
35380,Small Business,2019
35381,Consumer,2023
35382,Consumer,2019
35383,Consumer,2023
35384,Small Business,2023
35385,Consumer,2025
35386,Consumer,2025
35387,Consumer,2025
35388,Enterprise,2023
35389,Consumer,2019
35390,Consumer,2024
35391,Small Business,2025
35392,Consumer,2020
35393,Consumer,2021
35394,Consumer,2019
35395,Consumer,2021
35396,Consumer,2021
35397,Consumer,2025
35398,Consumer,2020
35399,Small Business,2020
35400,Small Business,2023
35401,Consumer,2024
35402,Consumer,2025
35403,Consumer,2024
35404,Enterprise,2020
35405,Consumer,2023
35406,Consumer,2025
35407,Small Business,2024
35408,Consumer,2022
35409,Consumer,2021
35410,Consumer,2019
35411,Small Business,2021
35412,Small Business,2022
35413,Consumer,2025
35414,Consumer,2022
35415,Small Business,2023
35416,Consumer,2024
35417,Consumer,2022
35418,Small Business,2024
35419,Small Business,2025
35420,Consumer,2023
35421,Consumer,2023
35422,Small Business,2023
35423,Consumer,2025
35424,Consumer,2023
35425,Consumer,2019
35426,Consumer,2020
35427,Consumer,2020
35428,Small Business,2025
35429,Small Business,2019
35430,Consumer,2020
35431,Consumer,2023
35432,Enterprise,2023
35433,Consumer,2019
35434,Consumer,2024
35435,Consumer,2019
35436,Consumer,2019
35437,Consumer,2024
35438,Small Business,2022
35439,Consumer,2022
35440,Consumer,2019
35441,Small Business,2020
35442,Consumer,2020
35443,Consumer,2021
35444,Small Business,2023
35445,Consumer,2021
35446,Consumer,2025
35447,Consumer,2020
35448,Consumer,2021
35449,Consumer,2019
35450,Enterprise,2024
35451,Consumer,2023
35452,Consumer,2022
35453,Small Business,2024
35454,Consumer,2024
35455,Small Business,2021
35456,Small Business,2024
35457,Consumer,2020
35458,Consumer,2023
35459,Consumer,2022
35460,Small Business,2021
35461,Consumer,2023
35462,Small Business,2023
35463,Small Business,2025
35464,Consumer,2023
35465,Enterprise,2021
35466,Consumer,2025
35467,Consumer,2025
35468,Consumer,2022
35469,Consumer,2020
35470,Consumer,2025
35471,Consumer,2023
35472,Consumer,2021
35473,Enterprise,2021
35474,Small Business,2024
35475,Consumer,2023
35476,Enterprise,2023
35477,Small Business,2024
35478,Small Business,2019
35479,Consumer,2021
35480,Consumer,2022
35481,Consumer,2020
35482,Consumer,2024
35483,Consumer,2020
35484,Consumer,2023
35485,Consumer,2022
35486,Consumer,2022
35487,Consumer,2019
35488,Consumer,2024
35489,Consumer,2020
35490,Small Business,2025
35491,Small Business,2025
35492,Small Business,2020
35493,Small Business,2019
35494,Consumer,2020
35495,Consumer,2021
35496,Consumer,2025
35497,Small Business,2019
35498,Consumer,2020
35499,Consumer,2020
35500,Small Business,2024
35501,Consumer,2023
35502,Consumer,2022
35503,Small Business,2024
35504,Consumer,2021
35505,Small Business,2020
35506,Consumer,2024
35507,Consumer,2025
35508,Consumer,2024
35509,Consumer,2019
35510,Consumer,2020
35511,Consumer,2025
35512,Consumer,2019
35513,Consumer,2022
35514,Consumer,2024
35515,Consumer,2025
35516,Consumer,2023
35517,Consumer,2025
35518,Consumer,2019
35519,Enterprise,2021
35520,Consumer,2019
35521,Small Business,2024
35522,Consumer,2023
35523,Consumer,2025
35524,Consumer,2023
35525,Consumer,2023
35526,Small Business,2024
35527,Small Business,2021
35528,Consumer,2025
35529,Consumer,2025
35530,Small Business,2023
35531,Consumer,2021
35532,Consumer,2023
35533,Consumer,2025
35534,Consumer,2022
35535,Consumer,2024
35536,Consumer,2022
35537,Consumer,2022
35538,Consumer,2025
35539,Consumer,2021
35540,Consumer,2019
35541,Consumer,2024
35542,Consumer,2022
35543,Consumer,2019
35544,Consumer,2020
35545,Consumer,2024
35546,Consumer,2024
35547,Consumer,2022
35548,Consumer,2024
35549,Consumer,2025
35550,Consumer,2020
35551,Consumer,2020
35552,Consumer,2024
35553,Consumer,2021
35554,Enterprise,2023
35555,Consumer,2022
35556,Consumer,2025
35557,Consumer,2019
35558,Small Business,2024
35559,Consumer,2025
35560,Consumer,2024
35561,Consumer,2025
35562,Consumer,2019
35563,Small Business,2025
35564,Consumer,2025
35565,Small Business,2025
35566,Enterprise,2024
35567,Consumer,2021
35568,Small Business,2024
35569,Consumer,2019
35570,Consumer,2024
35571,Consumer,2020
35572,Consumer,2024
35573,Consumer,2020
35574,Consumer,2023
35575,Consumer,2019
35576,Consumer,2019
35577,Consumer,2019
35578,Consumer,2022
35579,Consumer,2024
35580,Consumer,2020
35581,Consumer,2020
35582,Enterprise,2021
35583,Enterprise,2020
35584,Consumer,2020
35585,Consumer,2021
35586,Consumer,2023
35587,Consumer,2023
35588,Consumer,2024
35589,Enterprise,2021
35590,Consumer,2025
35591,Consumer,2024
35592,Consumer,2025
35593,Small Business,2024
35594,Small Business,2019
35595,Consumer,2020
35596,Consumer,2024
35597,Small Business,2020
35598,Consumer,2025
35599,Consumer,2020
35600,Consumer,2024
35601,Small Business,2020
35602,Consumer,2019
35603,Consumer,2020
35604,Consumer,2025
35605,Consumer,2022
35606,Consumer,2022
35607,Consumer,2023
35608,Consumer,2023
35609,Consumer,2024
35610,Consumer,2020
35611,Consumer,2019
35612,Consumer,2024
35613,Consumer,2021
35614,Enterprise,2025
35615,Consumer,2023
35616,Consumer,2024
35617,Consumer,2024
35618,Consumer,2020
35619,Consumer,2020
35620,Small Business,2019
35621,Consumer,2020
35622,Consumer,2025
35623,Consumer,2019
35624,Consumer,2025
35625,Consumer,2021
35626,Consumer,2024
35627,Consumer,2025
35628,Consumer,2024
35629,Consumer,2021
35630,Small Business,2019
35631,Consumer,2022
35632,Small Business,2022
35633,Consumer,2020
35634,Small Business,2019
35635,Consumer,2022
35636,Small Business,2021
35637,Consumer,2020
35638,Consumer,2020
35639,Consumer,2022
35640,Small Business,2022
35641,Consumer,2022
35642,Small Business,2023
35643,Small Business,2023
35644,Consumer,2024
35645,Small Business,2025
35646,Consumer,2019
35647,Consumer,2021
35648,Consumer,2025
35649,Small Business,2025
35650,Consumer,2020
35651,Consumer,2020
35652,Consumer,2025
35653,Small Business,2020
35654,Consumer,2022
35655,Consumer,2025
35656,Consumer,2019
35657,Consumer,2025
35658,Consumer,2024
35659,Small Business,2025
35660,Consumer,2019
35661,Consumer,2020
35662,Small Business,2023
35663,Consumer,2021
35664,Small Business,2024
35665,Consumer,2019
35666,Consumer,2022
35667,Consumer,2020
35668,Small Business,2023
35669,Consumer,2023
35670,Consumer,2023
35671,Consumer,2023
35672,Small Business,2019
35673,Consumer,2020
35674,Consumer,2023
35675,Consumer,2020
35676,Consumer,2025
35677,Consumer,2019
35678,Small Business,2021
35679,Consumer,2021
35680,Consumer,2019
35681,Small Business,2025
35682,Enterprise,2020
35683,Small Business,2025
35684,Small Business,2023
35685,Enterprise,2022
35686,Consumer,2025
35687,Small Business,2019
35688,Consumer,2024
35689,Consumer,2024
35690,Consumer,2024
35691,Consumer,2023
35692,Small Business,2021
35693,Small Business,2020
35694,Consumer,2023
35695,Small Business,2022
35696,Small Business,2021
35697,Consumer,2025
35698,Small Business,2019
35699,Consumer,2020
35700,Consumer,2022
35701,Consumer,2025
35702,Small Business,2022
35703,Consumer,2022
35704,Consumer,2024
35705,Consumer,2024
35706,Small Business,2024
35707,Small Business,2023
35708,Consumer,2022
35709,Small Business,2023
35710,Consumer,2022
35711,Consumer,2022
35712,Consumer,2024
35713,Consumer,2023
35714,Consumer,2021
35715,Consumer,2023
35716,Consumer,2021
35717,Enterprise,2024
35718,Small Business,2025
35719,Consumer,2023
35720,Small Business,2024
35721,Enterprise,2020
35722,Consumer,2025
35723,Consumer,2023
35724,Consumer,2025
35725,Small Business,2024
35726,Consumer,2024
35727,Small Business,2019
35728,Consumer,2020
35729,Consumer,2021
35730,Small Business,2022
35731,Consumer,2021
35732,Small Business,2021
35733,Consumer,2022
35734,Consumer,2021
35735,Small Business,2023
35736,Consumer,2024
35737,Consumer,2023
35738,Consumer,2021
35739,Consumer,2025
35740,Consumer,2020
35741,Consumer,2019
35742,Consumer,2021
35743,Consumer,2022
35744,Small Business,2024
35745,Consumer,2023
35746,Consumer,2022
35747,Consumer,2021
35748,Small Business,2019
35749,Consumer,2021
35750,Consumer,2023
35751,Small Business,2024
35752,Small Business,2020
35753,Small Business,2020
35754,Consumer,2019
35755,Consumer,2023
35756,Consumer,2021
35757,Consumer,2025
35758,Consumer,2024
35759,Consumer,2025
35760,Consumer,2019
35761,Consumer,2025
35762,Small Business,2020
35763,Consumer,2023
35764,Small Business,2020
35765,Consumer,2023
35766,Consumer,2024
35767,Enterprise,2022
35768,Consumer,2020
35769,Small Business,2022
35770,Small Business,2023
35771,Enterprise,2024
35772,Consumer,2019
35773,Consumer,2019
35774,Consumer,2024
35775,Small Business,2019
35776,Consumer,2020
35777,Consumer,2025
35778,Enterprise,2022
35779,Consumer,2019
35780,Consumer,2021
35781,Small Business,2025
35782,Consumer,2023
35783,Consumer,2024
35784,Consumer,2020
35785,Consumer,2024
35786,Consumer,2019
35787,Small Business,2020
35788,Consumer,2022
35789,Consumer,2025
35790,Enterprise,2025
35791,Small Business,2021
35792,Consumer,2024
35793,Enterprise,2020
35794,Consumer,2025
35795,Consumer,2019
35796,Small Business,2022
35797,Consumer,2019
35798,Consumer,2022
35799,Small Business,2022
35800,Consumer,2024
35801,Consumer,2023
35802,Small Business,2021
35803,Consumer,2025
35804,Consumer,2019
35805,Consumer,2019
35806,Consumer,2020
35807,Consumer,2022
35808,Small Business,2025
35809,Consumer,2020
35810,Consumer,2024
35811,Consumer,2024
35812,Consumer,2021
35813,Enterprise,2020
35814,Consumer,2024
35815,Consumer,2024
35816,Enterprise,2023
35817,Consumer,2024
35818,Consumer,2022
35819,Consumer,2021
35820,Consumer,2019
35821,Consumer,2022
35822,Consumer,2024
35823,Small Business,2020
35824,Consumer,2021
35825,Consumer,2022
35826,Consumer,2020
35827,Small Business,2025
35828,Small Business,2022
35829,Consumer,2021
35830,Consumer,2020
35831,Consumer,2025
35832,Small Business,2024
35833,Small Business,2023
35834,Consumer,2021
35835,Consumer,2019
35836,Small Business,2024
35837,Small Business,2019
35838,Consumer,2022
35839,Consumer,2023
35840,Consumer,2022
35841,Consumer,2023
35842,Small Business,2019
35843,Consumer,2020
35844,Small Business,2019
35845,Consumer,2020
35846,Consumer,2020
35847,Consumer,2025
35848,Consumer,2021
35849,Consumer,2022
35850,Consumer,2020
35851,Small Business,2024
35852,Enterprise,2022
35853,Consumer,2025
35854,Consumer,2023
35855,Small Business,2024
35856,Consumer,2024
35857,Consumer,2019
35858,Small Business,2022
35859,Consumer,2021
35860,Consumer,2021
35861,Consumer,2021
35862,Consumer,2025
35863,Consumer,2025
35864,Consumer,2022
35865,Consumer,2025
35866,Consumer,2020
35867,Consumer,2024
35868,Small Business,2019
35869,Small Business,2020
35870,Small Business,2020
35871,Consumer,2022
35872,Consumer,2023
35873,Consumer,2019
35874,Consumer,2020
35875,Consumer,2025
35876,Consumer,2021
35877,Consumer,2024
35878,Consumer,2019
35879,Small Business,2022
35880,Consumer,2021
35881,Small Business,2024
35882,Enterprise,2023
35883,Small Business,2019
35884,Small Business,2020
35885,Small Business,2022
35886,Consumer,2019
35887,Small Business,2019
35888,Consumer,2024
35889,Enterprise,2019
35890,Consumer,2024
35891,Consumer,2022
35892,Small Business,2025
35893,Small Business,2023
35894,Consumer,2019
35895,Consumer,2023
35896,Consumer,2023
35897,Consumer,2021
35898,Enterprise,2020
35899,Consumer,2021
35900,Small Business,2022
35901,Consumer,2020
35902,Consumer,2024
35903,Consumer,2024
35904,Consumer,2020
35905,Small Business,2024
35906,Consumer,2022
35907,Consumer,2019
35908,Consumer,2020
35909,Enterprise,2025
35910,Consumer,2020
35911,Consumer,2019
35912,Consumer,2024
35913,Consumer,2022
35914,Consumer,2020
35915,Consumer,2024
35916,Consumer,2022
35917,Consumer,2020
35918,Consumer,2023
35919,Consumer,2024
35920,Consumer,2022
35921,Consumer,2024
35922,Small Business,2019
35923,Consumer,2019
35924,Consumer,2019
35925,Consumer,2021
35926,Consumer,2021
35927,Small Business,2025
35928,Consumer,2025
35929,Small Business,2023
35930,Consumer,2025
35931,Consumer,2025
35932,Small Business,2022
35933,Consumer,2020
35934,Consumer,2021
35935,Consumer,2019
35936,Consumer,2023
35937,Small Business,2025
35938,Consumer,2024
35939,Small Business,2020
35940,Enterprise,2023
35941,Consumer,2025
35942,Small Business,2024
35943,Consumer,2019
35944,Enterprise,2019
35945,Consumer,2025
35946,Consumer,2025
35947,Consumer,2024
35948,Consumer,2022
35949,Small Business,2025
35950,Consumer,2022
35951,Consumer,2023
35952,Small Business,2020
35953,Consumer,2021
35954,Consumer,2019
35955,Enterprise,2022
35956,Consumer,2021
35957,Consumer,2023
35958,Consumer,2025
35959,Consumer,2024
35960,Consumer,2022
35961,Consumer,2024
35962,Consumer,2021
35963,Consumer,2023
35964,Small Business,2019
35965,Consumer,2019
35966,Consumer,2019
35967,Consumer,2021
35968,Small Business,2023
35969,Consumer,2022
35970,Small Business,2025
35971,Consumer,2019
35972,Consumer,2022
35973,Consumer,2021
35974,Consumer,2020
35975,Consumer,2022
35976,Consumer,2021
35977,Consumer,2020
35978,Small Business,2022
35979,Consumer,2020
35980,Small Business,2024
35981,Small Business,2021
35982,Consumer,2022
35983,Consumer,2020
35984,Consumer,2025
35985,Consumer,2020
35986,Consumer,2023
35987,Consumer,2023
35988,Consumer,2019
35989,Consumer,2020
35990,Small Business,2019
35991,Consumer,2025
35992,Consumer,2022
35993,Consumer,2020
35994,Small Business,2024
35995,Small Business,2025
35996,Consumer,2022
35997,Small Business,2022
35998,Consumer,2024
35999,Consumer,2021
36000,Consumer,2019
36001,Small Business,2024
36002,Consumer,2021
36003,Consumer,2023
36004,Consumer,2019
36005,Small Business,2021
36006,Enterprise,2021
36007,Consumer,2021
36008,Consumer,2022
36009,Consumer,2022
36010,Enterprise,2025
36011,Consumer,2024
36012,Consumer,2022
36013,Consumer,2020
36014,Consumer,2021
36015,Consumer,2021
36016,Consumer,2023
36017,Small Business,2025
36018,Small Business,2024
36019,Consumer,2025
36020,Consumer,2020
36021,Consumer,2019
36022,Consumer,2023
36023,Consumer,2025
36024,Consumer,2022
36025,Consumer,2022
36026,Enterprise,2022
36027,Consumer,2020
36028,Consumer,2025
36029,Consumer,2019
36030,Small Business,2024
36031,Consumer,2021
36032,Consumer,2024
36033,Consumer,2024
36034,Consumer,2024
36035,Consumer,2024
36036,Consumer,2023
36037,Consumer,2022
36038,Consumer,2019
36039,Consumer,2024
36040,Consumer,2021
36041,Enterprise,2021
36042,Consumer,2024
36043,Small Business,2019
36044,Consumer,2020
36045,Consumer,2025
36046,Consumer,2025
36047,Enterprise,2025
36048,Consumer,2019
36049,Consumer,2021
36050,Consumer,2022
36051,Consumer,2021
36052,Consumer,2019
36053,Consumer,2019
36054,Consumer,2024
36055,Consumer,2024
36056,Consumer,2023
36057,Small Business,2019
36058,Consumer,2021
36059,Consumer,2022
36060,Consumer,2019
36061,Consumer,2020
36062,Small Business,2022
36063,Enterprise,2020
36064,Consumer,2021
36065,Consumer,2020
36066,Consumer,2020
36067,Consumer,2025
36068,Consumer,2020
36069,Small Business,2023
36070,Consumer,2024
36071,Consumer,2021
36072,Enterprise,2021
36073,Consumer,2023
36074,Consumer,2019
36075,Consumer,2023
36076,Consumer,2020
36077,Consumer,2024
36078,Consumer,2023
36079,Consumer,2021
36080,Small Business,2021
36081,Consumer,2020
36082,Consumer,2019
36083,Consumer,2025
36084,Consumer,2019
36085,Consumer,2020
36086,Consumer,2019
36087,Consumer,2022
36088,Consumer,2024
36089,Consumer,2020
36090,Consumer,2024
36091,Small Business,2023
36092,Consumer,2024
36093,Small Business,2021
36094,Consumer,2022
36095,Consumer,2020
36096,Consumer,2021
36097,Consumer,2025
36098,Consumer,2021
36099,Consumer,2021
36100,Consumer,2024
36101,Consumer,2020
36102,Consumer,2024
36103,Consumer,2020
36104,Consumer,2025
36105,Consumer,2023
36106,Consumer,2025
36107,Consumer,2022
36108,Consumer,2023
36109,Consumer,2023
36110,Consumer,2020
36111,Small Business,2019
36112,Consumer,2025
36113,Consumer,2023
36114,Consumer,2019
36115,Small Business,2023
36116,Small Business,2020
36117,Consumer,2021
36118,Enterprise,2024
36119,Consumer,2022
36120,Enterprise,2022
36121,Consumer,2022
36122,Consumer,2020
36123,Consumer,2024
36124,Consumer,2022
36125,Consumer,2021
36126,Consumer,2024
36127,Consumer,2023
36128,Consumer,2020
36129,Enterprise,2024
36130,Enterprise,2022
36131,Consumer,2019
36132,Consumer,2021
36133,Consumer,2023
36134,Consumer,2021
36135,Enterprise,2023
36136,Small Business,2020
36137,Consumer,2025
36138,Consumer,2023
36139,Small Business,2020
36140,Enterprise,2021
36141,Enterprise,2021
36142,Consumer,2022
36143,Consumer,2021
36144,Enterprise,2024
36145,Consumer,2020
36146,Consumer,2019
36147,Consumer,2019
36148,Consumer,2023
36149,Small Business,2025
36150,Enterprise,2021
36151,Enterprise,2024
36152,Consumer,2022
36153,Enterprise,2020
36154,Consumer,2024
36155,Consumer,2019
36156,Consumer,2025
36157,Small Business,2025
36158,Small Business,2025
36159,Small Business,2025
36160,Small Business,2025
36161,Consumer,2022
36162,Small Business,2019
36163,Consumer,2022
36164,Small Business,2021
36165,Small Business,2024
36166,Consumer,2024
36167,Consumer,2024
36168,Consumer,2024
36169,Small Business,2024
36170,Consumer,2021
36171,Consumer,2023
36172,Enterprise,2020
36173,Consumer,2023
36174,Consumer,2022
36175,Small Business,2019
36176,Consumer,2024
36177,Consumer,2023
36178,Small Business,2023
36179,Consumer,2020
36180,Consumer,2020
36181,Consumer,2019
36182,Small Business,2019
36183,Consumer,2024
36184,Small Business,2025
36185,Consumer,2021
36186,Consumer,2022
36187,Consumer,2021
36188,Consumer,2024
36189,Small Business,2024
36190,Consumer,2025
36191,Consumer,2019
36192,Small Business,2025
36193,Consumer,2019
36194,Small Business,2021
36195,Consumer,2021
36196,Consumer,2023
36197,Consumer,2020
36198,Consumer,2023
36199,Small Business,2025
36200,Consumer,2020
36201,Small Business,2025
36202,Consumer,2022
36203,Consumer,2023
36204,Consumer,2022
36205,Small Business,2020
36206,Enterprise,2020
36207,Consumer,2019
36208,Consumer,2021
36209,Small Business,2019
36210,Consumer,2022
36211,Consumer,2022
36212,Enterprise,2024
36213,Consumer,2024
36214,Enterprise,2025
36215,Consumer,2019
36216,Consumer,2024
36217,Consumer,2020
36218,Consumer,2024
36219,Small Business,2025
36220,Consumer,2019
36221,Enterprise,2022
36222,Consumer,2022
36223,Enterprise,2020
36224,Consumer,2020
36225,Consumer,2019
36226,Consumer,2021
36227,Consumer,2023
36228,Consumer,2023
36229,Small Business,2024
36230,Enterprise,2025
36231,Consumer,2023
36232,Consumer,2021
36233,Consumer,2020
36234,Small Business,2023
36235,Consumer,2022
36236,Consumer,2019
36237,Consumer,2021
36238,Enterprise,2023
36239,Consumer,2020
36240,Consumer,2020
36241,Consumer,2020
36242,Enterprise,2022
36243,Consumer,2024
36244,Small Business,2021
36245,Small Business,2019
36246,Consumer,2019
36247,Consumer,2023
36248,Small Business,2024
36249,Consumer,2019
36250,Consumer,2023
36251,Consumer,2025
36252,Small Business,2024
36253,Consumer,2025
36254,Consumer,2025
36255,Consumer,2024
36256,Consumer,2021
36257,Consumer,2023
36258,Consumer,2024
36259,Small Business,2024
36260,Enterprise,2021
36261,Consumer,2022
36262,Consumer,2022
36263,Small Business,2024
36264,Consumer,2024
36265,Consumer,2025
36266,Consumer,2025
36267,Consumer,2019
36268,Consumer,2021
36269,Consumer,2021
36270,Consumer,2024
36271,Consumer,2019
36272,Consumer,2024
36273,Consumer,2025
36274,Consumer,2020
36275,Consumer,2021
36276,Consumer,2023
36277,Consumer,2023
36278,Consumer,2022
36279,Consumer,2021
36280,Consumer,2019
36281,Consumer,2020
36282,Consumer,2022
36283,Consumer,2020
36284,Consumer,2025
36285,Consumer,2020
36286,Consumer,2024
36287,Consumer,2021
36288,Small Business,2020
36289,Consumer,2020
36290,Consumer,2020
36291,Consumer,2025
36292,Consumer,2021
36293,Small Business,2021
36294,Consumer,2019
36295,Consumer,2021
36296,Consumer,2019
36297,Enterprise,2020
36298,Small Business,2024
36299,Consumer,2023
36300,Consumer,2022
36301,Consumer,2020
36302,Small Business,2023
36303,Consumer,2020
36304,Consumer,2024
36305,Small Business,2023
36306,Consumer,2019
36307,Small Business,2023
36308,Small Business,2025
36309,Small Business,2023
36310,Consumer,2025
36311,Consumer,2024
36312,Consumer,2019
36313,Small Business,2025
36314,Small Business,2019
36315,Small Business,2020
36316,Enterprise,2024
36317,Consumer,2022
36318,Small Business,2023
36319,Consumer,2021
36320,Enterprise,2025
36321,Small Business,2019
36322,Consumer,2020
36323,Consumer,2024
36324,Consumer,2024
36325,Small Business,2020
36326,Consumer,2022
36327,Consumer,2019
36328,Consumer,2022
36329,Consumer,2024
36330,Enterprise,2020
36331,Consumer,2025
36332,Consumer,2023
36333,Small Business,2019
36334,Consumer,2021
36335,Consumer,2020
36336,Consumer,2020
36337,Small Business,2019
36338,Small Business,2024
36339,Consumer,2023
36340,Consumer,2020
36341,Consumer,2019
36342,Consumer,2021
36343,Consumer,2020
36344,Consumer,2019
36345,Consumer,2019
36346,Small Business,2023
36347,Consumer,2024
36348,Consumer,2020
36349,Enterprise,2021
36350,Consumer,2025
36351,Small Business,2021
36352,Consumer,2024
36353,Small Business,2024
36354,Consumer,2025
36355,Enterprise,2025
36356,Small Business,2020
36357,Consumer,2025
36358,Consumer,2023
36359,Small Business,2020
36360,Consumer,2025
36361,Consumer,2021
36362,Consumer,2025
36363,Consumer,2022
36364,Consumer,2023
36365,Consumer,2022
36366,Consumer,2025
36367,Consumer,2022
36368,Consumer,2020
36369,Enterprise,2025
36370,Consumer,2019
36371,Consumer,2024
36372,Consumer,2022
36373,Small Business,2023
36374,Consumer,2021
36375,Consumer,2020
36376,Consumer,2025
36377,Consumer,2020
36378,Small Business,2019
36379,Consumer,2021
36380,Small Business,2021
36381,Consumer,2023
36382,Consumer,2021
36383,Consumer,2021
36384,Consumer,2023
36385,Enterprise,2024
36386,Consumer,2019
36387,Consumer,2020
36388,Consumer,2024
36389,Small Business,2025
36390,Small Business,2025
36391,Consumer,2021
36392,Consumer,2022
36393,Consumer,2020
36394,Consumer,2019
36395,Consumer,2023
36396,Consumer,2019
36397,Consumer,2020
36398,Consumer,2020
36399,Consumer,2019
36400,Consumer,2019
36401,Consumer,2019
36402,Enterprise,2022
36403,Consumer,2023
36404,Consumer,2021
36405,Small Business,2021
36406,Enterprise,2020
36407,Small Business,2025
36408,Consumer,2024
36409,Consumer,2022
36410,Consumer,2023
36411,Small Business,2025
36412,Consumer,2023
36413,Consumer,2022
36414,Consumer,2023
36415,Consumer,2024
36416,Consumer,2025
36417,Consumer,2020
36418,Consumer,2023
36419,Small Business,2025
36420,Small Business,2019
36421,Consumer,2025
36422,Consumer,2021
36423,Small Business,2025
36424,Consumer,2022
36425,Consumer,2022
36426,Consumer,2020
36427,Consumer,2024
36428,Consumer,2025
36429,Consumer,2025
36430,Consumer,2020
36431,Consumer,2023
36432,Consumer,2024
36433,Consumer,2025
36434,Consumer,2025
36435,Small Business,2023
36436,Consumer,2020
36437,Consumer,2020
36438,Consumer,2022
36439,Consumer,2023
36440,Small Business,2020
36441,Consumer,2023
36442,Small Business,2024
36443,Consumer,2022
36444,Small Business,2024
36445,Consumer,2021
36446,Consumer,2025
36447,Consumer,2025
36448,Consumer,2019
36449,Consumer,2020
36450,Small Business,2024
36451,Small Business,2024
36452,Consumer,2023
36453,Small Business,2022
36454,Small Business,2021
36455,Enterprise,2022
36456,Consumer,2025
36457,Consumer,2019
36458,Enterprise,2025
36459,Consumer,2019
36460,Consumer,2023
36461,Consumer,2021
36462,Consumer,2020
36463,Consumer,2019
36464,Consumer,2020
36465,Consumer,2019
36466,Consumer,2020
36467,Consumer,2021
36468,Consumer,2020
36469,Consumer,2022
36470,Consumer,2024
36471,Consumer,2019
36472,Small Business,2021
36473,Consumer,2021
36474,Consumer,2020
36475,Consumer,2022
36476,Consumer,2020
36477,Consumer,2020
36478,Small Business,2019
36479,Consumer,2023
36480,Consumer,2021
36481,Consumer,2024
36482,Consumer,2019
36483,Consumer,2020
36484,Small Business,2022
36485,Consumer,2024
36486,Consumer,2020
36487,Consumer,2021
36488,Consumer,2020
36489,Consumer,2019
36490,Consumer,2022
36491,Consumer,2023
36492,Consumer,2021
36493,Consumer,2023
36494,Small Business,2021
36495,Small Business,2022
36496,Consumer,2025
36497,Consumer,2020
36498,Consumer,2019
36499,Consumer,2019
36500,Consumer,2025
36501,Consumer,2023
36502,Consumer,2025
36503,Consumer,2021
36504,Consumer,2025
36505,Consumer,2021
36506,Small Business,2025
36507,Consumer,2022
36508,Small Business,2024
36509,Small Business,2024
36510,Small Business,2020
36511,Consumer,2024
36512,Small Business,2020
36513,Consumer,2022
36514,Consumer,2023
36515,Consumer,2019
36516,Consumer,2022
36517,Enterprise,2020
36518,Consumer,2024
36519,Consumer,2022
36520,Consumer,2019
36521,Consumer,2025
36522,Small Business,2021
36523,Small Business,2022
36524,Consumer,2023
36525,Consumer,2024
36526,Consumer,2023
36527,Consumer,2023
36528,Consumer,2021
36529,Small Business,2021
36530,Consumer,2020
36531,Consumer,2025
36532,Consumer,2025
36533,Consumer,2020
36534,Consumer,2024
36535,Consumer,2023
36536,Enterprise,2020
36537,Consumer,2020
36538,Small Business,2024
36539,Consumer,2025
36540,Consumer,2019
36541,Consumer,2025
36542,Consumer,2022
36543,Consumer,2025
36544,Consumer,2022
36545,Consumer,2021
36546,Small Business,2021
36547,Small Business,2022
36548,Small Business,2021
36549,Small Business,2020
36550,Enterprise,2022
36551,Consumer,2021
36552,Enterprise,2023
36553,Consumer,2020
36554,Consumer,2021
36555,Consumer,2024
36556,Consumer,2023
36557,Consumer,2024
36558,Consumer,2021
36559,Small Business,2024
36560,Small Business,2025
36561,Consumer,2019
36562,Consumer,2023
36563,Consumer,2025
36564,Consumer,2024
36565,Consumer,2021
36566,Consumer,2022
36567,Consumer,2021
36568,Consumer,2020
36569,Consumer,2024
36570,Consumer,2019
36571,Consumer,2022
36572,Consumer,2024
36573,Consumer,2023
36574,Small Business,2023
36575,Consumer,2022
36576,Consumer,2024
36577,Consumer,2021
36578,Enterprise,2023
36579,Consumer,2019
36580,Small Business,2019
36581,Small Business,2020
36582,Enterprise,2021
36583,Small Business,2021
36584,Consumer,2021
36585,Consumer,2019
36586,Enterprise,2022
36587,Consumer,2019
36588,Small Business,2023
36589,Small Business,2024
36590,Consumer,2022
36591,Consumer,2021
36592,Consumer,2023
36593,Consumer,2025
36594,Consumer,2020
36595,Consumer,2020
36596,Enterprise,2022
36597,Small Business,2021
36598,Consumer,2020
36599,Small Business,2021
36600,Consumer,2022
36601,Consumer,2025
36602,Small Business,2021
36603,Enterprise,2020
36604,Consumer,2020
36605,Consumer,2023
36606,Consumer,2025
36607,Small Business,2025
36608,Consumer,2020
36609,Consumer,2021
36610,Small Business,2023
36611,Consumer,2020
36612,Consumer,2023
36613,Consumer,2025
36614,Consumer,2023
36615,Consumer,2024
36616,Consumer,2024
36617,Consumer,2020
36618,Consumer,2023
36619,Consumer,2020
36620,Consumer,2024
36621,Small Business,2024
36622,Small Business,2019
36623,Consumer,2020
36624,Consumer,2019
36625,Consumer,2021
36626,Consumer,2022
36627,Consumer,2025
36628,Consumer,2021
36629,Small Business,2022
36630,Consumer,2020
36631,Enterprise,2023
36632,Consumer,2021
36633,Consumer,2024
36634,Consumer,2023
36635,Small Business,2019
36636,Consumer,2024
36637,Consumer,2021
36638,Consumer,2020
36639,Consumer,2023
36640,Small Business,2021
36641,Small Business,2022
36642,Consumer,2019
36643,Consumer,2024
36644,Small Business,2025
36645,Consumer,2021
36646,Small Business,2019
36647,Consumer,2024
36648,Small Business,2020
36649,Small Business,2022
36650,Consumer,2021
36651,Consumer,2019
36652,Consumer,2020
36653,Consumer,2025
36654,Consumer,2023
36655,Consumer,2021
36656,Consumer,2019
36657,Consumer,2020
36658,Enterprise,2022
36659,Consumer,2024
36660,Consumer,2020
36661,Consumer,2023
36662,Consumer,2023
36663,Small Business,2019
36664,Consumer,2019
36665,Consumer,2020
36666,Consumer,2020
36667,Enterprise,2019
36668,Consumer,2024
36669,Small Business,2025
36670,Consumer,2025
36671,Enterprise,2025
36672,Consumer,2021
36673,Small Business,2021
36674,Consumer,2023
36675,Consumer,2025
36676,Consumer,2023
36677,Consumer,2023
36678,Consumer,2024
36679,Consumer,2025
36680,Small Business,2022
36681,Consumer,2024
36682,Consumer,2023
36683,Consumer,2024
36684,Small Business,2024
36685,Consumer,2024
36686,Consumer,2022
36687,Consumer,2025
36688,Small Business,2022
36689,Consumer,2021
36690,Consumer,2020
36691,Small Business,2021
36692,Consumer,2024
36693,Small Business,2025
36694,Small Business,2022
36695,Small Business,2021
36696,Consumer,2022
36697,Consumer,2021
36698,Consumer,2023
36699,Consumer,2019
36700,Consumer,2022
36701,Consumer,2020
36702,Consumer,2022
36703,Consumer,2023
36704,Consumer,2022
36705,Consumer,2025
36706,Consumer,2019
36707,Consumer,2021
36708,Consumer,2024
36709,Small Business,2021
36710,Consumer,2019
36711,Small Business,2023
36712,Enterprise,2025
36713,Consumer,2025
36714,Consumer,2025
36715,Small Business,2021
36716,Small Business,2025
36717,Consumer,2019
36718,Enterprise,2019
36719,Small Business,2024
36720,Small Business,2019
36721,Consumer,2023
36722,Consumer,2023
36723,Consumer,2020
36724,Consumer,2020
36725,Consumer,2020
36726,Consumer,2025
36727,Small Business,2020
36728,Consumer,2023
36729,Consumer,2024
36730,Consumer,2025
36731,Small Business,2020
36732,Small Business,2025
36733,Consumer,2021
36734,Consumer,2025
36735,Consumer,2020
36736,Consumer,2019
36737,Small Business,2023
36738,Enterprise,2025
36739,Consumer,2024
36740,Consumer,2019
36741,Consumer,2024
36742,Consumer,2024
36743,Consumer,2025
36744,Consumer,2024
36745,Small Business,2021
36746,Consumer,2020
36747,Consumer,2025
36748,Consumer,2021
36749,Small Business,2022
36750,Small Business,2023
36751,Small Business,2025
36752,Consumer,2022
36753,Consumer,2025
36754,Small Business,2023
36755,Enterprise,2020
36756,Consumer,2019
36757,Consumer,2023
36758,Consumer,2021
36759,Consumer,2019
36760,Consumer,2024
36761,Consumer,2025
36762,Consumer,2019
36763,Consumer,2025
36764,Consumer,2023
36765,Consumer,2025
36766,Consumer,2022
36767,Consumer,2021
36768,Consumer,2025
36769,Consumer,2023
36770,Consumer,2025
36771,Consumer,2020
36772,Consumer,2023
36773,Consumer,2023
36774,Small Business,2022
36775,Small Business,2024
36776,Consumer,2022
36777,Consumer,2024
36778,Consumer,2022
36779,Small Business,2020
36780,Consumer,2024
36781,Consumer,2023
36782,Consumer,2021
36783,Consumer,2019
36784,Consumer,2020
36785,Consumer,2021
36786,Consumer,2022
36787,Consumer,2024
36788,Consumer,2021
36789,Small Business,2019
36790,Consumer,2024
36791,Consumer,2021
36792,Consumer,2020
36793,Consumer,2024
36794,Small Business,2021
36795,Consumer,2022
36796,Consumer,2020
36797,Small Business,2025
36798,Small Business,2022
36799,Small Business,2021
36800,Consumer,2021
36801,Consumer,2022
36802,Enterprise,2023
36803,Consumer,2020
36804,Enterprise,2024
36805,Consumer,2021
36806,Small Business,2024
36807,Consumer,2025
36808,Small Business,2021
36809,Small Business,2022
36810,Small Business,2022
36811,Enterprise,2024
36812,Small Business,2021
36813,Consumer,2024
36814,Consumer,2023
36815,Small Business,2021
36816,Small Business,2025
36817,Consumer,2019
36818,Consumer,2024
36819,Small Business,2021
36820,Consumer,2025
36821,Consumer,2020
36822,Consumer,2021
36823,Small Business,2019
36824,Consumer,2024
36825,Consumer,2023
36826,Consumer,2021
36827,Consumer,2023
36828,Small Business,2019
36829,Consumer,2023
36830,Consumer,2023
36831,Consumer,2025
36832,Consumer,2023
36833,Small Business,2021
36834,Small Business,2024
36835,Consumer,2024
36836,Consumer,2024
36837,Small Business,2023
36838,Consumer,2025
36839,Consumer,2023
36840,Small Business,2023
36841,Small Business,2025
36842,Consumer,2023
36843,Consumer,2023
36844,Consumer,2019
36845,Small Business,2020
36846,Consumer,2019
36847,Consumer,2021
36848,Consumer,2019
36849,Consumer,2023
36850,Consumer,2020
36851,Enterprise,2020
36852,Consumer,2025
36853,Consumer,2022
36854,Consumer,2024
36855,Consumer,2019
36856,Consumer,2023
36857,Consumer,2025
36858,Consumer,2019
36859,Consumer,2020
36860,Consumer,2023
36861,Consumer,2023
36862,Enterprise,2024
36863,Enterprise,2020
36864,Consumer,2021
36865,Consumer,2019
36866,Consumer,2020
36867,Consumer,2023
36868,Small Business,2023
36869,Consumer,2022
36870,Consumer,2019
36871,Consumer,2025
36872,Small Business,2023
36873,Consumer,2019
36874,Consumer,2025
36875,Consumer,2023
36876,Consumer,2019
36877,Consumer,2021
36878,Consumer,2020
36879,Consumer,2019
36880,Consumer,2022
36881,Consumer,2019
36882,Small Business,2019
36883,Small Business,2022
36884,Consumer,2023
36885,Small Business,2021
36886,Small Business,2019
36887,Small Business,2023
36888,Consumer,2020
36889,Consumer,2020
36890,Consumer,2022
36891,Consumer,2020
36892,Consumer,2024
36893,Consumer,2024
36894,Small Business,2021
36895,Enterprise,2024
36896,Consumer,2019
36897,Consumer,2024
36898,Consumer,2021
36899,Small Business,2025
36900,Consumer,2019
36901,Small Business,2020
36902,Small Business,2020
36903,Consumer,2023
36904,Small Business,2022
36905,Consumer,2019
36906,Consumer,2025
36907,Small Business,2021
36908,Consumer,2025
36909,Consumer,2021
36910,Consumer,2023
36911,Consumer,2025
36912,Consumer,2024
36913,Consumer,2023
36914,Consumer,2022
36915,Consumer,2024
36916,Consumer,2025
36917,Consumer,2022
36918,Consumer,2024
36919,Small Business,2019
36920,Consumer,2023
36921,Consumer,2025
36922,Small Business,2020
36923,Consumer,2024
36924,Consumer,2024
36925,Consumer,2020
36926,Consumer,2025
36927,Consumer,2023
36928,Small Business,2022
36929,Consumer,2020
36930,Small Business,2021
36931,Small Business,2022
36932,Consumer,2021
36933,Small Business,2022
36934,Consumer,2024
36935,Enterprise,2020
36936,Consumer,2025
36937,Consumer,2021
36938,Consumer,2021
36939,Consumer,2021
36940,Small Business,2019
36941,Consumer,2022
36942,Small Business,2019
36943,Consumer,2024
36944,Enterprise,2024
36945,Consumer,2021
36946,Consumer,2021
36947,Consumer,2020
36948,Small Business,2024
36949,Small Business,2025
36950,Consumer,2019
36951,Small Business,2019
36952,Consumer,2019
36953,Consumer,2022
36954,Consumer,2021
36955,Consumer,2021
36956,Consumer,2021
36957,Consumer,2022
36958,Consumer,2025
36959,Consumer,2025
36960,Consumer,2020
36961,Consumer,2024
36962,Consumer,2024
36963,Consumer,2025
36964,Consumer,2025
36965,Consumer,2019
36966,Small Business,2024
36967,Consumer,2024
36968,Consumer,2025
36969,Enterprise,2024
36970,Small Business,2020
36971,Consumer,2021
36972,Small Business,2023
36973,Consumer,2021
36974,Consumer,2022
36975,Consumer,2023
36976,Consumer,2025
36977,Small Business,2019
36978,Consumer,2024
36979,Consumer,2025
36980,Consumer,2024
36981,Consumer,2019
36982,Consumer,2021
36983,Consumer,2022
36984,Small Business,2023
36985,Consumer,2024
36986,Consumer,2025
36987,Consumer,2024
36988,Consumer,2020
36989,Consumer,2023
36990,Consumer,2019
36991,Consumer,2019
36992,Consumer,2021
36993,Small Business,2023
36994,Consumer,2025
36995,Consumer,2024
36996,Consumer,2022
36997,Enterprise,2019
36998,Small Business,2020
36999,Consumer,2023
37000,Small Business,2025
37001,Consumer,2019
37002,Consumer,2019
37003,Consumer,2022
37004,Consumer,2024
37005,Consumer,2020
37006,Consumer,2024
37007,Consumer,2025
37008,Small Business,2022
37009,Small Business,2023
37010,Consumer,2020
37011,Consumer,2023
37012,Consumer,2022
37013,Consumer,2024
37014,Small Business,2021
37015,Consumer,2023
37016,Small Business,2019
37017,Consumer,2023
37018,Consumer,2023
37019,Consumer,2021
37020,Small Business,2020
37021,Consumer,2025
37022,Consumer,2025
37023,Consumer,2022
37024,Consumer,2023
37025,Consumer,2023
37026,Enterprise,2019
37027,Consumer,2020
37028,Consumer,2023
37029,Consumer,2023
37030,Consumer,2021
37031,Small Business,2022
37032,Consumer,2020
37033,Enterprise,2024
37034,Consumer,2021
37035,Small Business,2025
37036,Consumer,2020
37037,Small Business,2019
37038,Consumer,2023
37039,Consumer,2020
37040,Consumer,2020
37041,Consumer,2022
37042,Small Business,2019
37043,Consumer,2020
37044,Small Business,2024
37045,Consumer,2020
37046,Consumer,2020
37047,Consumer,2022
37048,Consumer,2021
37049,Consumer,2025
37050,Small Business,2022
37051,Consumer,2020
37052,Consumer,2024
37053,Consumer,2019
37054,Consumer,2023
37055,Small Business,2022
37056,Small Business,2019
37057,Consumer,2020
37058,Consumer,2022
37059,Consumer,2019
37060,Consumer,2024
37061,Consumer,2024
37062,Small Business,2019
37063,Consumer,2021
37064,Small Business,2019
37065,Consumer,2020
37066,Small Business,2023
37067,Small Business,2021
37068,Small Business,2022
37069,Consumer,2020
37070,Consumer,2020
37071,Consumer,2024
37072,Consumer,2023
37073,Consumer,2025
37074,Enterprise,2019
37075,Consumer,2020
37076,Consumer,2022
37077,Consumer,2025
37078,Consumer,2024
37079,Consumer,2022
37080,Consumer,2020
37081,Consumer,2025
37082,Small Business,2023
37083,Consumer,2024
37084,Enterprise,2021
37085,Consumer,2024
37086,Consumer,2025
37087,Small Business,2021
37088,Small Business,2023
37089,Consumer,2024
37090,Consumer,2021
37091,Consumer,2023
37092,Consumer,2022
37093,Consumer,2022
37094,Consumer,2022
37095,Consumer,2020
37096,Enterprise,2025
37097,Small Business,2021
37098,Small Business,2024
37099,Consumer,2024
37100,Consumer,2023
37101,Consumer,2020
37102,Consumer,2025
37103,Small Business,2023
37104,Consumer,2020
37105,Consumer,2023
37106,Small Business,2022
37107,Consumer,2023
37108,Small Business,2025
37109,Small Business,2020
37110,Consumer,2024
37111,Consumer,2024
37112,Consumer,2020
37113,Consumer,2021
37114,Small Business,2021
37115,Consumer,2021
37116,Small Business,2020
37117,Enterprise,2024
37118,Consumer,2023
37119,Consumer,2024
37120,Consumer,2023
37121,Consumer,2020
37122,Consumer,2023
37123,Consumer,2022
37124,Consumer,2025
37125,Consumer,2025
37126,Consumer,2019
37127,Consumer,2022
37128,Consumer,2025
37129,Consumer,2023
37130,Consumer,2022
37131,Consumer,2023
37132,Consumer,2019
37133,Consumer,2022
37134,Consumer,2025
37135,Consumer,2022
37136,Consumer,2025
37137,Consumer,2024
37138,Small Business,2025
37139,Consumer,2020
37140,Consumer,2024
37141,Small Business,2020
37142,Small Business,2020
37143,Consumer,2019
37144,Consumer,2021
37145,Consumer,2023
37146,Consumer,2021
37147,Consumer,2019
37148,Enterprise,2020
37149,Enterprise,2019
37150,Consumer,2025
37151,Enterprise,2024
37152,Small Business,2022
37153,Consumer,2024
37154,Small Business,2020
37155,Consumer,2025
37156,Consumer,2024
37157,Small Business,2020
37158,Consumer,2023
37159,Consumer,2025
37160,Small Business,2021
37161,Small Business,2020
37162,Consumer,2025
37163,Consumer,2021
37164,Consumer,2022
37165,Small Business,2019
37166,Consumer,2023
37167,Consumer,2025
37168,Small Business,2019
37169,Consumer,2020
37170,Consumer,2023
37171,Consumer,2023
37172,Consumer,2021
37173,Consumer,2021
37174,Small Business,2024
37175,Consumer,2022
37176,Consumer,2019
37177,Consumer,2019
37178,Consumer,2021
37179,Small Business,2023
37180,Consumer,2019
37181,Consumer,2025
37182,Consumer,2025
37183,Consumer,2019
37184,Small Business,2021
37185,Consumer,2021
37186,Consumer,2019
37187,Consumer,2022
37188,Consumer,2024
37189,Small Business,2022
37190,Consumer,2025
37191,Consumer,2023
37192,Consumer,2024
37193,Consumer,2024
37194,Small Business,2024
37195,Consumer,2022
37196,Consumer,2024
37197,Consumer,2021
37198,Consumer,2025
37199,Consumer,2023
37200,Consumer,2021
37201,Consumer,2019
37202,Small Business,2021
37203,Consumer,2022
37204,Consumer,2019
37205,Consumer,2022
37206,Consumer,2025
37207,Consumer,2021
37208,Consumer,2025
37209,Consumer,2021
37210,Small Business,2020
37211,Consumer,2024
37212,Consumer,2023
37213,Consumer,2023
37214,Small Business,2020
37215,Small Business,2023
37216,Consumer,2025
37217,Consumer,2020
37218,Enterprise,2019
37219,Consumer,2024
37220,Consumer,2023
37221,Small Business,2020
37222,Consumer,2022
37223,Consumer,2019
37224,Small Business,2021
37225,Enterprise,2020
37226,Consumer,2025
37227,Consumer,2021
37228,Consumer,2022
37229,Small Business,2020
37230,Small Business,2022
37231,Small Business,2022
37232,Consumer,2019
37233,Consumer,2024
37234,Consumer,2021
37235,Consumer,2022
37236,Consumer,2020
37237,Consumer,2019
37238,Consumer,2022
37239,Consumer,2019
37240,Small Business,2023
37241,Consumer,2024
37242,Small Business,2020
37243,Consumer,2021
37244,Consumer,2025
37245,Consumer,2022
37246,Small Business,2021
37247,Consumer,2025
37248,Small Business,2023
37249,Consumer,2023
37250,Consumer,2025
37251,Small Business,2023
37252,Consumer,2024
37253,Consumer,2023
37254,Consumer,2024
37255,Consumer,2023
37256,Small Business,2019
37257,Enterprise,2020
37258,Small Business,2022
37259,Small Business,2023
37260,Consumer,2024
37261,Small Business,2024
37262,Consumer,2023
37263,Consumer,2019
37264,Consumer,2022
37265,Consumer,2023
37266,Consumer,2025
37267,Enterprise,2023
37268,Small Business,2022
37269,Small Business,2020
37270,Small Business,2024
37271,Small Business,2021
37272,Consumer,2025
37273,Consumer,2020
37274,Small Business,2024
37275,Consumer,2021
37276,Small Business,2020
37277,Consumer,2025
37278,Consumer,2024
37279,Consumer,2025
37280,Consumer,2024
37281,Small Business,2023
37282,Consumer,2023
37283,Consumer,2019
37284,Small Business,2021
37285,Consumer,2021
37286,Small Business,2021
37287,Small Business,2021
37288,Small Business,2023
37289,Consumer,2023
37290,Small Business,2024
37291,Enterprise,2022
37292,Consumer,2025
37293,Consumer,2022
37294,Consumer,2021
37295,Enterprise,2025
37296,Consumer,2021
37297,Consumer,2024
37298,Consumer,2024
37299,Enterprise,2025
37300,Consumer,2025
37301,Consumer,2019
37302,Consumer,2021
37303,Small Business,2022
37304,Consumer,2020
37305,Consumer,2020
37306,Consumer,2025
37307,Small Business,2019
37308,Consumer,2020
37309,Small Business,2025
37310,Consumer,2021
37311,Consumer,2020
37312,Consumer,2025
37313,Consumer,2023
37314,Consumer,2024
37315,Consumer,2021
37316,Small Business,2020
37317,Small Business,2022
37318,Consumer,2025
37319,Consumer,2023
37320,Consumer,2024
37321,Enterprise,2025
37322,Consumer,2025
37323,Consumer,2025
37324,Consumer,2021
37325,Consumer,2025
37326,Consumer,2023
37327,Consumer,2025
37328,Consumer,2021
37329,Small Business,2019
37330,Consumer,2022
37331,Consumer,2021
37332,Consumer,2023
37333,Consumer,2023
37334,Consumer,2021
37335,Enterprise,2023
37336,Consumer,2021
37337,Consumer,2024
37338,Consumer,2022
37339,Consumer,2020
37340,Consumer,2019
37341,Small Business,2019
37342,Consumer,2025
37343,Consumer,2024
37344,Small Business,2024
37345,Small Business,2023
37346,Consumer,2022
37347,Consumer,2024
37348,Consumer,2024
37349,Consumer,2020
37350,Consumer,2025
37351,Consumer,2019
37352,Small Business,2022
37353,Consumer,2019
37354,Consumer,2024
37355,Consumer,2021
37356,Small Business,2019
37357,Consumer,2024
37358,Consumer,2025
37359,Small Business,2021
37360,Consumer,2020
37361,Small Business,2021
37362,Consumer,2024
37363,Small Business,2024
37364,Consumer,2022
37365,Consumer,2022
37366,Consumer,2023
37367,Small Business,2021
37368,Consumer,2023
37369,Small Business,2019
37370,Consumer,2021
37371,Small Business,2024
37372,Consumer,2025
37373,Consumer,2025
37374,Consumer,2021
37375,Consumer,2020
37376,Small Business,2020
37377,Small Business,2020
37378,Consumer,2025
37379,Small Business,2019
37380,Consumer,2021
37381,Consumer,2023
37382,Small Business,2019
37383,Consumer,2021
37384,Consumer,2020
37385,Small Business,2021
37386,Consumer,2021
37387,Consumer,2023
37388,Small Business,2025
37389,Consumer,2025
37390,Consumer,2023
37391,Enterprise,2024
37392,Consumer,2019
37393,Consumer,2023
37394,Consumer,2022
37395,Enterprise,2025
37396,Consumer,2023
37397,Consumer,2024
37398,Consumer,2024
37399,Small Business,2019
37400,Consumer,2022
37401,Consumer,2025
37402,Consumer,2021
37403,Consumer,2024
37404,Consumer,2025
37405,Consumer,2025
37406,Consumer,2020
37407,Consumer,2021
37408,Consumer,2025
37409,Enterprise,2021
37410,Consumer,2020
37411,Consumer,2023
37412,Consumer,2022
37413,Consumer,2019
37414,Consumer,2019
37415,Consumer,2023
37416,Consumer,2025
37417,Small Business,2023
37418,Consumer,2022
37419,Consumer,2025
37420,Consumer,2025
37421,Consumer,2021
37422,Small Business,2024
37423,Consumer,2025
37424,Small Business,2020
37425,Consumer,2023
37426,Consumer,2019
37427,Consumer,2022
37428,Consumer,2025
37429,Consumer,2025
37430,Consumer,2022
37431,Enterprise,2023
37432,Consumer,2024
37433,Consumer,2019
37434,Small Business,2023
37435,Consumer,2021
37436,Small Business,2024
37437,Enterprise,2019
37438,Consumer,2022
37439,Enterprise,2024
37440,Consumer,2024
37441,Consumer,2024
37442,Consumer,2025
37443,Consumer,2021
37444,Consumer,2023
37445,Consumer,2024
37446,Consumer,2025
37447,Consumer,2020
37448,Consumer,2020
37449,Consumer,2022
37450,Enterprise,2024
37451,Small Business,2025
37452,Enterprise,2022
37453,Consumer,2024
37454,Consumer,2019
37455,Consumer,2024
37456,Consumer,2023
37457,Consumer,2021
37458,Consumer,2023
37459,Small Business,2025
37460,Consumer,2025
37461,Consumer,2023
37462,Consumer,2023
37463,Consumer,2023
37464,Consumer,2019
37465,Enterprise,2021
37466,Consumer,2025
37467,Consumer,2019
37468,Consumer,2021
37469,Consumer,2025
37470,Small Business,2023
37471,Small Business,2021
37472,Consumer,2023
37473,Enterprise,2024
37474,Consumer,2021
37475,Small Business,2025
37476,Consumer,2021
37477,Small Business,2025
37478,Small Business,2023
37479,Consumer,2019
37480,Consumer,2025
37481,Consumer,2019
37482,Consumer,2025
37483,Consumer,2019
37484,Consumer,2025
37485,Consumer,2022
37486,Consumer,2019
37487,Small Business,2020
37488,Consumer,2020
37489,Consumer,2022
37490,Consumer,2020
37491,Enterprise,2024
37492,Consumer,2025
37493,Consumer,2021
37494,Consumer,2019
37495,Consumer,2019
37496,Enterprise,2023
37497,Consumer,2024
37498,Consumer,2025
37499,Consumer,2019
37500,Consumer,2023
37501,Consumer,2020
37502,Consumer,2019
37503,Small Business,2021
37504,Consumer,2019
37505,Consumer,2020
37506,Consumer,2023
37507,Small Business,2020
37508,Consumer,2021
37509,Small Business,2025
37510,Small Business,2022
37511,Small Business,2019
37512,Consumer,2019
37513,Small Business,2021
37514,Consumer,2025
37515,Consumer,2019
37516,Consumer,2025
37517,Consumer,2022
37518,Consumer,2023
37519,Small Business,2022
37520,Enterprise,2022
37521,Consumer,2021
37522,Enterprise,2021
37523,Consumer,2024
37524,Enterprise,2020
37525,Consumer,2024
37526,Consumer,2025
37527,Consumer,2022
37528,Enterprise,2022
37529,Consumer,2024
37530,Consumer,2019
37531,Small Business,2024
37532,Consumer,2024
37533,Consumer,2021
37534,Consumer,2025
37535,Small Business,2022
37536,Small Business,2020
37537,Consumer,2020
37538,Consumer,2023
37539,Consumer,2025
37540,Consumer,2025
37541,Consumer,2025
37542,Consumer,2019
37543,Consumer,2024
37544,Consumer,2024
37545,Consumer,2020
37546,Consumer,2022
37547,Small Business,2019
37548,Small Business,2023
37549,Consumer,2023
37550,Small Business,2020
37551,Enterprise,2020
37552,Small Business,2020
37553,Consumer,2023
37554,Consumer,2022
37555,Small Business,2022
37556,Consumer,2020
37557,Consumer,2024
37558,Consumer,2023
37559,Consumer,2021
37560,Small Business,2019
37561,Small Business,2024
37562,Consumer,2024
37563,Consumer,2021
37564,Enterprise,2020
37565,Consumer,2025
37566,Small Business,2024
37567,Consumer,2020
37568,Consumer,2020
37569,Consumer,2022
37570,Consumer,2024
37571,Consumer,2019
37572,Consumer,2019
37573,Small Business,2023
37574,Enterprise,2020
37575,Small Business,2022
37576,Consumer,2021
37577,Consumer,2024
37578,Consumer,2024
37579,Consumer,2019
37580,Consumer,2019
37581,Small Business,2021
37582,Consumer,2024
37583,Consumer,2022
37584,Consumer,2020
37585,Consumer,2019
37586,Small Business,2025
37587,Consumer,2025
37588,Consumer,2021
37589,Consumer,2022
37590,Small Business,2020
37591,Consumer,2021
37592,Small Business,2023
37593,Consumer,2023
37594,Enterprise,2020
37595,Small Business,2021
37596,Consumer,2022
37597,Consumer,2022
37598,Consumer,2024
37599,Small Business,2022
37600,Small Business,2024
37601,Consumer,2020
37602,Consumer,2020
37603,Small Business,2025
37604,Small Business,2020
37605,Consumer,2024
37606,Consumer,2020
37607,Consumer,2019
37608,Consumer,2021
37609,Enterprise,2019
37610,Small Business,2024
37611,Consumer,2025
37612,Consumer,2022
37613,Consumer,2025
37614,Consumer,2025
37615,Enterprise,2025
37616,Consumer,2023
37617,Consumer,2021
37618,Small Business,2023
37619,Consumer,2020
37620,Consumer,2022
37621,Consumer,2024
37622,Consumer,2021
37623,Consumer,2022
37624,Consumer,2021
37625,Enterprise,2019
37626,Small Business,2020
37627,Consumer,2020
37628,Consumer,2020
37629,Consumer,2019
37630,Consumer,2025
37631,Consumer,2024
37632,Consumer,2024
37633,Consumer,2022
37634,Small Business,2019
37635,Consumer,2020
37636,Consumer,2020
37637,Small Business,2024
37638,Small Business,2024
37639,Consumer,2023
37640,Small Business,2023
37641,Small Business,2021
37642,Consumer,2019
37643,Consumer,2020
37644,Small Business,2024
37645,Consumer,2023
37646,Enterprise,2024
37647,Enterprise,2025
37648,Consumer,2020
37649,Consumer,2023
37650,Small Business,2024
37651,Consumer,2024
37652,Consumer,2025
37653,Small Business,2025
37654,Consumer,2023
37655,Consumer,2024
37656,Consumer,2024
37657,Small Business,2021
37658,Enterprise,2019
37659,Consumer,2025
37660,Consumer,2022
37661,Consumer,2022
37662,Consumer,2024
37663,Consumer,2019
37664,Consumer,2022
37665,Consumer,2024
37666,Small Business,2021
37667,Small Business,2023
37668,Small Business,2022
37669,Consumer,2021
37670,Consumer,2023
37671,Consumer,2022
37672,Consumer,2024
37673,Consumer,2019
37674,Small Business,2024
37675,Small Business,2024
37676,Consumer,2023
37677,Consumer,2020
37678,Consumer,2025
37679,Consumer,2023
37680,Consumer,2022
37681,Small Business,2020
37682,Small Business,2022
37683,Consumer,2022
37684,Small Business,2021
37685,Small Business,2021
37686,Consumer,2019
37687,Consumer,2024
37688,Consumer,2020
37689,Consumer,2022
37690,Consumer,2021
37691,Consumer,2025
37692,Consumer,2022
37693,Consumer,2021
37694,Small Business,2025
37695,Consumer,2024
37696,Consumer,2024
37697,Small Business,2019
37698,Consumer,2025
37699,Small Business,2020
37700,Consumer,2020
37701,Consumer,2021
37702,Small Business,2019
37703,Consumer,2019
37704,Consumer,2019
37705,Consumer,2021
37706,Consumer,2022
37707,Small Business,2019
37708,Consumer,2019
37709,Consumer,2022
37710,Small Business,2020
37711,Consumer,2022
37712,Consumer,2020
37713,Consumer,2024
37714,Small Business,2023
37715,Consumer,2025
37716,Consumer,2025
37717,Consumer,2024
37718,Consumer,2019
37719,Small Business,2022
37720,Small Business,2019
37721,Consumer,2023
37722,Small Business,2021
37723,Consumer,2022
37724,Consumer,2023
37725,Consumer,2021
37726,Consumer,2021
37727,Consumer,2022
37728,Consumer,2020
37729,Consumer,2020
37730,Small Business,2019
37731,Consumer,2019
37732,Consumer,2022
37733,Consumer,2023
37734,Consumer,2019
37735,Consumer,2022
37736,Consumer,2023
37737,Consumer,2024
37738,Consumer,2024
37739,Consumer,2022
37740,Consumer,2025
37741,Small Business,2025
37742,Consumer,2021
37743,Consumer,2022
37744,Consumer,2024
37745,Consumer,2023
37746,Consumer,2022
37747,Consumer,2022
37748,Consumer,2020
37749,Small Business,2022
37750,Consumer,2019
37751,Consumer,2024
37752,Consumer,2022
37753,Small Business,2021
37754,Small Business,2025
37755,Consumer,2025
37756,Consumer,2025
37757,Enterprise,2024
37758,Consumer,2022
37759,Consumer,2024
37760,Consumer,2024
37761,Small Business,2023
37762,Consumer,2020
37763,Small Business,2020
37764,Consumer,2024
37765,Consumer,2019
37766,Consumer,2019
37767,Consumer,2023
37768,Small Business,2021
37769,Consumer,2025
37770,Consumer,2024
37771,Small Business,2020
37772,Consumer,2021
37773,Consumer,2020
37774,Consumer,2019
37775,Small Business,2021
37776,Consumer,2025
37777,Consumer,2025
37778,Consumer,2021
37779,Consumer,2022
37780,Consumer,2019
37781,Consumer,2020
37782,Consumer,2021
37783,Consumer,2022
37784,Consumer,2023
37785,Small Business,2021
37786,Consumer,2021
37787,Consumer,2024
37788,Consumer,2025
37789,Consumer,2023
37790,Consumer,2020
37791,Consumer,2022
37792,Small Business,2023
37793,Consumer,2020
37794,Small Business,2019
37795,Enterprise,2024
37796,Enterprise,2019
37797,Consumer,2019
37798,Consumer,2020
37799,Consumer,2019
37800,Consumer,2020
37801,Small Business,2019
37802,Consumer,2023
37803,Small Business,2025
37804,Consumer,2024
37805,Small Business,2022
37806,Consumer,2025
37807,Consumer,2021
37808,Consumer,2023
37809,Consumer,2021
37810,Small Business,2021
37811,Consumer,2019
37812,Consumer,2020
37813,Consumer,2019
37814,Small Business,2021
37815,Consumer,2023
37816,Enterprise,2022
37817,Consumer,2025
37818,Small Business,2023
37819,Small Business,2025
37820,Consumer,2022
37821,Consumer,2023
37822,Consumer,2024
37823,Consumer,2020
37824,Consumer,2019
37825,Small Business,2022
37826,Consumer,2019
37827,Consumer,2025
37828,Consumer,2025
37829,Consumer,2020
37830,Consumer,2021
37831,Consumer,2020
37832,Small Business,2025
37833,Consumer,2024
37834,Consumer,2021
37835,Consumer,2024
37836,Consumer,2019
37837,Consumer,2020
37838,Consumer,2022
37839,Consumer,2021
37840,Small Business,2020
37841,Small Business,2022
37842,Consumer,2025
37843,Consumer,2022
37844,Consumer,2022
37845,Consumer,2019
37846,Consumer,2022
37847,Consumer,2024
37848,Consumer,2021
37849,Consumer,2024
37850,Consumer,2019
37851,Consumer,2023
37852,Consumer,2023
37853,Small Business,2021
37854,Consumer,2020
37855,Enterprise,2023
37856,Consumer,2023
37857,Small Business,2021
37858,Consumer,2021
37859,Small Business,2025
37860,Consumer,2024
37861,Consumer,2021
37862,Consumer,2022
37863,Consumer,2021
37864,Consumer,2025
37865,Enterprise,2022
37866,Consumer,2019
37867,Consumer,2019
37868,Consumer,2024
37869,Small Business,2019
37870,Small Business,2022
37871,Consumer,2022
37872,Consumer,2020
37873,Small Business,2023
37874,Small Business,2019
37875,Small Business,2025
37876,Consumer,2024
37877,Consumer,2020
37878,Enterprise,2021
37879,Consumer,2025
37880,Consumer,2019
37881,Consumer,2020
37882,Consumer,2023
37883,Small Business,2022
37884,Consumer,2021
37885,Consumer,2020
37886,Consumer,2021
37887,Small Business,2022
37888,Small Business,2019
37889,Consumer,2023
37890,Consumer,2021
37891,Consumer,2020
37892,Small Business,2025
37893,Consumer,2024
37894,Consumer,2025
37895,Consumer,2025
37896,Small Business,2021
37897,Small Business,2021
37898,Consumer,2021
37899,Consumer,2020
37900,Consumer,2025
37901,Small Business,2021
37902,Consumer,2024
37903,Small Business,2025
37904,Consumer,2020
37905,Consumer,2021
37906,Consumer,2025
37907,Consumer,2021
37908,Consumer,2025
37909,Consumer,2023
37910,Consumer,2021
37911,Small Business,2022
37912,Consumer,2025
37913,Consumer,2019
37914,Consumer,2023
37915,Consumer,2024
37916,Consumer,2025
37917,Consumer,2022
37918,Consumer,2021
37919,Small Business,2025
37920,Consumer,2021
37921,Consumer,2021
37922,Consumer,2022
37923,Consumer,2022
37924,Consumer,2020
37925,Consumer,2021
37926,Small Business,2022
37927,Consumer,2019
37928,Consumer,2022
37929,Small Business,2024
37930,Small Business,2020
37931,Consumer,2020
37932,Consumer,2025
37933,Consumer,2025
37934,Small Business,2019
37935,Consumer,2019
37936,Consumer,2025
37937,Consumer,2025
37938,Consumer,2022
37939,Consumer,2024
37940,Consumer,2022
37941,Consumer,2021
37942,Consumer,2025
37943,Small Business,2022
37944,Small Business,2022
37945,Consumer,2023
37946,Consumer,2021
37947,Small Business,2020
37948,Small Business,2020
37949,Small Business,2019
37950,Consumer,2023
37951,Consumer,2022
37952,Enterprise,2024
37953,Consumer,2023
37954,Consumer,2022
37955,Small Business,2025
37956,Consumer,2020
37957,Consumer,2024
37958,Enterprise,2025
37959,Consumer,2023
37960,Consumer,2023
37961,Consumer,2024
37962,Consumer,2022
37963,Consumer,2022
37964,Consumer,2024
37965,Consumer,2025
37966,Consumer,2021
37967,Consumer,2022
37968,Enterprise,2024
37969,Consumer,2023
37970,Small Business,2021
37971,Consumer,2024
37972,Consumer,2020
37973,Consumer,2019
37974,Enterprise,2020
37975,Consumer,2025
37976,Consumer,2025
37977,Consumer,2019
37978,Consumer,2024
37979,Consumer,2021
37980,Consumer,2020
37981,Consumer,2020
37982,Small Business,2019
37983,Small Business,2020
37984,Enterprise,2020
37985,Consumer,2020
37986,Consumer,2021
37987,Consumer,2025
37988,Small Business,2023
37989,Small Business,2020
37990,Consumer,2023
37991,Consumer,2025
37992,Consumer,2019
37993,Consumer,2020
37994,Consumer,2022
37995,Consumer,2020
37996,Consumer,2022
37997,Consumer,2023
37998,Consumer,2020
37999,Enterprise,2020
38000,Enterprise,2024
38001,Small Business,2022
38002,Small Business,2023
38003,Consumer,2019
38004,Consumer,2024
38005,Consumer,2022
38006,Consumer,2023
38007,Small Business,2021
38008,Consumer,2025
38009,Enterprise,2019
38010,Consumer,2023
38011,Consumer,2019
38012,Small Business,2024
38013,Small Business,2024
38014,Consumer,2022
38015,Consumer,2022
38016,Consumer,2020
38017,Consumer,2019
38018,Small Business,2019
38019,Consumer,2020
38020,Small Business,2022
38021,Consumer,2020
38022,Enterprise,2024
38023,Consumer,2023
38024,Small Business,2023
38025,Consumer,2023
38026,Small Business,2019
38027,Small Business,2020
38028,Consumer,2020
38029,Consumer,2019
38030,Enterprise,2022
38031,Enterprise,2021
38032,Small Business,2021
38033,Consumer,2023
38034,Consumer,2023
38035,Consumer,2021
38036,Small Business,2020
38037,Consumer,2021
38038,Consumer,2021
38039,Small Business,2019
38040,Consumer,2022
38041,Consumer,2021
38042,Enterprise,2025
38043,Consumer,2019
38044,Consumer,2025
38045,Small Business,2021
38046,Enterprise,2021
38047,Consumer,2020
38048,Consumer,2021
38049,Consumer,2019
38050,Consumer,2025
38051,Consumer,2021
38052,Consumer,2025
38053,Consumer,2024
38054,Consumer,2023
38055,Small Business,2021
38056,Consumer,2023
38057,Consumer,2021
38058,Small Business,2024
38059,Consumer,2024
38060,Small Business,2023
38061,Small Business,2021
38062,Small Business,2024
38063,Small Business,2019
38064,Small Business,2024
38065,Consumer,2024
38066,Consumer,2023
38067,Consumer,2022
38068,Enterprise,2025
38069,Consumer,2019
38070,Consumer,2025
38071,Consumer,2020
38072,Consumer,2021
38073,Consumer,2020
38074,Consumer,2025
38075,Enterprise,2021
38076,Consumer,2021
38077,Enterprise,2023
38078,Small Business,2020
38079,Consumer,2021
38080,Consumer,2020
38081,Small Business,2024
38082,Small Business,2019
38083,Consumer,2023
38084,Consumer,2021
38085,Consumer,2019
38086,Consumer,2025
38087,Consumer,2021
38088,Consumer,2021
38089,Consumer,2019
38090,Consumer,2025
38091,Consumer,2025
38092,Small Business,2019
38093,Small Business,2020
38094,Consumer,2020
38095,Small Business,2023
38096,Small Business,2020
38097,Consumer,2021
38098,Consumer,2022
38099,Consumer,2025
38100,Small Business,2025
38101,Enterprise,2021
38102,Consumer,2020
38103,Consumer,2023
38104,Small Business,2021
38105,Small Business,2022
38106,Consumer,2024
38107,Consumer,2021
38108,Small Business,2022
38109,Consumer,2022
38110,Small Business,2021
38111,Enterprise,2025
38112,Consumer,2021
38113,Consumer,2023
38114,Small Business,2024
38115,Consumer,2024
38116,Consumer,2021
38117,Consumer,2019
38118,Consumer,2023
38119,Consumer,2019
38120,Small Business,2024
38121,Consumer,2025
38122,Consumer,2019
38123,Consumer,2019
38124,Consumer,2024
38125,Small Business,2023
38126,Consumer,2025
38127,Small Business,2019
38128,Consumer,2019
38129,Consumer,2021
38130,Consumer,2019
38131,Small Business,2025
38132,Consumer,2023
38133,Small Business,2023
38134,Consumer,2023
38135,Small Business,2022
38136,Small Business,2022
38137,Small Business,2020
38138,Consumer,2025
38139,Consumer,2022
38140,Consumer,2019
38141,Consumer,2020
38142,Small Business,2019
38143,Consumer,2025
38144,Consumer,2019
38145,Consumer,2025
38146,Consumer,2024
38147,Consumer,2019
38148,Small Business,2019
38149,Consumer,2025
38150,Consumer,2023
38151,Consumer,2025
38152,Consumer,2025
38153,Consumer,2019
38154,Consumer,2019
38155,Consumer,2024
38156,Consumer,2019
38157,Small Business,2024
38158,Small Business,2025
38159,Small Business,2022
38160,Consumer,2020
38161,Consumer,2025
38162,Consumer,2021
38163,Consumer,2020
38164,Small Business,2023
38165,Consumer,2021
38166,Consumer,2024
38167,Small Business,2025
38168,Consumer,2020
38169,Consumer,2020
38170,Enterprise,2025
38171,Consumer,2024
38172,Small Business,2024
38173,Consumer,2020
38174,Enterprise,2019
38175,Small Business,2021
38176,Consumer,2019
38177,Enterprise,2022
38178,Consumer,2023
38179,Small Business,2024
38180,Consumer,2022
38181,Consumer,2021
38182,Consumer,2022
38183,Consumer,2023
38184,Consumer,2020
38185,Consumer,2019
38186,Consumer,2023
38187,Small Business,2023
38188,Small Business,2019
38189,Consumer,2023
38190,Consumer,2021
38191,Consumer,2025
38192,Enterprise,2024
38193,Small Business,2022
38194,Enterprise,2025
38195,Small Business,2023
38196,Consumer,2020
38197,Consumer,2023
38198,Consumer,2023
38199,Consumer,2024
38200,Consumer,2019
38201,Consumer,2025
38202,Small Business,2020
38203,Consumer,2022
38204,Consumer,2019
38205,Small Business,2020
38206,Consumer,2024
38207,Consumer,2024
38208,Consumer,2021
38209,Consumer,2019
38210,Consumer,2025
38211,Consumer,2020
38212,Consumer,2019
38213,Consumer,2020
38214,Consumer,2023
38215,Small Business,2021
38216,Consumer,2022
38217,Consumer,2019
38218,Consumer,2023
38219,Consumer,2025
38220,Consumer,2025
38221,Consumer,2025
38222,Small Business,2025
38223,Small Business,2024
38224,Small Business,2024
38225,Small Business,2024
38226,Consumer,2020
38227,Consumer,2020
38228,Consumer,2024
38229,Consumer,2020
38230,Consumer,2025
38231,Consumer,2023
38232,Enterprise,2021
38233,Consumer,2022
38234,Small Business,2021
38235,Enterprise,2020
38236,Consumer,2022
38237,Consumer,2023
38238,Consumer,2023
38239,Consumer,2021
38240,Small Business,2020
38241,Enterprise,2020
38242,Consumer,2020
38243,Consumer,2023
38244,Small Business,2021
38245,Consumer,2023
38246,Small Business,2023
38247,Consumer,2024
38248,Consumer,2019
38249,Consumer,2025
38250,Consumer,2025
38251,Consumer,2022
38252,Consumer,2022
38253,Consumer,2025
38254,Small Business,2019
38255,Consumer,2025
38256,Small Business,2024
38257,Consumer,2023
38258,Consumer,2021
38259,Consumer,2025
38260,Small Business,2024
38261,Consumer,2025
38262,Consumer,2025
38263,Enterprise,2023
38264,Consumer,2022
38265,Small Business,2021
38266,Small Business,2020
38267,Consumer,2019
38268,Consumer,2022
38269,Small Business,2023
38270,Small Business,2022
38271,Consumer,2022
38272,Small Business,2021
38273,Small Business,2021
38274,Consumer,2024
38275,Small Business,2025
38276,Consumer,2020
38277,Consumer,2023
38278,Enterprise,2024
38279,Small Business,2021
38280,Consumer,2022
38281,Consumer,2022
38282,Consumer,2023
38283,Consumer,2025
38284,Consumer,2019
38285,Consumer,2024
38286,Consumer,2020
38287,Consumer,2021
38288,Small Business,2022
38289,Small Business,2022
38290,Consumer,2024
38291,Consumer,2020
38292,Enterprise,2025
38293,Consumer,2024
38294,Consumer,2019
38295,Consumer,2022
38296,Small Business,2025
38297,Consumer,2019
38298,Enterprise,2021
38299,Enterprise,2022
38300,Enterprise,2025
38301,Small Business,2022
38302,Small Business,2019
38303,Enterprise,2023
38304,Consumer,2022
38305,Small Business,2023
38306,Consumer,2024
38307,Consumer,2019
38308,Consumer,2021
38309,Enterprise,2019
38310,Consumer,2025
38311,Consumer,2025
38312,Consumer,2025
38313,Consumer,2020
38314,Consumer,2021
38315,Consumer,2022
38316,Consumer,2019
38317,Small Business,2025
38318,Enterprise,2020
38319,Consumer,2023
38320,Consumer,2019
38321,Consumer,2019
38322,Consumer,2023
38323,Small Business,2019
38324,Small Business,2019
38325,Consumer,2020
38326,Small Business,2022
38327,Consumer,2020
38328,Enterprise,2020
38329,Consumer,2020
38330,Small Business,2025
38331,Consumer,2024
38332,Consumer,2021
38333,Consumer,2023
38334,Small Business,2023
38335,Enterprise,2020
38336,Small Business,2023
38337,Consumer,2019
38338,Consumer,2021
38339,Enterprise,2023
38340,Consumer,2024
38341,Consumer,2021
38342,Consumer,2019
38343,Small Business,2023
38344,Consumer,2023
38345,Consumer,2019
38346,Consumer,2020
38347,Consumer,2020
38348,Consumer,2019
38349,Small Business,2024
38350,Small Business,2025
38351,Enterprise,2024
38352,Consumer,2020
38353,Consumer,2020
38354,Consumer,2020
38355,Small Business,2022
38356,Consumer,2019
38357,Consumer,2020
38358,Consumer,2023
38359,Consumer,2023
38360,Small Business,2024
38361,Consumer,2021
38362,Consumer,2019
38363,Consumer,2025
38364,Consumer,2022
38365,Enterprise,2025
38366,Small Business,2024
38367,Enterprise,2019
38368,Consumer,2024
38369,Small Business,2023
38370,Consumer,2024
38371,Consumer,2023
38372,Consumer,2019
38373,Consumer,2019
38374,Consumer,2020
38375,Small Business,2020
38376,Small Business,2022
38377,Consumer,2025
38378,Consumer,2022
38379,Small Business,2021
38380,Consumer,2024
38381,Small Business,2022
38382,Consumer,2025
38383,Small Business,2022
38384,Consumer,2024
38385,Consumer,2019
38386,Consumer,2022
38387,Consumer,2022
38388,Consumer,2023
38389,Consumer,2024
38390,Consumer,2019
38391,Small Business,2021
38392,Consumer,2022
38393,Consumer,2023
38394,Consumer,2019
38395,Small Business,2023
38396,Consumer,2024
38397,Consumer,2022
38398,Small Business,2024
38399,Consumer,2022
38400,Consumer,2025
38401,Consumer,2019
38402,Enterprise,2022
38403,Consumer,2024
38404,Consumer,2019
38405,Small Business,2023
38406,Small Business,2019
38407,Consumer,2023
38408,Consumer,2025
38409,Consumer,2020
38410,Small Business,2020
38411,Consumer,2023
38412,Consumer,2021
38413,Small Business,2024
38414,Small Business,2019
38415,Consumer,2024
38416,Small Business,2024
38417,Consumer,2024
38418,Enterprise,2021
38419,Consumer,2024
38420,Consumer,2021
38421,Consumer,2021
38422,Consumer,2024
38423,Consumer,2025
38424,Consumer,2023
38425,Consumer,2025
38426,Consumer,2023
38427,Consumer,2024
38428,Consumer,2019
38429,Consumer,2020
38430,Consumer,2020
38431,Consumer,2021
38432,Consumer,2020
38433,Small Business,2023
38434,Small Business,2025
38435,Consumer,2020
38436,Consumer,2020
38437,Consumer,2025
38438,Consumer,2021
38439,Consumer,2023
38440,Consumer,2020
38441,Consumer,2025
38442,Consumer,2022
38443,Small Business,2025
38444,Consumer,2019
38445,Small Business,2022
38446,Consumer,2024
38447,Small Business,2019
38448,Consumer,2025
38449,Consumer,2024
38450,Consumer,2022
38451,Consumer,2025
38452,Consumer,2024
38453,Consumer,2020
38454,Consumer,2019
38455,Consumer,2020
38456,Enterprise,2022
38457,Consumer,2023
38458,Consumer,2020
38459,Consumer,2021
38460,Small Business,2021
38461,Enterprise,2022
38462,Consumer,2021
38463,Consumer,2022
38464,Consumer,2023
38465,Consumer,2023
38466,Consumer,2024
38467,Consumer,2025
38468,Consumer,2025
38469,Consumer,2025
38470,Consumer,2021
38471,Consumer,2023
38472,Consumer,2023
38473,Consumer,2023
38474,Small Business,2024
38475,Consumer,2024
38476,Consumer,2021
38477,Consumer,2020
38478,Small Business,2022
38479,Consumer,2023
38480,Consumer,2023
38481,Consumer,2019
38482,Consumer,2019
38483,Small Business,2024
38484,Consumer,2023
38485,Consumer,2024
38486,Consumer,2022
38487,Consumer,2024
38488,Consumer,2021
38489,Consumer,2022
38490,Consumer,2025
38491,Small Business,2025
38492,Enterprise,2019
38493,Consumer,2019
38494,Consumer,2025
38495,Small Business,2023
38496,Small Business,2023
38497,Consumer,2019
38498,Consumer,2019
38499,Consumer,2023
38500,Consumer,2020
38501,Consumer,2024
38502,Consumer,2024
38503,Consumer,2025
38504,Enterprise,2020
38505,Consumer,2021
38506,Consumer,2019
38507,Small Business,2022
38508,Enterprise,2022
38509,Consumer,2019
38510,Consumer,2025
38511,Consumer,2023
38512,Consumer,2021
38513,Consumer,2024
38514,Consumer,2022
38515,Small Business,2024
38516,Consumer,2024
38517,Small Business,2024
38518,Small Business,2023
38519,Consumer,2021
38520,Consumer,2020
38521,Small Business,2025
38522,Consumer,2022
38523,Consumer,2022
38524,Consumer,2022
38525,Consumer,2022
38526,Consumer,2019
38527,Small Business,2023
38528,Consumer,2019
38529,Consumer,2022
38530,Consumer,2023
38531,Consumer,2025
38532,Small Business,2020
38533,Consumer,2025
38534,Consumer,2024
38535,Consumer,2024
38536,Consumer,2022
38537,Consumer,2024
38538,Consumer,2019
38539,Consumer,2022
38540,Consumer,2025
38541,Small Business,2023
38542,Consumer,2024
38543,Small Business,2022
38544,Enterprise,2023
38545,Consumer,2023
38546,Small Business,2024
38547,Consumer,2022
38548,Consumer,2023
38549,Enterprise,2021
38550,Enterprise,2019
38551,Consumer,2019
38552,Consumer,2023
38553,Consumer,2023
38554,Consumer,2020
38555,Small Business,2022
38556,Consumer,2025
38557,Consumer,2024
38558,Small Business,2021
38559,Consumer,2022
38560,Consumer,2023
38561,Consumer,2024
38562,Consumer,2020
38563,Consumer,2020
38564,Consumer,2022
38565,Consumer,2025
38566,Consumer,2019
38567,Small Business,2024
38568,Consumer,2021
38569,Small Business,2021
38570,Small Business,2022
38571,Small Business,2020
38572,Consumer,2023
38573,Consumer,2022
38574,Small Business,2021
38575,Small Business,2020
38576,Consumer,2020
38577,Consumer,2020
38578,Consumer,2023
38579,Consumer,2021
38580,Consumer,2019
38581,Small Business,2025
38582,Consumer,2024
38583,Consumer,2023
38584,Consumer,2023
38585,Small Business,2023
38586,Consumer,2024
38587,Consumer,2025
38588,Small Business,2025
38589,Consumer,2021
38590,Consumer,2021
38591,Consumer,2020
38592,Consumer,2022
38593,Consumer,2021
38594,Consumer,2023
38595,Consumer,2023
38596,Consumer,2023
38597,Consumer,2019
38598,Small Business,2023
38599,Small Business,2020
38600,Consumer,2025
38601,Consumer,2019
38602,Consumer,2022
38603,Consumer,2021
38604,Consumer,2025
38605,Consumer,2019
38606,Small Business,2023
38607,Small Business,2024
38608,Consumer,2024
38609,Consumer,2021
38610,Consumer,2021
38611,Consumer,2020
38612,Consumer,2021
38613,Consumer,2021
38614,Small Business,2025
38615,Consumer,2025
38616,Consumer,2024
38617,Consumer,2021
38618,Consumer,2022
38619,Enterprise,2022
38620,Consumer,2022
38621,Small Business,2020
38622,Enterprise,2020
38623,Consumer,2023
38624,Small Business,2020
38625,Small Business,2019
38626,Consumer,2020
38627,Consumer,2025
38628,Consumer,2025
38629,Consumer,2019
38630,Small Business,2020
38631,Consumer,2024
38632,Small Business,2022
38633,Consumer,2020
38634,Consumer,2023
38635,Consumer,2023
38636,Small Business,2023
38637,Consumer,2021
38638,Consumer,2024
38639,Consumer,2020
38640,Consumer,2021
38641,Consumer,2025
38642,Small Business,2021
38643,Consumer,2019
38644,Consumer,2022
38645,Small Business,2023
38646,Consumer,2023
38647,Consumer,2020
38648,Consumer,2025
38649,Consumer,2024
38650,Consumer,2023
38651,Small Business,2024
38652,Consumer,2024
38653,Consumer,2023
38654,Small Business,2025
38655,Small Business,2021
38656,Consumer,2019
38657,Consumer,2023
38658,Consumer,2020
38659,Enterprise,2024
38660,Consumer,2019
38661,Small Business,2024
38662,Consumer,2025
38663,Small Business,2025
38664,Enterprise,2021
38665,Consumer,2024
38666,Consumer,2023
38667,Consumer,2019
38668,Small Business,2022
38669,Consumer,2024
38670,Consumer,2024
38671,Consumer,2021
38672,Small Business,2021
38673,Consumer,2023
38674,Enterprise,2019
38675,Consumer,2024
38676,Consumer,2021
38677,Consumer,2023
38678,Consumer,2022
38679,Consumer,2021
38680,Consumer,2021
38681,Small Business,2024
38682,Small Business,2020
38683,Enterprise,2025
38684,Small Business,2019
38685,Consumer,2021
38686,Consumer,2019
38687,Consumer,2021
38688,Consumer,2025
38689,Consumer,2022
38690,Consumer,2019
38691,Small Business,2023
38692,Consumer,2021
38693,Consumer,2019
38694,Consumer,2019
38695,Consumer,2022
38696,Small Business,2019
38697,Consumer,2023
38698,Consumer,2023
38699,Consumer,2025
38700,Consumer,2025
38701,Consumer,2025
38702,Small Business,2021
38703,Small Business,2020
38704,Consumer,2024
38705,Consumer,2021
38706,Consumer,2024
38707,Consumer,2024
38708,Consumer,2023
38709,Consumer,2022
38710,Consumer,2025
38711,Small Business,2022
38712,Enterprise,2020
38713,Consumer,2019
38714,Consumer,2019
38715,Consumer,2019
38716,Consumer,2022
38717,Consumer,2023
38718,Consumer,2022
38719,Enterprise,2021
38720,Consumer,2021
38721,Consumer,2022
38722,Consumer,2025
38723,Consumer,2024
38724,Consumer,2019
38725,Consumer,2020
38726,Consumer,2025
38727,Consumer,2025
38728,Consumer,2021
38729,Small Business,2020
38730,Small Business,2024
38731,Consumer,2024
38732,Consumer,2021
38733,Small Business,2019
38734,Enterprise,2022
38735,Small Business,2023
38736,Consumer,2023
38737,Small Business,2025
38738,Consumer,2022
38739,Consumer,2025
38740,Consumer,2025
38741,Small Business,2019
38742,Small Business,2022
38743,Consumer,2020
38744,Consumer,2019
38745,Consumer,2019
38746,Consumer,2024
38747,Consumer,2025
38748,Consumer,2022
38749,Consumer,2025
38750,Consumer,2023
38751,Enterprise,2019
38752,Small Business,2021
38753,Consumer,2023
38754,Consumer,2023
38755,Consumer,2023
38756,Consumer,2024
38757,Consumer,2023
38758,Consumer,2025
38759,Consumer,2023
38760,Enterprise,2021
38761,Small Business,2020
38762,Consumer,2020
38763,Consumer,2022
38764,Consumer,2022
38765,Consumer,2019
38766,Consumer,2023
38767,Consumer,2021
38768,Consumer,2022
38769,Enterprise,2023
38770,Small Business,2025
38771,Consumer,2022
38772,Small Business,2025
38773,Small Business,2023
38774,Small Business,2025
38775,Consumer,2021
38776,Consumer,2019
38777,Small Business,2020
38778,Enterprise,2020
38779,Consumer,2021
38780,Enterprise,2021
38781,Consumer,2022
38782,Consumer,2025
38783,Small Business,2019
38784,Small Business,2024
38785,Consumer,2022
38786,Small Business,2019
38787,Consumer,2024
38788,Consumer,2022
38789,Consumer,2023
38790,Consumer,2025
38791,Consumer,2020
38792,Consumer,2020
38793,Consumer,2020
38794,Consumer,2022
38795,Consumer,2025
38796,Consumer,2023
38797,Consumer,2023
38798,Consumer,2019
38799,Consumer,2021
38800,Small Business,2022
38801,Consumer,2022
38802,Consumer,2025
38803,Consumer,2021
38804,Consumer,2019
38805,Consumer,2021
38806,Small Business,2023
38807,Consumer,2021
38808,Small Business,2025
38809,Enterprise,2024
38810,Small Business,2022
38811,Small Business,2025
38812,Consumer,2020
38813,Consumer,2025
38814,Consumer,2024
38815,Consumer,2020
38816,Consumer,2021
38817,Small Business,2023
38818,Enterprise,2021
38819,Enterprise,2024
38820,Consumer,2020
38821,Small Business,2025
38822,Small Business,2025
38823,Small Business,2019
38824,Consumer,2024
38825,Consumer,2023
38826,Consumer,2019
38827,Consumer,2023
38828,Consumer,2021
38829,Consumer,2024
38830,Consumer,2025
38831,Consumer,2019
38832,Consumer,2024
38833,Small Business,2025
38834,Consumer,2021
38835,Consumer,2025
38836,Consumer,2023
38837,Consumer,2022
38838,Consumer,2019
38839,Consumer,2022
38840,Consumer,2020
38841,Consumer,2021
38842,Consumer,2025
38843,Consumer,2019
38844,Enterprise,2022
38845,Consumer,2025
38846,Consumer,2019
38847,Small Business,2020
38848,Small Business,2022
38849,Consumer,2022
38850,Enterprise,2022
38851,Consumer,2020
38852,Consumer,2025
38853,Small Business,2019
38854,Small Business,2019
38855,Consumer,2020
38856,Consumer,2024
38857,Consumer,2019
38858,Small Business,2024
38859,Consumer,2021
38860,Enterprise,2024
38861,Consumer,2020
38862,Small Business,2024
38863,Small Business,2019
38864,Consumer,2023
38865,Consumer,2019
38866,Consumer,2021
38867,Consumer,2023
38868,Consumer,2019
38869,Small Business,2025
38870,Consumer,2025
38871,Consumer,2023
38872,Consumer,2020
38873,Consumer,2023
38874,Consumer,2021
38875,Small Business,2023
38876,Small Business,2020
38877,Consumer,2023
38878,Enterprise,2021
38879,Consumer,2023
38880,Enterprise,2021
38881,Consumer,2020
38882,Consumer,2021
38883,Small Business,2025
38884,Consumer,2021
38885,Small Business,2023
38886,Small Business,2023
38887,Consumer,2023
38888,Consumer,2025
38889,Consumer,2019
38890,Consumer,2022
38891,Consumer,2025
38892,Consumer,2025
38893,Consumer,2022
38894,Consumer,2019
38895,Consumer,2021
38896,Consumer,2021
38897,Consumer,2021
38898,Small Business,2019
38899,Consumer,2025
38900,Consumer,2023
38901,Small Business,2021
38902,Consumer,2025
38903,Consumer,2024
38904,Consumer,2020
38905,Consumer,2020
38906,Small Business,2024
38907,Consumer,2025
38908,Consumer,2024
38909,Consumer,2024
38910,Consumer,2019
38911,Consumer,2020
38912,Consumer,2022
38913,Consumer,2023
38914,Consumer,2019
38915,Consumer,2019
38916,Small Business,2021
38917,Consumer,2023
38918,Small Business,2024
38919,Small Business,2024
38920,Consumer,2021
38921,Small Business,2021
38922,Enterprise,2025
38923,Consumer,2020
38924,Consumer,2024
38925,Consumer,2019
38926,Consumer,2020
38927,Consumer,2020
38928,Consumer,2021
38929,Consumer,2019
38930,Consumer,2023
38931,Consumer,2022
38932,Consumer,2023
38933,Consumer,2024
38934,Enterprise,2022
38935,Small Business,2022
38936,Consumer,2021
38937,Small Business,2023
38938,Small Business,2025
38939,Small Business,2020
38940,Small Business,2019
38941,Consumer,2024
38942,Consumer,2023
38943,Small Business,2023
38944,Small Business,2019
38945,Consumer,2022
38946,Consumer,2022
38947,Consumer,2024
38948,Consumer,2020
38949,Consumer,2023
38950,Consumer,2019
38951,Consumer,2024
38952,Consumer,2019
38953,Consumer,2022
38954,Consumer,2025
38955,Consumer,2021
38956,Consumer,2019
38957,Consumer,2023
38958,Consumer,2021
38959,Consumer,2023
38960,Consumer,2022
38961,Small Business,2021
38962,Consumer,2019
38963,Consumer,2021
38964,Consumer,2025
38965,Consumer,2025
38966,Consumer,2019
38967,Consumer,2020
38968,Small Business,2025
38969,Consumer,2024
38970,Small Business,2019
38971,Small Business,2021
38972,Consumer,2021
38973,Small Business,2025
38974,Consumer,2024
38975,Consumer,2024
38976,Consumer,2019
38977,Consumer,2023
38978,Consumer,2024
38979,Consumer,2021
38980,Consumer,2022
38981,Consumer,2020
38982,Consumer,2022
38983,Consumer,2021
38984,Enterprise,2020
38985,Consumer,2025
38986,Enterprise,2020
38987,Consumer,2020
38988,Consumer,2024
38989,Consumer,2020
38990,Consumer,2019
38991,Consumer,2023
38992,Consumer,2021
38993,Small Business,2023
38994,Consumer,2021
38995,Consumer,2019
38996,Consumer,2020
38997,Consumer,2021
38998,Enterprise,2021
38999,Consumer,2023
39000,Consumer,2019
39001,Enterprise,2023
39002,Enterprise,2020
39003,Small Business,2023
39004,Small Business,2022
39005,Consumer,2020
39006,Consumer,2022
39007,Consumer,2025
39008,Consumer,2025
39009,Small Business,2024
39010,Consumer,2022
39011,Consumer,2024
39012,Small Business,2022
39013,Consumer,2021
39014,Consumer,2019
39015,Small Business,2022
39016,Consumer,2024
39017,Consumer,2025
39018,Consumer,2022
39019,Consumer,2023
39020,Consumer,2024
39021,Consumer,2020
39022,Consumer,2020
39023,Consumer,2022
39024,Consumer,2023
39025,Small Business,2019
39026,Consumer,2024
39027,Consumer,2022
39028,Consumer,2021
39029,Small Business,2022
39030,Consumer,2022
39031,Enterprise,2024
39032,Consumer,2019
39033,Small Business,2024
39034,Consumer,2020
39035,Consumer,2025
39036,Consumer,2020
39037,Consumer,2021
39038,Small Business,2021
39039,Consumer,2020
39040,Small Business,2019
39041,Consumer,2019
39042,Consumer,2024
39043,Small Business,2019
39044,Consumer,2024
39045,Consumer,2019
39046,Consumer,2025
39047,Consumer,2020
39048,Small Business,2025
39049,Consumer,2022
39050,Consumer,2022
39051,Small Business,2022
39052,Consumer,2024
39053,Small Business,2020
39054,Enterprise,2022
39055,Small Business,2020
39056,Consumer,2024
39057,Small Business,2025
39058,Consumer,2022
39059,Consumer,2023
39060,Small Business,2024
39061,Small Business,2021
39062,Consumer,2020
39063,Small Business,2025
39064,Small Business,2023
39065,Consumer,2019
39066,Consumer,2023
39067,Small Business,2022
39068,Consumer,2020
39069,Consumer,2024
39070,Consumer,2023
39071,Small Business,2022
39072,Small Business,2021
39073,Consumer,2020
39074,Small Business,2023
39075,Consumer,2024
39076,Consumer,2023
39077,Consumer,2019
39078,Consumer,2023
39079,Consumer,2022
39080,Consumer,2023
39081,Consumer,2021
39082,Consumer,2021
39083,Consumer,2022
39084,Consumer,2023
39085,Consumer,2024
39086,Consumer,2025
39087,Small Business,2020
39088,Small Business,2019
39089,Consumer,2024
39090,Consumer,2024
39091,Consumer,2020
39092,Consumer,2019
39093,Consumer,2019
39094,Consumer,2022
39095,Consumer,2020
39096,Consumer,2020
39097,Consumer,2024
39098,Consumer,2024
39099,Consumer,2022
39100,Consumer,2019
39101,Consumer,2019
39102,Enterprise,2023
39103,Consumer,2021
39104,Small Business,2021
39105,Consumer,2024
39106,Small Business,2020
39107,Small Business,2025
39108,Consumer,2025
39109,Consumer,2023
39110,Consumer,2021
39111,Small Business,2025
39112,Consumer,2020
39113,Consumer,2025
39114,Small Business,2022
39115,Consumer,2025
39116,Consumer,2021
39117,Enterprise,2024
39118,Enterprise,2024
39119,Consumer,2021
39120,Consumer,2019
39121,Consumer,2021
39122,Consumer,2023
39123,Enterprise,2024
39124,Consumer,2021
39125,Consumer,2025
39126,Small Business,2024
39127,Consumer,2019
39128,Enterprise,2021
39129,Consumer,2022
39130,Consumer,2019
39131,Enterprise,2020
39132,Consumer,2024
39133,Consumer,2024
39134,Consumer,2019
39135,Small Business,2023
39136,Consumer,2022
39137,Small Business,2024
39138,Enterprise,2024
39139,Consumer,2025
39140,Consumer,2025
39141,Consumer,2024
39142,Enterprise,2020
39143,Consumer,2020
39144,Enterprise,2024
39145,Small Business,2023
39146,Consumer,2024
39147,Consumer,2020
39148,Consumer,2025
39149,Small Business,2020
39150,Consumer,2024
39151,Consumer,2021
39152,Consumer,2019
39153,Small Business,2024
39154,Consumer,2025
39155,Consumer,2025
39156,Consumer,2019
39157,Consumer,2022
39158,Consumer,2021
39159,Consumer,2021
39160,Consumer,2021
39161,Small Business,2019
39162,Consumer,2022
39163,Consumer,2019
39164,Small Business,2020
39165,Consumer,2024
39166,Enterprise,2019
39167,Consumer,2023
39168,Enterprise,2024
39169,Small Business,2025
39170,Enterprise,2023
39171,Consumer,2025
39172,Consumer,2022
39173,Small Business,2025
39174,Consumer,2024
39175,Consumer,2025
39176,Consumer,2025
39177,Small Business,2023
39178,Small Business,2020
39179,Small Business,2019
39180,Consumer,2021
39181,Enterprise,2021
39182,Small Business,2025
39183,Consumer,2019
39184,Consumer,2022
39185,Consumer,2025
39186,Consumer,2020
39187,Consumer,2023
39188,Consumer,2020
39189,Consumer,2021
39190,Consumer,2025
39191,Consumer,2023
39192,Small Business,2022
39193,Consumer,2025
39194,Consumer,2025
39195,Small Business,2020
39196,Consumer,2023
39197,Consumer,2023
39198,Small Business,2022
39199,Consumer,2020
39200,Small Business,2025
39201,Enterprise,2020
39202,Consumer,2021
39203,Small Business,2020
39204,Consumer,2024
39205,Enterprise,2019
39206,Consumer,2022
39207,Small Business,2024
39208,Consumer,2025
39209,Consumer,2020
39210,Small Business,2022
39211,Enterprise,2022
39212,Consumer,2021
39213,Consumer,2024
39214,Enterprise,2024
39215,Consumer,2019
39216,Consumer,2025
39217,Consumer,2021
39218,Small Business,2024
39219,Enterprise,2024
39220,Consumer,2022
39221,Small Business,2023
39222,Consumer,2022
39223,Consumer,2024
39224,Small Business,2020
39225,Consumer,2023
39226,Consumer,2019
39227,Consumer,2024
39228,Consumer,2025
39229,Consumer,2024
39230,Enterprise,2024
39231,Consumer,2024
39232,Consumer,2023
39233,Consumer,2023
39234,Small Business,2023
39235,Consumer,2022
39236,Enterprise,2019
39237,Consumer,2019
39238,Consumer,2022
39239,Consumer,2020
39240,Consumer,2025
39241,Consumer,2025
39242,Small Business,2022
39243,Consumer,2023
39244,Consumer,2023
39245,Consumer,2020
39246,Consumer,2021
39247,Small Business,2021
39248,Consumer,2019
39249,Enterprise,2019
39250,Small Business,2021
39251,Small Business,2025
39252,Consumer,2019
39253,Small Business,2022
39254,Enterprise,2023
39255,Consumer,2023
39256,Consumer,2025
39257,Small Business,2021
39258,Consumer,2021
39259,Consumer,2022
39260,Small Business,2025
39261,Small Business,2023
39262,Consumer,2019
39263,Consumer,2022
39264,Consumer,2022
39265,Consumer,2025
39266,Consumer,2023
39267,Small Business,2023
39268,Small Business,2021
39269,Enterprise,2024
39270,Enterprise,2019
39271,Enterprise,2020
39272,Consumer,2020
39273,Consumer,2022
39274,Consumer,2019
39275,Consumer,2022
39276,Enterprise,2025
39277,Consumer,2021
39278,Consumer,2019
39279,Consumer,2020
39280,Consumer,2019
39281,Small Business,2023
39282,Consumer,2024
39283,Consumer,2021
39284,Enterprise,2021
39285,Consumer,2021
39286,Consumer,2021
39287,Small Business,2023
39288,Consumer,2021
39289,Consumer,2021
39290,Consumer,2025
39291,Consumer,2024
39292,Consumer,2025
39293,Small Business,2021
39294,Consumer,2025
39295,Enterprise,2021
39296,Consumer,2021
39297,Small Business,2025
39298,Enterprise,2020
39299,Consumer,2024
39300,Consumer,2024
39301,Small Business,2025
39302,Consumer,2024
39303,Small Business,2024
39304,Consumer,2021
39305,Enterprise,2022
39306,Consumer,2023
39307,Consumer,2021
39308,Consumer,2021
39309,Consumer,2024
39310,Consumer,2019
39311,Consumer,2019
39312,Small Business,2021
39313,Consumer,2024
39314,Consumer,2025
39315,Small Business,2023
39316,Small Business,2025
39317,Small Business,2020
39318,Consumer,2019
39319,Small Business,2022
39320,Consumer,2021
39321,Consumer,2025
39322,Small Business,2019
39323,Consumer,2021
39324,Consumer,2021
39325,Consumer,2023
39326,Consumer,2021
39327,Consumer,2025
39328,Small Business,2019
39329,Small Business,2019
39330,Enterprise,2025
39331,Consumer,2022
39332,Consumer,2024
39333,Small Business,2022
39334,Consumer,2025
39335,Consumer,2022
39336,Consumer,2024
39337,Consumer,2025
39338,Consumer,2024
39339,Consumer,2020
39340,Consumer,2024
39341,Consumer,2021
39342,Consumer,2023
39343,Consumer,2023
39344,Consumer,2020
39345,Small Business,2021
39346,Consumer,2020
39347,Small Business,2019
39348,Consumer,2022
39349,Consumer,2020
39350,Small Business,2023
39351,Consumer,2020
39352,Consumer,2019
39353,Consumer,2020
39354,Consumer,2022
39355,Small Business,2019
39356,Enterprise,2025
39357,Consumer,2024
39358,Consumer,2019
39359,Consumer,2025
39360,Consumer,2021
39361,Consumer,2025
39362,Consumer,2025
39363,Small Business,2020
39364,Small Business,2021
39365,Consumer,2020
39366,Consumer,2019
39367,Enterprise,2022
39368,Consumer,2023
39369,Consumer,2022
39370,Consumer,2025
39371,Consumer,2019
39372,Consumer,2020
39373,Consumer,2025
39374,Consumer,2020
39375,Small Business,2021
39376,Consumer,2022
39377,Small Business,2020
39378,Consumer,2022
39379,Consumer,2024
39380,Enterprise,2024
39381,Consumer,2022
39382,Consumer,2025
39383,Consumer,2021
39384,Consumer,2024
39385,Consumer,2025
39386,Small Business,2021
39387,Small Business,2019
39388,Consumer,2024
39389,Consumer,2019
39390,Consumer,2023
39391,Consumer,2022
39392,Consumer,2022
39393,Consumer,2024
39394,Consumer,2023
39395,Consumer,2023
39396,Consumer,2022
39397,Consumer,2023
39398,Consumer,2023
39399,Small Business,2023
39400,Small Business,2024
39401,Consumer,2019
39402,Consumer,2019
39403,Consumer,2019
39404,Consumer,2023
39405,Consumer,2024
39406,Consumer,2020
39407,Consumer,2019
39408,Consumer,2021
39409,Small Business,2024
39410,Consumer,2022
39411,Consumer,2023
39412,Small Business,2025
39413,Consumer,2022
39414,Enterprise,2021
39415,Small Business,2019
39416,Consumer,2024
39417,Consumer,2024
39418,Small Business,2021
39419,Consumer,2023
39420,Consumer,2020
39421,Consumer,2023
39422,Small Business,2022
39423,Consumer,2020
39424,Small Business,2019
39425,Consumer,2019
39426,Consumer,2024
39427,Small Business,2019
39428,Consumer,2022
39429,Consumer,2019
39430,Small Business,2023
39431,Consumer,2021
39432,Consumer,2024
39433,Consumer,2019
39434,Small Business,2021
39435,Consumer,2021
39436,Consumer,2022
39437,Enterprise,2021
39438,Small Business,2020
39439,Consumer,2025
39440,Consumer,2024
39441,Small Business,2022
39442,Enterprise,2024
39443,Small Business,2019
39444,Consumer,2023
39445,Small Business,2023
39446,Small Business,2019
39447,Small Business,2023
39448,Small Business,2023
39449,Consumer,2022
39450,Small Business,2023
39451,Consumer,2025
39452,Consumer,2021
39453,Consumer,2020
39454,Consumer,2021
39455,Consumer,2025
39456,Consumer,2022
39457,Consumer,2025
39458,Enterprise,2024
39459,Consumer,2019
39460,Consumer,2023
39461,Consumer,2025
39462,Small Business,2022
39463,Consumer,2021
39464,Consumer,2024
39465,Consumer,2019
39466,Consumer,2025
39467,Consumer,2019
39468,Consumer,2019
39469,Consumer,2022
39470,Consumer,2019
39471,Consumer,2024
39472,Enterprise,2022
39473,Small Business,2024
39474,Small Business,2024
39475,Enterprise,2024
39476,Consumer,2019
39477,Consumer,2024
39478,Small Business,2025
39479,Consumer,2022
39480,Consumer,2019
39481,Small Business,2024
39482,Consumer,2023
39483,Consumer,2019
39484,Consumer,2024
39485,Consumer,2023
39486,Consumer,2019
39487,Consumer,2023
39488,Consumer,2024
39489,Enterprise,2025
39490,Consumer,2024
39491,Small Business,2025
39492,Enterprise,2020
39493,Consumer,2019
39494,Consumer,2020
39495,Small Business,2025
39496,Consumer,2025
39497,Consumer,2019
39498,Consumer,2025
39499,Small Business,2020
39500,Small Business,2022
39501,Consumer,2023
39502,Consumer,2019
39503,Consumer,2021
39504,Consumer,2020
39505,Consumer,2021
39506,Small Business,2021
39507,Consumer,2022
39508,Consumer,2023
39509,Consumer,2019
39510,Consumer,2024
39511,Small Business,2019
39512,Consumer,2023
39513,Consumer,2020
39514,Enterprise,2025
39515,Consumer,2021
39516,Small Business,2019
39517,Enterprise,2019
39518,Small Business,2021
39519,Consumer,2025
39520,Consumer,2021
39521,Consumer,2022
39522,Consumer,2024
39523,Consumer,2020
39524,Consumer,2023
39525,Enterprise,2021
39526,Consumer,2025
39527,Consumer,2023
39528,Consumer,2021
39529,Consumer,2022
39530,Consumer,2024
39531,Consumer,2021
39532,Consumer,2022
39533,Small Business,2024
39534,Consumer,2020
39535,Small Business,2024
39536,Consumer,2024
39537,Consumer,2022
39538,Consumer,2020
39539,Consumer,2019
39540,Consumer,2024
39541,Consumer,2021
39542,Small Business,2022
39543,Consumer,2019
39544,Consumer,2022
39545,Consumer,2019
39546,Consumer,2022
39547,Small Business,2024
39548,Consumer,2025
39549,Consumer,2024
39550,Small Business,2023
39551,Consumer,2024
39552,Consumer,2019
39553,Consumer,2023
39554,Small Business,2025
39555,Consumer,2020
39556,Consumer,2020
39557,Consumer,2025
39558,Consumer,2022
39559,Consumer,2024
39560,Enterprise,2024
39561,Consumer,2025
39562,Consumer,2019
39563,Consumer,2021
39564,Consumer,2020
39565,Consumer,2024
39566,Consumer,2025
39567,Small Business,2025
39568,Consumer,2019
39569,Consumer,2023
39570,Consumer,2022
39571,Consumer,2024
39572,Consumer,2020
39573,Consumer,2019
39574,Small Business,2021
39575,Consumer,2021
39576,Consumer,2024
39577,Consumer,2020
39578,Consumer,2025
39579,Small Business,2019
39580,Consumer,2023
39581,Consumer,2022
39582,Small Business,2021
39583,Consumer,2019
39584,Consumer,2019
39585,Small Business,2020
39586,Consumer,2021
39587,Consumer,2020
39588,Consumer,2024
39589,Consumer,2025
39590,Consumer,2024
39591,Small Business,2024
39592,Consumer,2021
39593,Small Business,2025
39594,Consumer,2020
39595,Consumer,2023
39596,Consumer,2022
39597,Consumer,2022
39598,Consumer,2024
39599,Consumer,2021
39600,Consumer,2022
39601,Consumer,2022
39602,Consumer,2022
39603,Consumer,2021
39604,Consumer,2023
39605,Consumer,2023
39606,Consumer,2019
39607,Enterprise,2022
39608,Consumer,2023
39609,Consumer,2019
39610,Consumer,2019
39611,Consumer,2022
39612,Consumer,2020
39613,Small Business,2022
39614,Consumer,2019
39615,Small Business,2024
39616,Small Business,2023
39617,Small Business,2023
39618,Consumer,2025
39619,Consumer,2023
39620,Small Business,2020
39621,Small Business,2025
39622,Consumer,2022
39623,Consumer,2023
39624,Consumer,2025
39625,Consumer,2022
39626,Consumer,2024
39627,Consumer,2025
39628,Small Business,2021
39629,Consumer,2019
39630,Consumer,2024
39631,Small Business,2024
39632,Consumer,2019
39633,Consumer,2025
39634,Small Business,2024
39635,Consumer,2020
39636,Small Business,2024
39637,Consumer,2023
39638,Consumer,2023
39639,Consumer,2022
39640,Consumer,2019
39641,Consumer,2025
39642,Consumer,2021
39643,Small Business,2021
39644,Consumer,2020
39645,Consumer,2020
39646,Small Business,2019
39647,Consumer,2024
39648,Small Business,2025
39649,Consumer,2019
39650,Consumer,2020
39651,Consumer,2022
39652,Small Business,2020
39653,Small Business,2020
39654,Small Business,2023
39655,Consumer,2025
39656,Consumer,2021
39657,Consumer,2022
39658,Consumer,2021
39659,Consumer,2021
39660,Consumer,2019
39661,Small Business,2023
39662,Consumer,2025
39663,Consumer,2024
39664,Consumer,2025
39665,Consumer,2024
39666,Consumer,2021
39667,Consumer,2024
39668,Small Business,2020
39669,Consumer,2021
39670,Consumer,2023
39671,Consumer,2021
39672,Consumer,2024
39673,Consumer,2020
39674,Consumer,2020
39675,Consumer,2024
39676,Small Business,2022
39677,Consumer,2025
39678,Consumer,2020
39679,Consumer,2024
39680,Small Business,2020
39681,Small Business,2022
39682,Enterprise,2022
39683,Consumer,2024
39684,Consumer,2021
39685,Consumer,2021
39686,Consumer,2022
39687,Consumer,2025
39688,Consumer,2021
39689,Enterprise,2022
39690,Consumer,2019
39691,Consumer,2023
39692,Consumer,2019
39693,Consumer,2019
39694,Consumer,2020
39695,Consumer,2020
39696,Consumer,2022
39697,Small Business,2020
39698,Consumer,2020
39699,Small Business,2025
39700,Small Business,2023
39701,Consumer,2019
39702,Consumer,2024
39703,Small Business,2024
39704,Consumer,2025
39705,Consumer,2022
39706,Consumer,2025
39707,Small Business,2025
39708,Consumer,2021
39709,Consumer,2019
39710,Consumer,2025
39711,Consumer,2023
39712,Consumer,2025
39713,Consumer,2019
39714,Consumer,2021
39715,Consumer,2019
39716,Consumer,2021
39717,Consumer,2024
39718,Consumer,2020
39719,Consumer,2021
39720,Consumer,2025
39721,Consumer,2021
39722,Consumer,2022
39723,Consumer,2022
39724,Consumer,2020
39725,Small Business,2025
39726,Consumer,2024
39727,Consumer,2021
39728,Consumer,2024
39729,Consumer,2022
39730,Consumer,2023
39731,Consumer,2021
39732,Small Business,2021
39733,Consumer,2025
39734,Enterprise,2020
39735,Consumer,2021
39736,Consumer,2024
39737,Enterprise,2021
39738,Consumer,2024
39739,Small Business,2021
39740,Consumer,2022
39741,Consumer,2025
39742,Consumer,2024
39743,Small Business,2025
39744,Consumer,2020
39745,Consumer,2024
39746,Small Business,2022
39747,Consumer,2024
39748,Enterprise,2021
39749,Consumer,2024
39750,Small Business,2025
39751,Consumer,2022
39752,Small Business,2021
39753,Small Business,2022
39754,Consumer,2020
39755,Small Business,2022
39756,Enterprise,2020
39757,Small Business,2023
39758,Enterprise,2025
39759,Small Business,2024
39760,Consumer,2025
39761,Small Business,2022
39762,Consumer,2024
39763,Consumer,2022
39764,Consumer,2022
39765,Consumer,2023
39766,Small Business,2023
39767,Small Business,2019
39768,Small Business,2023
39769,Consumer,2022
39770,Consumer,2019
39771,Consumer,2020
39772,Consumer,2020
39773,Small Business,2024
39774,Small Business,2021
39775,Consumer,2022
39776,Small Business,2021
39777,Consumer,2024
39778,Small Business,2022
39779,Small Business,2025
39780,Consumer,2021
39781,Small Business,2025
39782,Consumer,2023
39783,Small Business,2023
39784,Small Business,2024
39785,Small Business,2025
39786,Consumer,2025
39787,Small Business,2025
39788,Consumer,2021
39789,Small Business,2024
39790,Small Business,2021
39791,Consumer,2022
39792,Consumer,2020
39793,Consumer,2022
39794,Small Business,2022
39795,Consumer,2024
39796,Small Business,2019
39797,Enterprise,2023
39798,Consumer,2025
39799,Consumer,2024
39800,Consumer,2022
39801,Consumer,2021
39802,Small Business,2023
39803,Consumer,2023
39804,Consumer,2021
39805,Consumer,2022
39806,Small Business,2019
39807,Consumer,2021
39808,Consumer,2024
39809,Consumer,2021
39810,Consumer,2022
39811,Consumer,2025
39812,Consumer,2021
39813,Consumer,2022
39814,Consumer,2024
39815,Consumer,2024
39816,Small Business,2021
39817,Consumer,2020
39818,Consumer,2023
39819,Consumer,2019
39820,Consumer,2024
39821,Consumer,2022
39822,Small Business,2025
39823,Small Business,2021
39824,Consumer,2024
39825,Small Business,2019
39826,Consumer,2019
39827,Small Business,2022
39828,Consumer,2023
39829,Consumer,2020
39830,Small Business,2023
39831,Consumer,2023
39832,Consumer,2019
39833,Small Business,2025
39834,Consumer,2024
39835,Small Business,2021
39836,Consumer,2021
39837,Consumer,2020
39838,Consumer,2023
39839,Small Business,2023
39840,Consumer,2020
39841,Consumer,2022
39842,Consumer,2020
39843,Small Business,2021
39844,Consumer,2021
39845,Small Business,2021
39846,Consumer,2020
39847,Consumer,2019
39848,Small Business,2025
39849,Consumer,2021
39850,Consumer,2024
39851,Consumer,2025
39852,Consumer,2019
39853,Small Business,2021
39854,Enterprise,2021
39855,Consumer,2023
39856,Small Business,2025
39857,Small Business,2023
39858,Consumer,2023
39859,Small Business,2020
39860,Consumer,2022
39861,Small Business,2024
39862,Consumer,2022
39863,Consumer,2023
39864,Consumer,2021
39865,Consumer,2022
39866,Consumer,2021
39867,Consumer,2022
39868,Consumer,2020
39869,Small Business,2023
39870,Enterprise,2023
39871,Small Business,2024
39872,Consumer,2020
39873,Consumer,2021
39874,Consumer,2021
39875,Consumer,2025
39876,Consumer,2025
39877,Consumer,2022
39878,Consumer,2021
39879,Enterprise,2019
39880,Consumer,2021
39881,Consumer,2019
39882,Consumer,2021
39883,Consumer,2021
39884,Small Business,2020
39885,Consumer,2025
39886,Consumer,2024
39887,Consumer,2023
39888,Consumer,2023
39889,Consumer,2021
39890,Small Business,2020
39891,Small Business,2024
39892,Consumer,2021
39893,Small Business,2023
39894,Small Business,2022
39895,Consumer,2019
39896,Consumer,2025
39897,Small Business,2019
39898,Consumer,2021
39899,Consumer,2024
39900,Consumer,2023
39901,Consumer,2024
39902,Consumer,2025
39903,Consumer,2023
39904,Small Business,2020
39905,Consumer,2019
39906,Consumer,2024
39907,Consumer,2021
39908,Consumer,2023
39909,Consumer,2022
39910,Consumer,2020
39911,Consumer,2021
39912,Consumer,2025
39913,Consumer,2021
39914,Consumer,2024
39915,Consumer,2023
39916,Consumer,2022
39917,Consumer,2024
39918,Consumer,2022
39919,Enterprise,2023
39920,Consumer,2021
39921,Consumer,2025
39922,Consumer,2020
39923,Consumer,2022
39924,Consumer,2025
39925,Consumer,2023
39926,Small Business,2023
39927,Consumer,2019
39928,Small Business,2021
39929,Consumer,2022
39930,Consumer,2024
39931,Consumer,2024
39932,Consumer,2022
39933,Small Business,2021
39934,Small Business,2020
39935,Consumer,2022
39936,Consumer,2020
39937,Consumer,2020
39938,Consumer,2025
39939,Small Business,2022
39940,Consumer,2021
39941,Consumer,2021
39942,Consumer,2021
39943,Consumer,2024
39944,Consumer,2022
39945,Consumer,2023
39946,Consumer,2023
39947,Enterprise,2022
39948,Small Business,2022
39949,Consumer,2024
39950,Small Business,2025
39951,Consumer,2021
39952,Consumer,2021
39953,Consumer,2024
39954,Consumer,2019
39955,Consumer,2022
39956,Enterprise,2025
39957,Consumer,2023
39958,Enterprise,2020
39959,Consumer,2021
39960,Consumer,2025
39961,Enterprise,2022
39962,Consumer,2024
39963,Consumer,2024
39964,Consumer,2024
39965,Small Business,2023
39966,Consumer,2019
39967,Small Business,2021
39968,Consumer,2019
39969,Consumer,2022
39970,Small Business,2020
39971,Consumer,2023
39972,Consumer,2021
39973,Consumer,2025
39974,Consumer,2024
39975,Consumer,2020
39976,Consumer,2021
39977,Consumer,2021
39978,Consumer,2019
39979,Small Business,2024
39980,Small Business,2019
39981,Consumer,2024
39982,Consumer,2022
39983,Consumer,2022
39984,Consumer,2019
39985,Consumer,2023
39986,Consumer,2024
39987,Consumer,2021
39988,Consumer,2020
39989,Consumer,2025
39990,Enterprise,2022
39991,Consumer,2023
39992,Consumer,2024
39993,Consumer,2023
39994,Consumer,2022
39995,Consumer,2023
39996,Consumer,2025
39997,Consumer,2023
39998,Consumer,2024
39999,Consumer,2020
40000,Consumer,2020
